id_imovel,localidade,tipo,area_m2,quartos,banheiros,vagas_garagem,idade_anos,preco_venda
IMV-10000,Candangolândia,Apartamento,152.0,2.0,2.0,2.0,24.0,468757.0
IMV-10001,Riacho Fundo,Casa,126.0,4.0,5.0,2.0,30.0,366019.0
IMV-10002,Riacho Fundo,Casa,587.0,4.0,4.0,4.0,36.0,1777368.0
IMV-10003,Gama,Apartamento,78.0,3.0,2.0,1.0,14.0,262673.0
IMV-10004,Cabeceira Grande,Casa,255.0,,4.0,2.0,3.0,374877.0
IMV-10005,Cocalzinho de Goiás,,410.0,5.0,7.0,4.0,28.0,641001.0
IMV-10006,Asa Sul,Apartamento,111.0,1.0,1.0,2.0,9.0,1060391.0
IMV-10007,Jardim Botânico,Casa,382.0,5.0,5.0,3.0,6.0,2297883.0
IMV-10008,Planaltina (GO),Casa,400.0,4.0,4.0,4.0,33.0,583050.0
IMV-10009,Barro Alto,Casa,352.0,4.0,6.0,4.0,36.0,452685.0
IMV-10010,Santa Maria,Casa,375.0,3.0,5.0,4.0,6.0,1122299.0
IMV-10011,Flores de Goiás,Casa,188.0,5.0,6.0,2.0,40.0,222997.0
IMV-10012,Cocalzinho de Goiás,Casa,538.0,5.0,6.0,3.0,28.0,790539.0
IMV-10013,Vicente Pires,Casa,324.0,3.0,3.0,2.0,2.0,1509012.0
IMV-10014,Fercal,Casa,224.0,,5.0,4.0,27.0,395016.0
IMV-10015,Santo Antônio do Descoberto,Casa,296.0,,5.0,3.0,12.0,601091.0
IMV-10016,Goianésia,Casa,501.0,4.0,6.0,3.0,11.0,988020.0
IMV-10017,Águas Claras,Apartamento,177.0,4.0,3.0,1.0,12.0,1390930.0
IMV-10018,Riacho Fundo,Apartamento,158.0,1.0,1.0,1.0,1.0,668862.0
IMV-10019,Candangolândia,Casa,528.0,3.0,3.0,4.0,11.0,2152355.0
IMV-10020,Alvorada do Norte,Casa,326.0,3.0,5.0,4.0,,453706.0
IMV-10021,Cavalcante,Casa,173.0,5.0,7.0,4.0,8.0,315398.0
IMV-10022,Ceilândia,Apartamento,130.0,4.0,2.0,1.0,9.0,516727.0
IMV-10023,Sobradinho,Casa,156.0,,4.0,4.0,11.0,626233.0
IMV-10024,Flores de Goiás,Casa,389.0,4.0,4.0,,6.0,550030.0
IMV-10025,Planaltina,Apartamento,151.0,1.0,1.0,1.0,30.0,315311.0
IMV-10026,Cidade Ocidental,Casa,523.0,5.0,5.0,3.0,19.0,1204000.0
IMV-10027,Cabeceira Grande,Casa,255.0,5.0,7.0,2.0,0.0,381863.0
IMV-10028,Planaltina,Casa,237.0,,6.0,2.0,19.0,524113.0
IMV-10029,Cavalcante,Casa,140.0,5.0,5.0,2.0,40.0,205299.0
IMV-10030,Vila Boa,Casa,467.0,5.0,6.0,2.0,21.0,607575.0
IMV-10031,Cristalina,Casa,588.0,5.0,6.0,3.0,31.0,1331975.0
IMV-10032,Goianésia,Casa,438.0,5.0,5.0,2.0,39.0,829919.0
IMV-10033,Alexânia,Casa,257.0,4.0,6.0,2.0,10.0,593023.0
IMV-10034,Santa Maria,Apartamento,69.0,1.0,1.0,1.0,,191547.0
IMV-10035,Santa Maria,Apartamento,110.0,2.0,1.0,2.0,16.0,343721.0
IMV-10036,Água Quente,Casa,124.0,5.0,5.0,3.0,36.0,158588.0
IMV-10037,Vila Boa,Casa,352.0,4.0,6.0,3.0,40.0,329448.0
IMV-10038,Cidade Ocidental,,436.0,4.0,5.0,,18.0,1088432.0
IMV-10039,Sobradinho,Casa,349.0,4.0,6.0,4.0,28.0,988680.0
IMV-10040,Planaltina,Casa,147.0,,5.0,4.0,2.0,427103.0
IMV-10041,Água Fria de Goiás,Casa,206.0,5.0,7.0,4.0,13.0,281379.0
IMV-10042,Varjão,Casa,376.0,,5.0,2.0,19.0,999107.0
IMV-10043,Asa Sul,Apartamento,115.0,1.0,1.0,1.0,9.0,1240713.0
IMV-10044,Niquelândia,Casa,311.0,5.0,5.0,2.0,32.0,409949.0
IMV-10045,Simolândia,Casa,,4.0,6.0,4.0,21.0,689081.0
IMV-10046,Asa Norte,Apartamento,89.0,1.0,1.0,1.0,8.0,768639.0
IMV-10047,Arapoangas,Casa,559.0,5.0,6.0,3.0,14.0,1196912.0
IMV-10048,Valparaíso de Goiás,Apartamento,78.0,3.0,2.0,1.0,20.0,196872.0
IMV-10049,Novo Gama,Casa,223.0,4.0,5.0,2.0,36.0,423368.0
IMV-10050,Park Way,Casa,530.0,3.0,4.0,,7.0,4679437.0
IMV-10051,Riacho Fundo II,Casa,,5.0,6.0,2.0,29.0,1527745.0
IMV-10052,Lago Norte,Casa,257.0,3.0,4.0,2.0,15.0,2614520.0
IMV-10053,Flores de Goiás,Casa,181.0,3.0,4.0,4.0,7.0,294867.0
IMV-10054,Fercal,Casa,516.0,4.0,4.0,4.0,24.0,774632.0
IMV-10055,SCIA / Estrutural,Casa,266.0,3.0,3.0,,6.0,574940.0
IMV-10056,Cruzeiro,Apartamento,89.0,4.0,2.0,1.0,7.0,699903.0
IMV-10057,Asa Sul,Apartamento,99.0,4.0,3.0,2.0,24.0,778116.0
IMV-10058,Sobradinho,Casa,217.0,4.0,6.0,3.0,25.0,696002.0
IMV-10059,Planaltina (GO),Casa,497.0,4.0,5.0,4.0,0.0,1144755.0
IMV-10060,Cavalcante,Casa,210.0,3.0,5.0,2.0,19.0,363323.0
IMV-10061,Cabeceira Grande,Casa,364.0,5.0,5.0,4.0,40.0,448427.0
IMV-10062,Brazlândia,Casa,121.0,3.0,3.0,3.0,26.0,250123.0
IMV-10063,Guará,Casa,332.0,3.0,5.0,3.0,35.0,1743787.0
IMV-10064,Alvorada do Norte,Casa,198.0,4.0,4.0,,10.0,273256.0
IMV-10065,Vila Propício,Casa,204.0,4.0,5.0,2.0,,240313.0
IMV-10066,Paranoá,Apartamento,165.0,4.0,,1.0,7.0,527485.0
IMV-10067,Fercal,Casa,502.0,3.0,3.0,4.0,13.0,
IMV-10068,Asa Sul,Apartamento,145.0,3.0,1.0,2.0,3.0,1483720.0
IMV-10069,Fercal,Casa,423.0,5.0,5.0,3.0,5.0,950703.0
IMV-10070,Planaltina,Casa,353.0,3.0,4.0,3.0,9.0,892313.0
IMV-10071,Simolândia,Casa,231.0,,4.0,,33.0,276365.0
IMV-10072,Sobradinho II,Casa,573.0,5.0,6.0,4.0,36.0,1554135.0
IMV-10073,Padre Bernardo,Casa,326.0,3.0,5.0,,37.0,451958.0
IMV-10074,Santo Antônio do Descoberto,,567.0,5.0,6.0,3.0,36.0,1023948.0
IMV-10075,Abadiânia,Casa,532.0,3.0,4.0,4.0,22.0,1025283.0
IMV-10076,Vila Propício,Casa,524.0,5.0,6.0,3.0,23.0,582398.0
IMV-10077,Ponte Alta,Casa,420.0,3.0,5.0,2.0,3.0,1267362.0
IMV-10078,Park Way,Casa,589.0,4.0,4.0,2.0,16.0,4204494.0
IMV-10079,Taguatinga,Casa,360.0,5.0,7.0,4.0,5.0,1974301.0
IMV-10080,Cavalcante,Casa,270.0,4.0,6.0,4.0,38.0,451196.0
IMV-10081,,Casa,265.0,3.0,,2.0,25.0,665808.0
IMV-10082,SIA,,81.0,2.0,2.0,2.0,17.0,366382.0
IMV-10083,Simolândia,Casa,371.0,3.0,3.0,3.0,24.0,513601.0
IMV-10084,Pirenópolis,Casa,,3.0,3.0,3.0,16.0,759182.0
IMV-10085,Núcleo Bandeirante,Apartamento,155.0,3.0,3.0,,38.0,516553.0
IMV-10086,Varjão,Apartamento,58.0,3.0,3.0,0.0,39.0,158656.0
IMV-10087,Águas Lindas de Goiás,Casa,133.0,3.0,5.0,4.0,24.0,281751.0
IMV-10088,Ceilândia,Apartamento,113.0,1.0,1.0,1.0,27.0,275851.0
IMV-10089,Abadiânia,Casa,459.0,4.0,5.0,3.0,34.0,704612.0
IMV-10090,Pirenópolis,Casa,179.0,3.0,3.0,3.0,40.0,531914.0
IMV-10091,Riacho Fundo,Casa,589.0,3.0,5.0,3.0,33.0,1801200.0
IMV-10092,Paranoá,,576.0,4.0,4.0,2.0,3.0,1962164.0
IMV-10093,Goianésia,,474.0,5.0,7.0,2.0,32.0,983935.0
IMV-10094,Barro Alto,Casa,147.0,5.0,6.0,3.0,29.0,185887.0
IMV-10095,Vicente Pires,Casa,223.0,3.0,4.0,3.0,31.0,630927.0
IMV-10096,Arniqueira,Casa,254.0,3.0,3.0,3.0,25.0,1033185.0
IMV-10097,Samambaia,Apartamento,,4.0,,0.0,38.0,152448.0
IMV-10098,Varjão,Casa,194.0,5.0,5.0,2.0,10.0,545326.0
IMV-10099,Guará,Apartamento,146.0,1.0,1.0,,28.0,715466.0
IMV-10100,Brazlândia,Casa,504.0,3.0,5.0,3.0,9.0,1525348.0
IMV-10101,Paranoá,Casa,320.0,5.0,6.0,3.0,8.0,930738.0
IMV-10102,Planaltina,Casa,546.0,4.0,6.0,4.0,4.0,1760359.0
IMV-10103,Niquelândia,Casa,486.0,4.0,4.0,,5.0,
IMV-10104,Alvorada do Norte,Casa,585.0,,4.0,4.0,21.0,806690.0
IMV-10105,Vila Propício,Casa,600.0,3.0,3.0,2.0,3.0,911449.0
IMV-10106,Gama,Casa,202.0,5.0,6.0,2.0,35.0,572571.0
IMV-10107,,Casa,273.0,3.0,5.0,2.0,25.0,563837.0
IMV-10108,Santa Maria,Casa,203.0,5.0,7.0,3.0,2.0,651872.0
IMV-10109,Samambaia,Apartamento,85.0,3.0,3.0,2.0,16.0,320142.0
IMV-10110,Cabeceira Grande,Casa,232.0,5.0,6.0,3.0,18.0,355322.0
IMV-10111,Planaltina,Casa,429.0,3.0,4.0,2.0,8.0,1164013.0
IMV-10112,Novo Gama,Casa,436.0,5.0,,4.0,20.0,759597.0
IMV-10113,Riacho Fundo II,Casa,314.0,3.0,4.0,,1.0,1098197.0
IMV-10114,Valparaíso de Goiás,Apartamento,52.0,2.0,2.0,1.0,37.0,108083.0
IMV-10115,Varjão,Casa,216.0,4.0,5.0,2.0,10.0,587954.0
IMV-10116,Cabeceiras,Casa,305.0,4.0,4.0,4.0,3.0,537499.0
IMV-10117,Cabeceira Grande,Casa,451.0,3.0,4.0,,31.0,530348.0
IMV-10118,Lago Norte,Casa,484.0,4.0,6.0,4.0,28.0,4130642.0
IMV-10119,,Casa,229.0,4.0,6.0,4.0,38.0,805784.0
IMV-10120,Varjão,Casa,347.0,3.0,3.0,3.0,14.0,905331.0
IMV-10121,Asa Sul,,43.0,3.0,3.0,1.0,34.0,
IMV-10122,Recanto das Emas,Apartamento,,4.0,2.0,2.0,39.0,201024.0
IMV-10123,Abadiânia,Casa,261.0,5.0,5.0,4.0,29.0,477601.0
IMV-10124,Noroeste,Apartamento,61.0,4.0,2.0,0.0,2.0,906511.0
IMV-10125,Ponte Alta,Casa,480.0,5.0,5.0,4.0,40.0,967240.0
IMV-10126,Lago Norte,Casa,198.0,4.0,,4.0,29.0,1299298.0
IMV-10127,Planaltina (GO),Casa,151.0,,6.0,3.0,21.0,323618.0
IMV-10128,,Casa,477.0,3.0,3.0,3.0,40.0,1003612.0
IMV-10129,Cristalina,Casa,389.0,4.0,,3.0,5.0,1192610.0
IMV-10130,Núcleo Bandeirante,Apartamento,162.0,2.0,,1.0,33.0,545357.0
IMV-10131,Planaltina,Casa,537.0,5.0,6.0,3.0,2.0,1568321.0
IMV-10132,Vicente Pires,,148.0,5.0,5.0,,15.0,528386.0
IMV-10133,Riacho Fundo,Casa,126.0,3.0,5.0,3.0,6.0,508165.0
IMV-10134,Samambaia,Apartamento,70.0,2.0,1.0,1.0,31.0,200113.0
IMV-10135,Sol Nascente / Pôr do Sol,Casa,565.0,5.0,5.0,3.0,21.0,1070298.0
IMV-10136,Alexânia,Casa,560.0,4.0,5.0,4.0,32.0,1124017.0
IMV-10137,Novo Gama,Casa,522.0,4.0,,3.0,18.0,944005.0
IMV-10138,Sobradinho,Casa,193.0,5.0,7.0,4.0,39.0,541357.0
IMV-10139,Abadiânia,Casa,372.0,5.0,5.0,,,635024.0
IMV-10140,Cabeceira Grande,Casa,364.0,3.0,4.0,4.0,4.0,601070.0
IMV-10141,Vila Propício,Casa,200.0,5.0,7.0,4.0,15.0,
IMV-10142,Sudoeste / Octogonal,Apartamento,88.0,1.0,,2.0,25.0,894922.0
IMV-10143,Lago Norte,Casa,156.0,3.0,5.0,3.0,31.0,1068805.0
IMV-10144,Niquelândia,,283.0,3.0,5.0,2.0,37.0,322831.0
IMV-10145,,Casa,259.0,4.0,5.0,3.0,28.0,490149.0
IMV-10146,Águas Lindas de Goiás,Apartamento,167.0,3.0,2.0,1.0,,325607.0
IMV-10147,Brazlândia,Casa,526.0,4.0,6.0,4.0,9.0,1416978.0
IMV-10148,Barro Alto,Casa,195.0,5.0,5.0,4.0,9.0,383491.0
IMV-10149,Cavalcante,Casa,378.0,4.0,5.0,3.0,19.0,705270.0
IMV-10150,Flores de Goiás,Casa,,4.0,4.0,4.0,24.0,170664.0
IMV-10151,Noroeste,Apartamento,152.0,2.0,1.0,2.0,23.0,1608450.0
IMV-10152,Riacho Fundo II,Apartamento,160.0,3.0,2.0,2.0,5.0,474087.0
IMV-10153,Sudoeste / Octogonal,,117.0,4.0,2.0,1.0,17.0,1301166.0
IMV-10154,Ceilândia,Casa,164.0,3.0,5.0,2.0,9.0,494509.0
IMV-10155,Barro Alto,Casa,509.0,5.0,7.0,2.0,10.0,
IMV-10156,Varjão,Casa,299.0,3.0,,4.0,14.0,936155.0
IMV-10157,Vila Propício,Casa,508.0,4.0,5.0,3.0,2.0,893716.0
IMV-10158,Goianésia,Casa,242.0,4.0,6.0,4.0,24.0,437662.0
IMV-10159,Santa Maria,Apartamento,103.0,1.0,1.0,2.0,8.0,378666.0
IMV-10160,Guará,Apartamento,152.0,1.0,1.0,2.0,,1181768.0
IMV-10161,Abadiânia,Casa,476.0,4.0,4.0,2.0,13.0,876841.0
IMV-10162,Alvorada do Norte,Casa,,5.0,6.0,2.0,21.0,611101.0
IMV-10163,Cristalina,Casa,220.0,3.0,3.0,4.0,10.0,660127.0
IMV-10164,Guará,Apartamento,134.0,1.0,1.0,1.0,14.0,891417.0
IMV-10165,Ponte Alta,Casa,537.0,4.0,4.0,2.0,29.0,1047515.0
IMV-10166,Núcleo Bandeirante,Casa,,5.0,7.0,3.0,34.0,631730.0
IMV-10167,Recanto das Emas,Apartamento,92.0,4.0,4.0,2.0,33.0,224096.0
IMV-10168,São Sebastião,Casa,184.0,3.0,5.0,2.0,27.0,433221.0
IMV-10169,Sol Nascente / Pôr do Sol,,116.0,2.0,1.0,2.0,29.0,171640.0
IMV-10170,Formosa,Casa,552.0,3.0,5.0,4.0,25.0,1468997.0
IMV-10171,Água Fria de Goiás,Casa,383.0,5.0,6.0,4.0,6.0,662717.0
IMV-10172,Itapoã,Casa,229.0,3.0,4.0,3.0,30.0,558084.0
IMV-10173,Cocalzinho de Goiás,Casa,568.0,4.0,6.0,4.0,26.0,1155642.0
IMV-10174,Candangolândia,Apartamento,129.0,3.0,,2.0,9.0,482595.0
IMV-10175,Santo Antônio do Descoberto,Casa,571.0,5.0,5.0,2.0,35.0,804367.0
IMV-10176,Samambaia,Apartamento,174.0,2.0,2.0,2.0,39.0,529194.0
IMV-10177,Itapoã,,534.0,5.0,6.0,4.0,34.0,1210181.0
IMV-10178,Água Fria de Goiás,Casa,553.0,3.0,5.0,3.0,12.0,
IMV-10179,Ponte Alta,Casa,129.0,4.0,5.0,4.0,11.0,360434.0
IMV-10180,Vicente Pires,Casa,188.0,4.0,6.0,3.0,13.0,779116.0
IMV-10181,Lago Norte,,330.0,5.0,6.0,2.0,35.0,2215640.0
IMV-10182,Sobradinho II,Casa,428.0,5.0,7.0,4.0,0.0,1780863.0
IMV-10183,Vila Propício,Casa,294.0,5.0,7.0,2.0,36.0,304368.0
IMV-10184,Goianésia,,225.0,3.0,3.0,2.0,2.0,530874.0
IMV-10185,São João d’Aliança,Casa,259.0,3.0,4.0,3.0,7.0,573539.0
IMV-10186,Alto Paraíso de Goiás,Casa,510.0,5.0,5.0,2.0,27.0,1508977.0
IMV-10187,Vicente Pires,Casa,,5.0,7.0,4.0,18.0,2082475.0
IMV-10188,Águas Lindas de Goiás,Casa,487.0,3.0,3.0,2.0,0.0,1453818.0
IMV-10189,Paranoá,Casa,449.0,4.0,6.0,3.0,36.0,967851.0
IMV-10190,Formosa,Casa,598.0,5.0,6.0,2.0,,1433015.0
IMV-10191,Vila Propício,Casa,121.0,5.0,,,12.0,158320.0
IMV-10192,Abadiânia,Casa,186.0,,3.0,2.0,30.0,272237.0
IMV-10193,Jardim Botânico,Casa,295.0,5.0,7.0,2.0,6.0,1872766.0
IMV-10194,Guará,Apartamento,46.0,3.0,,0.0,4.0,303969.0
IMV-10195,,Casa,,3.0,4.0,4.0,13.0,457009.0
IMV-10196,Lago Norte,Casa,315.0,4.0,5.0,4.0,22.0,2330977.0
IMV-10197,Alvorada do Norte,Casa,279.0,3.0,5.0,2.0,14.0,459421.0
IMV-10198,Valparaíso de Goiás,Apartamento,67.0,3.0,1.0,,16.0,173835.0
IMV-10199,Fercal,Casa,509.0,4.0,6.0,3.0,11.0,902355.0
IMV-10200,Candangolândia,Casa,480.0,5.0,6.0,2.0,36.0,1453665.0
IMV-10201,Ceilândia,Casa,288.0,4.0,5.0,2.0,4.0,
IMV-10202,Park Way,Casa,436.0,5.0,7.0,2.0,4.0,3799859.0
IMV-10203,Santa Maria,Apartamento,128.0,1.0,1.0,2.0,17.0,384734.0
IMV-10204,Sudoeste / Octogonal,Apartamento,124.0,,1.0,2.0,2.0,
IMV-10205,Mimoso de Goiás,Casa,257.0,,6.0,2.0,36.0,
IMV-10206,Arapoangas,Casa,332.0,4.0,5.0,3.0,18.0,713980.0
IMV-10207,Águas Claras,Apartamento,140.0,1.0,1.0,1.0,9.0,1044944.0
IMV-10208,Cavalcante,Casa,178.0,5.0,6.0,4.0,20.0,279160.0
IMV-10209,,,567.0,4.0,4.0,4.0,17.0,1147410.0
IMV-10210,Padre Bernardo,Casa,292.0,3.0,5.0,3.0,,565897.0
IMV-10211,Paranoá,Apartamento,50.0,1.0,1.0,0.0,35.0,129255.0
IMV-10212,Ceilândia,Casa,295.0,4.0,5.0,3.0,35.0,710462.0
IMV-10213,Santa Maria,Apartamento,47.0,1.0,1.0,1.0,36.0,126054.0
IMV-10214,Noroeste,Apartamento,77.0,1.0,1.0,1.0,24.0,715129.0
IMV-10215,Cabeceiras,Casa,334.0,4.0,5.0,2.0,20.0,435584.0
IMV-10216,SCIA / Estrutural,Apartamento,154.0,3.0,3.0,2.0,12.0,334695.0
IMV-10217,Asa Norte,Apartamento,132.0,2.0,2.0,1.0,23.0,972011.0
IMV-10218,Planaltina (GO),Casa,164.0,4.0,5.0,2.0,21.0,338046.0
IMV-10219,SCIA / Estrutural,Casa,282.0,4.0,4.0,2.0,30.0,538249.0
IMV-10220,Noroeste,Apartamento,122.0,1.0,1.0,1.0,25.0,1167736.0
IMV-10221,,Apartamento,57.0,3.0,1.0,1.0,40.0,387828.0
IMV-10222,SCIA / Estrutural,Casa,299.0,5.0,6.0,3.0,14.0,585895.0
IMV-10223,Varjão,Casa,571.0,4.0,5.0,2.0,18.0,1679195.0
IMV-10224,Itapoã,Apartamento,58.0,4.0,2.0,0.0,33.0,116596.0
IMV-10225,Pirenópolis,Casa,408.0,3.0,3.0,3.0,37.0,1337414.0
IMV-10226,Cabeceiras,Casa,305.0,4.0,4.0,4.0,2.0,483519.0
IMV-10227,Arniqueira,Casa,473.0,5.0,6.0,2.0,35.0,1497212.0
IMV-10228,Núcleo Bandeirante,Casa,251.0,5.0,7.0,4.0,,1205536.0
IMV-10229,Água Fria de Goiás,Casa,363.0,3.0,4.0,4.0,4.0,650832.0
IMV-10230,Riacho Fundo,Casa,208.0,5.0,,,34.0,
IMV-10231,Núcleo Bandeirante,Casa,414.0,5.0,5.0,4.0,,1576177.0
IMV-10232,Cabeceira Grande,,546.0,5.0,6.0,4.0,15.0,683374.0
IMV-10233,Gama,Casa,395.0,3.0,3.0,2.0,32.0,989183.0
IMV-10234,,,89.0,4.0,1.0,2.0,27.0,708355.0
IMV-10235,Cabeceira Grande,Casa,,3.0,3.0,3.0,29.0,527124.0
IMV-10236,Lago Sul,Casa,424.0,3.0,3.0,2.0,,3549564.0
IMV-10237,Simolândia,Casa,316.0,3.0,3.0,2.0,23.0,346524.0
IMV-10238,Recanto das Emas,Apartamento,136.0,2.0,2.0,2.0,15.0,404399.0
IMV-10239,São João d’Aliança,Casa,226.0,3.0,4.0,4.0,26.0,349249.0
IMV-10240,Cocalzinho de Goiás,Casa,332.0,4.0,6.0,4.0,7.0,774553.0
IMV-10241,Água Quente,Casa,447.0,5.0,6.0,2.0,35.0,641832.0
IMV-10242,Alvorada do Norte,Casa,341.0,5.0,5.0,,17.0,522590.0
IMV-10243,Luziânia,Casa,,3.0,3.0,4.0,2.0,1757216.0
IMV-10244,Gama,Apartamento,180.0,,1.0,1.0,1.0,740473.0
IMV-10245,Formosa,Casa,173.0,3.0,3.0,4.0,17.0,
IMV-10246,Varjão,Apartamento,138.0,3.0,2.0,2.0,,353222.0
IMV-10247,Itapoã,Apartamento,99.0,2.0,2.0,1.0,22.0,239268.0
IMV-10248,Água Fria de Goiás,Casa,466.0,4.0,5.0,4.0,1.0,952439.0
IMV-10249,Vila Boa,Casa,480.0,3.0,5.0,4.0,15.0,568843.0
IMV-10250,Abadiânia,Casa,151.0,4.0,4.0,4.0,21.0,292582.0
IMV-10251,Cristalina,Casa,218.0,5.0,,4.0,39.0,532052.0
IMV-10252,São Sebastião,Casa,493.0,4.0,5.0,3.0,23.0,1243578.0
IMV-10253,Mimoso de Goiás,Casa,562.0,3.0,4.0,4.0,22.0,602820.0
IMV-10254,Padre Bernardo,Casa,183.0,5.0,6.0,2.0,21.0,347238.0
IMV-10255,Park Way,Casa,258.0,3.0,,3.0,3.0,2263504.0
IMV-10256,Cabeceira Grande,Casa,444.0,,5.0,3.0,,493235.0
IMV-10257,Lago Norte,Casa,279.0,5.0,7.0,3.0,5.0,2901325.0
IMV-10258,Ceilândia,Casa,335.0,5.0,6.0,,5.0,1164114.0
IMV-10259,Águas Lindas de Goiás,Casa,448.0,,4.0,4.0,7.0,978858.0
IMV-10260,Luziânia,Casa,547.0,5.0,5.0,2.0,35.0,1155713.0
IMV-10261,Cocalzinho de Goiás,Casa,430.0,3.0,5.0,4.0,9.0,1007787.0
IMV-10262,Niquelândia,Casa,427.0,5.0,5.0,2.0,0.0,873917.0
IMV-10263,Guará,,121.0,2.0,1.0,2.0,18.0,718180.0
IMV-10264,Itapoã,Apartamento,104.0,3.0,2.0,1.0,16.0,269429.0
IMV-10265,Cavalcante,Casa,546.0,5.0,7.0,2.0,21.0,1102327.0
IMV-10266,Alvorada do Norte,,584.0,,5.0,3.0,,742442.0
IMV-10267,Cavalcante,Casa,130.0,3.0,,3.0,7.0,246048.0
IMV-10268,Samambaia,Apartamento,57.0,1.0,1.0,1.0,,193034.0
IMV-10269,Sol Nascente / Pôr do Sol,Casa,210.0,3.0,3.0,3.0,12.0,399872.0
IMV-10270,Varjão,Casa,264.0,5.0,6.0,4.0,33.0,679018.0
IMV-10271,Formosa,Casa,307.0,3.0,4.0,3.0,17.0,979700.0
IMV-10272,Cidade Ocidental,Casa,351.0,5.0,6.0,3.0,22.0,857106.0
IMV-10273,Águas Claras,Apartamento,106.0,2.0,2.0,1.0,7.0,812063.0
IMV-10274,Arapoangas,Casa,449.0,4.0,4.0,3.0,8.0,977493.0
IMV-10275,Arapoangas,Casa,555.0,4.0,6.0,3.0,36.0,
IMV-10276,,Casa,584.0,4.0,5.0,2.0,30.0,954880.0
IMV-10277,Riacho Fundo,Apartamento,79.0,1.0,1.0,1.0,31.0,242368.0
IMV-10278,Novo Gama,Casa,549.0,4.0,5.0,4.0,35.0,1020814.0
IMV-10279,Arapoangas,Casa,214.0,,4.0,2.0,26.0,452089.0
IMV-10280,Alto Paraíso de Goiás,Casa,137.0,3.0,4.0,2.0,36.0,344311.0
IMV-10281,Santa Maria,,,3.0,1.0,0.0,19.0,146830.0
IMV-10282,Planaltina (GO),Casa,438.0,4.0,5.0,2.0,36.0,726972.0
IMV-10283,Santo Antônio do Descoberto,Casa,253.0,5.0,5.0,2.0,25.0,466094.0
IMV-10284,,Apartamento,80.0,4.0,3.0,,5.0,298274.0
IMV-10285,Pirenópolis,Casa,387.0,3.0,5.0,3.0,30.0,1207417.0
IMV-10286,Flores de Goiás,Casa,169.0,4.0,4.0,4.0,23.0,
IMV-10287,Formosa,Casa,431.0,5.0,7.0,4.0,5.0,1218350.0
IMV-10288,Santo Antônio do Descoberto,,330.0,,5.0,4.0,21.0,
IMV-10289,Paranoá,Apartamento,41.0,1.0,1.0,1.0,15.0,112902.0
IMV-10290,Planaltina (GO),Casa,397.0,4.0,6.0,3.0,29.0,720115.0
IMV-10291,Fercal,Casa,195.0,5.0,,3.0,33.0,284535.0
IMV-10292,Cristalina,Casa,590.0,5.0,6.0,2.0,16.0,1306470.0
IMV-10293,Cabeceiras,Casa,272.0,5.0,5.0,4.0,22.0,376105.0
IMV-10294,Riacho Fundo,Apartamento,97.0,3.0,3.0,2.0,8.0,376712.0
IMV-10295,Água Quente,Casa,476.0,4.0,5.0,3.0,17.0,723791.0
IMV-10296,Paranoá,Apartamento,105.0,4.0,2.0,1.0,12.0,278832.0
IMV-10297,Simolândia,Casa,506.0,4.0,4.0,4.0,7.0,799036.0
IMV-10298,Cabeceiras,Casa,492.0,4.0,6.0,4.0,15.0,798393.0
IMV-10299,Luziânia,Casa,233.0,4.0,4.0,2.0,15.0,472389.0
IMV-10300,Vila Boa,Casa,302.0,3.0,3.0,2.0,7.0,440092.0
IMV-10301,São Sebastião,Casa,233.0,5.0,5.0,2.0,31.0,548570.0
IMV-10302,Luziânia,,217.0,4.0,4.0,3.0,29.0,398264.0
IMV-10303,Sobradinho,Casa,254.0,,5.0,3.0,25.0,970886.0
IMV-10304,Brazlândia,Casa,348.0,,3.0,4.0,13.0,1024564.0
IMV-10305,Mimoso de Goiás,Casa,173.0,4.0,4.0,3.0,39.0,
IMV-10306,Park Way,Casa,437.0,4.0,6.0,3.0,15.0,3032988.0
IMV-10307,,Casa,135.0,4.0,5.0,4.0,6.0,338894.0
IMV-10308,Águas Lindas de Goiás,Apartamento,116.0,4.0,4.0,1.0,27.0,204597.0
IMV-10309,Flores de Goiás,Casa,439.0,5.0,5.0,2.0,1.0,592787.0
IMV-10310,Planaltina,Casa,203.0,5.0,5.0,4.0,3.0,662727.0
IMV-10311,Niquelândia,Casa,559.0,5.0,5.0,3.0,23.0,937441.0
IMV-10312,Guará,Casa,588.0,5.0,7.0,2.0,0.0,4500331.0
IMV-10313,Águas Lindas de Goiás,Casa,407.0,,3.0,2.0,1.0,972729.0
IMV-10314,Núcleo Bandeirante,Casa,,3.0,4.0,3.0,25.0,2276452.0
IMV-10315,Vila Boa,Casa,125.0,5.0,5.0,4.0,32.0,143589.0
IMV-10316,Vicente Pires,Casa,567.0,4.0,6.0,4.0,28.0,1961406.0
IMV-10317,Cocalzinho de Goiás,Casa,305.0,4.0,6.0,4.0,7.0,696474.0
IMV-10318,Riacho Fundo,,79.0,,4.0,2.0,2.0,352945.0
IMV-10319,Noroeste,Apartamento,49.0,2.0,1.0,1.0,18.0,599352.0
IMV-10320,Ceilândia,Apartamento,168.0,3.0,1.0,1.0,1.0,706785.0
IMV-10321,Cavalcante,Casa,411.0,5.0,5.0,2.0,3.0,959922.0
IMV-10322,Lago Sul,Casa,472.0,4.0,,4.0,12.0,5603850.0
IMV-10323,Vicente Pires,Casa,288.0,3.0,3.0,3.0,9.0,1308276.0
IMV-10324,Niquelândia,Casa,125.0,3.0,3.0,2.0,10.0,231108.0
IMV-10325,Cristalina,Casa,456.0,3.0,,4.0,18.0,1251197.0
IMV-10326,Fercal,Casa,171.0,4.0,,4.0,16.0,309478.0
IMV-10327,São Sebastião,Casa,433.0,3.0,4.0,2.0,15.0,1380327.0
IMV-10328,Sobradinho II,Casa,594.0,5.0,7.0,3.0,33.0,1658336.0
IMV-10329,Núcleo Bandeirante,Apartamento,153.0,1.0,1.0,2.0,,594946.0
IMV-10330,Recanto das Emas,Apartamento,84.0,3.0,1.0,1.0,39.0,174232.0
IMV-10331,Abadiânia,Casa,169.0,3.0,3.0,2.0,0.0,374989.0
IMV-10332,Arapoangas,Casa,529.0,3.0,3.0,3.0,7.0,1239957.0
IMV-10333,SIA,Apartamento,97.0,1.0,1.0,1.0,26.0,
IMV-10334,Sobradinho II,Casa,400.0,3.0,5.0,4.0,9.0,1303808.0
IMV-10335,Cidade Ocidental,Casa,553.0,4.0,6.0,3.0,9.0,1418142.0
IMV-10336,Sobradinho,Casa,348.0,3.0,4.0,2.0,7.0,1307328.0
IMV-10337,Águas Claras,Apartamento,86.0,4.0,4.0,1.0,23.0,572093.0
IMV-10338,Ceilândia,Apartamento,122.0,2.0,2.0,1.0,8.0,364441.0
IMV-10339,Riacho Fundo,Casa,,4.0,5.0,3.0,29.0,1185835.0
IMV-10340,SIA,Apartamento,140.0,2.0,2.0,2.0,10.0,688726.0
IMV-10341,,Apartamento,141.0,3.0,2.0,1.0,18.0,1533445.0
IMV-10342,Alto Paraíso de Goiás,Casa,324.0,5.0,7.0,4.0,24.0,1026603.0
IMV-10343,Alto Paraíso de Goiás,Casa,406.0,5.0,7.0,3.0,1.0,1746634.0
IMV-10344,Flores de Goiás,Casa,305.0,5.0,5.0,3.0,,532488.0
IMV-10345,Água Fria de Goiás,Casa,347.0,4.0,5.0,3.0,9.0,501751.0
IMV-10346,São João d’Aliança,,195.0,4.0,5.0,3.0,14.0,378047.0
IMV-10347,26 de Setembro,Casa,392.0,5.0,6.0,2.0,36.0,
IMV-10348,Sudoeste / Octogonal,Apartamento,164.0,2.0,2.0,2.0,7.0,1889620.0
IMV-10349,Cristalina,Casa,181.0,4.0,5.0,4.0,38.0,334459.0
IMV-10350,Paranoá,Casa,221.0,4.0,5.0,3.0,18.0,560381.0
IMV-10351,Pirenópolis,Casa,329.0,5.0,7.0,4.0,1.0,1601424.0
IMV-10352,Formosa,Casa,578.0,3.0,4.0,,6.0,2103123.0
IMV-10353,Planaltina (GO),Casa,414.0,3.0,5.0,4.0,,867310.0
IMV-10354,Padre Bernardo,Casa,407.0,3.0,4.0,2.0,39.0,564882.0
IMV-10355,Alvorada do Norte,Casa,475.0,3.0,5.0,4.0,40.0,505030.0
IMV-10356,Candangolândia,Apartamento,51.0,3.0,3.0,0.0,25.0,145827.0
IMV-10357,São João d’Aliança,Casa,345.0,3.0,4.0,4.0,30.0,574052.0
IMV-10358,Planaltina (GO),Casa,173.0,4.0,5.0,,34.0,287461.0
IMV-10359,Santo Antônio do Descoberto,Casa,126.0,5.0,5.0,2.0,35.0,184361.0
IMV-10360,Núcleo Bandeirante,Apartamento,,4.0,1.0,1.0,32.0,412488.0
IMV-10361,Águas Lindas de Goiás,Casa,525.0,4.0,4.0,4.0,28.0,856517.0
IMV-10362,Santa Maria,Casa,315.0,4.0,6.0,3.0,23.0,851940.0
IMV-10363,Guará,Casa,552.0,3.0,3.0,3.0,30.0,2842143.0
IMV-10364,Pirenópolis,Casa,336.0,5.0,7.0,2.0,18.0,1102067.0
IMV-10365,Simolândia,Casa,328.0,4.0,4.0,3.0,26.0,424763.0
IMV-10366,Cavalcante,Casa,148.0,,6.0,3.0,19.0,270685.0
IMV-10367,SCIA / Estrutural,Casa,256.0,3.0,3.0,4.0,35.0,453905.0
IMV-10368,Vila Propício,Casa,294.0,5.0,7.0,3.0,26.0,314601.0
IMV-10369,Formosa,,371.0,4.0,4.0,4.0,16.0,1078810.0
IMV-10370,Asa Norte,Apartamento,176.0,4.0,4.0,1.0,15.0,1589929.0
IMV-10371,Brazlândia,,524.0,5.0,7.0,2.0,17.0,1294836.0
IMV-10372,Vicente Pires,,508.0,5.0,6.0,2.0,40.0,1829992.0
IMV-10373,Vicente Pires,Casa,264.0,5.0,6.0,4.0,20.0,1033704.0
IMV-10374,Alvorada do Norte,Casa,455.0,4.0,6.0,4.0,16.0,662851.0
IMV-10375,Taguatinga,Apartamento,53.0,4.0,4.0,1.0,26.0,208501.0
IMV-10376,,Casa,509.0,5.0,6.0,3.0,8.0,1984613.0
IMV-10377,Cruzeiro,Apartamento,138.0,2.0,2.0,1.0,39.0,641330.0
IMV-10378,Formosa,,187.0,3.0,5.0,,35.0,387317.0
IMV-10379,Park Way,Casa,,4.0,6.0,,16.0,1232930.0
IMV-10380,Abadiânia,Casa,152.0,4.0,5.0,3.0,0.0,391179.0
IMV-10381,Goianésia,Casa,430.0,,7.0,2.0,4.0,938414.0
IMV-10382,Luziânia,Casa,547.0,5.0,7.0,4.0,6.0,1284247.0
IMV-10383,Mimoso de Goiás,,550.0,3.0,3.0,4.0,32.0,649319.0
IMV-10384,Lago Sul,Casa,165.0,3.0,5.0,3.0,31.0,1229845.0
IMV-10385,Cristalina,Casa,212.0,3.0,3.0,3.0,27.0,460376.0
IMV-10386,Pirenópolis,Casa,462.0,4.0,5.0,4.0,7.0,1662711.0
IMV-10387,Novo Gama,Casa,426.0,3.0,4.0,3.0,15.0,1000664.0
IMV-10388,São Sebastião,Casa,142.0,3.0,3.0,2.0,18.0,414356.0
IMV-10389,Água Fria de Goiás,Casa,447.0,4.0,4.0,3.0,7.0,677137.0
IMV-10390,,Apartamento,109.0,3.0,3.0,1.0,25.0,303504.0
IMV-10391,Pirenópolis,Casa,221.0,3.0,,3.0,21.0,841465.0
IMV-10392,SCIA / Estrutural,Casa,306.0,4.0,6.0,2.0,2.0,669917.0
IMV-10393,Varjão,Apartamento,145.0,3.0,2.0,2.0,33.0,372139.0
IMV-10394,Alto Paraíso de Goiás,Casa,,5.0,5.0,4.0,38.0,1229148.0
IMV-10395,Vicente Pires,Casa,309.0,3.0,3.0,3.0,34.0,1004516.0
IMV-10396,Alexânia,Casa,178.0,4.0,6.0,4.0,3.0,494700.0
IMV-10397,Simolândia,Casa,531.0,5.0,7.0,3.0,26.0,721965.0
IMV-10398,Água Quente,Casa,275.0,3.0,4.0,,24.0,
IMV-10399,SCIA / Estrutural,Casa,120.0,4.0,5.0,3.0,4.0,258684.0
IMV-10400,Mimoso de Goiás,Casa,438.0,5.0,6.0,4.0,9.0,552971.0
IMV-10401,Arapoangas,Casa,304.0,5.0,6.0,4.0,19.0,656444.0
IMV-10402,,Casa,495.0,5.0,7.0,,29.0,925832.0
IMV-10403,Alexânia,Casa,572.0,3.0,3.0,3.0,12.0,1239650.0
IMV-10404,Samambaia,,52.0,2.0,1.0,0.0,36.0,165462.0
IMV-10405,Alexânia,Casa,405.0,4.0,,3.0,5.0,
IMV-10406,Sobradinho II,Casa,232.0,3.0,3.0,3.0,1.0,769589.0
IMV-10407,Água Fria de Goiás,Casa,282.0,5.0,7.0,2.0,30.0,371764.0
IMV-10408,Vila Boa,Casa,460.0,5.0,5.0,3.0,6.0,714832.0
IMV-10409,Águas Lindas de Goiás,Apartamento,,1.0,1.0,1.0,17.0,261541.0
IMV-10410,Sol Nascente / Pôr do Sol,Apartamento,151.0,1.0,1.0,1.0,10.0,366325.0
IMV-10411,Arapoangas,Casa,241.0,4.0,5.0,2.0,11.0,539455.0
IMV-10412,Asa Sul,Apartamento,76.0,3.0,1.0,1.0,26.0,611241.0
IMV-10413,Valparaíso de Goiás,,106.0,1.0,1.0,2.0,27.0,243729.0
IMV-10414,Mimoso de Goiás,Casa,272.0,5.0,7.0,3.0,37.0,244259.0
IMV-10415,Noroeste,Apartamento,104.0,1.0,1.0,,17.0,1099922.0
IMV-10416,Alexânia,Casa,550.0,3.0,5.0,4.0,11.0,1468572.0
IMV-10417,Padre Bernardo,Casa,219.0,5.0,6.0,2.0,27.0,324225.0
IMV-10418,Gama,Casa,300.0,5.0,6.0,3.0,7.0,1205299.0
IMV-10419,Água Fria de Goiás,Casa,247.0,5.0,6.0,3.0,35.0,343310.0
IMV-10420,Planaltina (GO),,134.0,5.0,5.0,3.0,21.0,273905.0
IMV-10421,Vila Boa,Casa,313.0,5.0,6.0,3.0,32.0,346072.0
IMV-10422,Cristalina,,541.0,5.0,7.0,2.0,,1315113.0
IMV-10423,Noroeste,Apartamento,48.0,3.0,2.0,0.0,27.0,471825.0
IMV-10424,Vila Boa,Casa,594.0,5.0,7.0,4.0,13.0,889505.0
IMV-10425,Santo Antônio do Descoberto,,544.0,4.0,5.0,2.0,39.0,1000117.0
IMV-10426,Vila Boa,Casa,264.0,3.0,4.0,4.0,14.0,
IMV-10427,São João d’Aliança,Casa,569.0,4.0,5.0,2.0,,
IMV-10428,Simolândia,Casa,544.0,3.0,3.0,3.0,25.0,564801.0
IMV-10429,SCIA / Estrutural,Apartamento,169.0,3.0,1.0,2.0,2.0,454371.0
IMV-10430,Samambaia,Apartamento,168.0,3.0,3.0,2.0,36.0,453945.0
IMV-10431,Água Quente,Casa,573.0,4.0,6.0,,18.0,993087.0
IMV-10432,Flores de Goiás,Casa,490.0,4.0,5.0,2.0,14.0,646257.0
IMV-10433,Arniqueira,Casa,431.0,3.0,5.0,4.0,15.0,1769801.0
IMV-10434,SCIA / Estrutural,Apartamento,171.0,1.0,1.0,1.0,37.0,354587.0
IMV-10435,Luziânia,Casa,525.0,4.0,5.0,3.0,2.0,1587059.0
IMV-10436,Cidade Ocidental,Casa,290.0,3.0,4.0,3.0,,593852.0
IMV-10437,Abadiânia,Casa,419.0,3.0,4.0,3.0,20.0,702200.0
IMV-10438,Samambaia,Apartamento,144.0,1.0,1.0,1.0,1.0,502162.0
IMV-10439,Vicente Pires,Casa,291.0,3.0,4.0,2.0,16.0,979500.0
IMV-10440,Pirenópolis,Casa,318.0,4.0,,2.0,32.0,967814.0
IMV-10441,Simolândia,Casa,201.0,4.0,4.0,2.0,33.0,192354.0
IMV-10442,São Sebastião,Casa,252.0,3.0,5.0,3.0,7.0,
IMV-10443,Vila Propício,Casa,,5.0,5.0,3.0,5.0,280334.0
IMV-10444,Núcleo Bandeirante,Apartamento,74.0,,1.0,2.0,19.0,312635.0
IMV-10445,Mimoso de Goiás,Casa,151.0,4.0,6.0,4.0,7.0,230662.0
IMV-10446,Lago Norte,,165.0,5.0,5.0,2.0,22.0,1179973.0
IMV-10447,Candangolândia,,,2.0,1.0,,31.0,160429.0
IMV-10448,Águas Lindas de Goiás,Casa,243.0,4.0,6.0,2.0,18.0,499534.0
IMV-10449,Luziânia,,328.0,4.0,5.0,2.0,17.0,634213.0
IMV-10450,Samambaia,Apartamento,167.0,1.0,1.0,2.0,25.0,530425.0
IMV-10451,Cabeceiras,Casa,507.0,5.0,7.0,3.0,6.0,823740.0
IMV-10452,Arapoangas,Casa,159.0,5.0,6.0,3.0,3.0,419456.0
IMV-10453,Lago Sul,Casa,495.0,4.0,6.0,4.0,18.0,5009693.0
IMV-10454,Sudoeste / Octogonal,Apartamento,151.0,4.0,4.0,1.0,6.0,1818959.0
IMV-10455,Recanto das Emas,Casa,166.0,,4.0,2.0,33.0,389879.0
IMV-10456,Valparaíso de Goiás,Apartamento,133.0,1.0,1.0,1.0,23.0,285957.0
IMV-10457,Alto Paraíso de Goiás,Casa,293.0,4.0,4.0,3.0,19.0,1026582.0
IMV-10458,Brazlândia,Casa,205.0,5.0,5.0,4.0,7.0,642222.0
IMV-10459,São João d’Aliança,,188.0,3.0,5.0,2.0,12.0,295785.0
IMV-10460,Recanto das Emas,Casa,387.0,,4.0,3.0,18.0,926699.0
IMV-10461,Simolândia,Casa,287.0,3.0,4.0,2.0,8.0,395608.0
IMV-10462,Goianésia,Casa,167.0,4.0,4.0,3.0,23.0,310724.0
IMV-10463,,Casa,572.0,3.0,5.0,3.0,33.0,1296650.0
IMV-10464,São Sebastião,Casa,259.0,3.0,5.0,2.0,5.0,901032.0
IMV-10465,Cristalina,,437.0,5.0,7.0,3.0,,1245670.0
IMV-10466,Paranoá,Casa,189.0,4.0,5.0,3.0,26.0,491722.0
IMV-10467,Brazlândia,Casa,558.0,4.0,5.0,2.0,17.0,1339601.0
IMV-10468,Alvorada do Norte,,416.0,5.0,5.0,3.0,17.0,585426.0
IMV-10469,Barro Alto,Casa,576.0,4.0,4.0,3.0,40.0,790201.0
IMV-10470,Riacho Fundo,Casa,354.0,5.0,,4.0,28.0,953915.0
IMV-10471,Pirenópolis,Casa,405.0,3.0,4.0,4.0,,1654601.0
IMV-10472,Alto Paraíso de Goiás,Casa,242.0,4.0,4.0,3.0,19.0,764932.0
IMV-10473,,Casa,404.0,5.0,6.0,4.0,6.0,1505771.0
IMV-10474,Asa Norte,,95.0,2.0,2.0,1.0,2.0,936580.0
IMV-10475,Fercal,Casa,289.0,3.0,3.0,3.0,1.0,577651.0
IMV-10476,Taguatinga,Casa,365.0,5.0,5.0,4.0,0.0,2050271.0
IMV-10477,Itapoã,Apartamento,129.0,2.0,1.0,2.0,38.0,284966.0
IMV-10478,Cidade Ocidental,Casa,554.0,5.0,7.0,2.0,36.0,1220341.0
IMV-10479,SIA,Apartamento,55.0,1.0,1.0,0.0,6.0,
IMV-10480,Jardim Botânico,Casa,570.0,5.0,6.0,3.0,33.0,2642888.0
IMV-10481,Ponte Alta,Casa,131.0,5.0,7.0,3.0,31.0,253988.0
IMV-10482,Abadiânia,Casa,579.0,4.0,6.0,3.0,9.0,1121152.0
IMV-10483,,Casa,496.0,3.0,3.0,2.0,20.0,853690.0
IMV-10484,Cruzeiro,Apartamento,88.0,,2.0,1.0,2.0,581039.0
IMV-10485,Ponte Alta,Casa,371.0,5.0,5.0,2.0,6.0,958927.0
IMV-10486,Santa Maria,Casa,136.0,5.0,6.0,2.0,36.0,353177.0
IMV-10487,Jardim Botânico,,306.0,5.0,6.0,2.0,22.0,1782397.0
IMV-10488,Águas Lindas de Goiás,Casa,222.0,3.0,4.0,2.0,39.0,373655.0
IMV-10489,,Casa,566.0,3.0,5.0,3.0,9.0,2264820.0
IMV-10490,Niquelândia,Casa,480.0,3.0,5.0,4.0,38.0,568805.0
IMV-10491,Paranoá,Casa,360.0,3.0,5.0,3.0,7.0,956468.0
IMV-10492,Formosa,Casa,506.0,5.0,,4.0,12.0,1418751.0
IMV-10493,Sol Nascente / Pôr do Sol,Casa,404.0,5.0,5.0,3.0,26.0,618895.0
IMV-10494,Núcleo Bandeirante,Apartamento,73.0,1.0,1.0,,27.0,296772.0
IMV-10495,Park Way,Casa,265.0,5.0,5.0,3.0,,1876165.0
IMV-10496,Arniqueira,Casa,236.0,,4.0,3.0,37.0,697853.0
IMV-10497,Sobradinho II,Casa,450.0,3.0,5.0,4.0,26.0,1112852.0
IMV-10498,Formosa,Casa,375.0,4.0,6.0,2.0,28.0,979630.0
IMV-10499,São Sebastião,Casa,321.0,3.0,5.0,4.0,33.0,692946.0
IMV-10500,,Apartamento,152.0,3.0,1.0,1.0,3.0,541954.0
IMV-10501,Cavalcante,Casa,587.0,4.0,6.0,3.0,12.0,1324996.0
IMV-10502,Águas Claras,Apartamento,149.0,2.0,2.0,1.0,3.0,1333908.0
IMV-10503,Pirenópolis,Casa,546.0,4.0,6.0,3.0,14.0,2228557.0
IMV-10504,Planaltina,Apartamento,123.0,1.0,,1.0,14.0,323067.0
IMV-10505,Pirenópolis,Casa,348.0,5.0,6.0,2.0,14.0,1254941.0
IMV-10506,Luziânia,Casa,568.0,3.0,5.0,3.0,14.0,1168666.0
IMV-10507,Formosa,,237.0,3.0,3.0,2.0,38.0,599772.0
IMV-10508,26 de Setembro,,201.0,3.0,5.0,2.0,32.0,342674.0
IMV-10509,Noroeste,Apartamento,111.0,2.0,1.0,1.0,11.0,1231898.0
IMV-10510,Goianésia,Casa,154.0,5.0,5.0,2.0,27.0,317255.0
IMV-10511,Planaltina (GO),Casa,514.0,3.0,5.0,4.0,5.0,1006613.0
IMV-10512,Taguatinga,Casa,364.0,5.0,6.0,2.0,21.0,1663518.0
IMV-10513,Cavalcante,Casa,477.0,4.0,6.0,2.0,15.0,1052001.0
IMV-10514,Lago Norte,Casa,432.0,5.0,5.0,2.0,18.0,4030002.0
IMV-10515,Cidade Ocidental,Casa,155.0,5.0,7.0,4.0,16.0,365165.0
IMV-10516,Águas Claras,Apartamento,97.0,4.0,1.0,,25.0,
IMV-10517,Núcleo Bandeirante,Apartamento,103.0,3.0,1.0,1.0,40.0,
IMV-10518,Jardim Botânico,Casa,437.0,,6.0,4.0,10.0,2491479.0
IMV-10519,Alexânia,Casa,344.0,3.0,5.0,2.0,37.0,
IMV-10520,Paranoá,Casa,223.0,5.0,5.0,2.0,23.0,529156.0
IMV-10521,Niquelândia,Casa,509.0,4.0,4.0,4.0,17.0,816467.0
IMV-10522,São João d’Aliança,,137.0,3.0,3.0,4.0,36.0,
IMV-10523,Sobradinho II,Casa,595.0,5.0,7.0,4.0,32.0,1347406.0
IMV-10524,Asa Sul,Apartamento,101.0,1.0,1.0,2.0,4.0,1151085.0
IMV-10525,Planaltina (GO),Casa,346.0,4.0,,2.0,40.0,591573.0
IMV-10526,Cabeceira Grande,Casa,366.0,5.0,5.0,3.0,32.0,396560.0
IMV-10527,Valparaíso de Goiás,,148.0,4.0,3.0,2.0,19.0,352748.0
IMV-10528,Taguatinga,Apartamento,60.0,3.0,1.0,1.0,39.0,188532.0
IMV-10529,Sudoeste / Octogonal,Apartamento,61.0,4.0,1.0,1.0,18.0,687625.0
IMV-10530,Formosa,Casa,171.0,3.0,3.0,2.0,3.0,514269.0
IMV-10531,Varjão,Apartamento,132.0,3.0,,2.0,16.0,
IMV-10532,Sobradinho II,Casa,372.0,5.0,7.0,3.0,10.0,1391881.0
IMV-10533,,Casa,318.0,4.0,5.0,2.0,,667904.0
IMV-10534,Novo Gama,Casa,404.0,4.0,5.0,3.0,6.0,865981.0
IMV-10535,Luziânia,Casa,266.0,5.0,7.0,2.0,39.0,476109.0
IMV-10536,Varjão,Apartamento,83.0,2.0,2.0,1.0,25.0,
IMV-10537,Alto Paraíso de Goiás,Casa,296.0,5.0,7.0,2.0,34.0,901308.0
IMV-10538,Mimoso de Goiás,Casa,251.0,4.0,5.0,2.0,,318455.0
IMV-10539,Formosa,Casa,544.0,,6.0,3.0,3.0,1819670.0
IMV-10540,Asa Norte,Apartamento,138.0,3.0,3.0,1.0,34.0,977663.0
IMV-10541,Vicente Pires,Casa,346.0,5.0,5.0,2.0,23.0,
IMV-10542,SIA,Apartamento,44.0,3.0,1.0,0.0,25.0,182751.0
IMV-10543,Gama,Apartamento,94.0,2.0,1.0,1.0,36.0,273016.0
IMV-10544,Cavalcante,Casa,473.0,4.0,5.0,2.0,31.0,853493.0
IMV-10545,Flores de Goiás,Casa,341.0,5.0,5.0,3.0,27.0,420695.0
IMV-10546,Cristalina,Casa,538.0,3.0,3.0,3.0,13.0,1666468.0
IMV-10547,Flores de Goiás,Casa,325.0,5.0,5.0,2.0,29.0,398575.0
IMV-10548,Lago Sul,Casa,599.0,5.0,,3.0,26.0,4818776.0
IMV-10549,Águas Claras,Apartamento,96.0,4.0,1.0,1.0,19.0,673176.0
IMV-10550,Park Way,Casa,403.0,5.0,6.0,2.0,18.0,2808714.0
IMV-10551,,Casa,407.0,4.0,5.0,4.0,34.0,663556.0
IMV-10552,Luziânia,Casa,297.0,5.0,,2.0,4.0,842788.0
IMV-10553,Asa Sul,Apartamento,111.0,1.0,1.0,2.0,1.0,1072057.0
IMV-10554,Asa Sul,Apartamento,156.0,1.0,1.0,2.0,40.0,
IMV-10555,Cocalzinho de Goiás,Casa,293.0,4.0,4.0,3.0,5.0,762720.0
IMV-10556,Alto Paraíso de Goiás,Casa,290.0,3.0,5.0,,24.0,911042.0
IMV-10557,Asa Sul,Apartamento,152.0,4.0,4.0,2.0,31.0,1240039.0
IMV-10558,Vila Boa,Casa,147.0,3.0,,3.0,24.0,152744.0
IMV-10559,Novo Gama,Casa,254.0,4.0,5.0,4.0,39.0,378993.0
IMV-10560,Núcleo Bandeirante,Casa,130.0,3.0,4.0,3.0,0.0,548521.0
IMV-10561,Abadiânia,Casa,216.0,3.0,5.0,3.0,12.0,425905.0
IMV-10562,Alvorada do Norte,Casa,,3.0,4.0,3.0,40.0,
IMV-10563,Lago Norte,Casa,595.0,5.0,7.0,,29.0,4983561.0
IMV-10564,Recanto das Emas,Casa,184.0,4.0,4.0,3.0,1.0,613153.0
IMV-10565,Arapoangas,Casa,373.0,5.0,,3.0,18.0,892937.0
IMV-10566,Pirenópolis,Casa,367.0,4.0,6.0,2.0,12.0,1516781.0
IMV-10567,Fercal,Casa,293.0,4.0,5.0,2.0,29.0,449734.0
IMV-10568,Alto Paraíso de Goiás,Casa,575.0,3.0,4.0,3.0,29.0,1560891.0
IMV-10569,Alto Paraíso de Goiás,Casa,459.0,5.0,5.0,4.0,4.0,2090424.0
IMV-10570,Santa Maria,Casa,361.0,3.0,4.0,2.0,16.0,1126244.0
IMV-10571,Fercal,Casa,271.0,5.0,5.0,4.0,10.0,476564.0
IMV-10572,Flores de Goiás,Casa,186.0,3.0,5.0,2.0,31.0,185911.0
IMV-10573,Água Quente,Casa,251.0,5.0,6.0,2.0,33.0,396449.0
IMV-10574,Formosa,Casa,578.0,3.0,5.0,2.0,5.0,1947094.0
IMV-10575,Vicente Pires,Casa,425.0,4.0,,4.0,1.0,2059661.0
IMV-10576,Cidade Ocidental,Casa,133.0,5.0,5.0,2.0,3.0,362161.0
IMV-10577,Park Way,Casa,,4.0,5.0,3.0,2.0,3789445.0
IMV-10578,Cristalina,Casa,391.0,5.0,7.0,2.0,39.0,751368.0
IMV-10579,Asa Norte,Apartamento,101.0,3.0,3.0,1.0,7.0,1072384.0
IMV-10580,,Apartamento,166.0,2.0,2.0,2.0,30.0,
IMV-10581,Cavalcante,Casa,371.0,3.0,5.0,3.0,29.0,
IMV-10582,Alvorada do Norte,Casa,565.0,5.0,7.0,3.0,20.0,723588.0
IMV-10583,Cruzeiro,,127.0,1.0,1.0,2.0,19.0,796722.0
IMV-10584,Arniqueira,,389.0,5.0,7.0,2.0,32.0,1132183.0
IMV-10585,,Casa,173.0,4.0,4.0,2.0,10.0,626004.0
IMV-10586,Luziânia,Casa,259.0,3.0,3.0,4.0,38.0,428548.0
IMV-10587,Vicente Pires,Casa,350.0,4.0,5.0,3.0,26.0,1309560.0
IMV-10588,Lago Norte,Casa,597.0,3.0,3.0,3.0,33.0,4983731.0
IMV-10589,Alexânia,Casa,470.0,5.0,5.0,3.0,23.0,887409.0
IMV-10590,Santa Maria,Casa,164.0,,6.0,2.0,20.0,496257.0
IMV-10591,Padre Bernardo,Casa,232.0,3.0,4.0,3.0,18.0,430570.0
IMV-10592,Luziânia,Casa,465.0,4.0,6.0,4.0,23.0,847734.0
IMV-10593,Arniqueira,Casa,175.0,5.0,7.0,2.0,8.0,768127.0
IMV-10594,Valparaíso de Goiás,Apartamento,158.0,3.0,2.0,1.0,18.0,473944.0
IMV-10595,Luziânia,Casa,307.0,4.0,5.0,4.0,38.0,560933.0
IMV-10596,Sobradinho II,Casa,187.0,3.0,4.0,4.0,17.0,636803.0
IMV-10597,Sobradinho II,Casa,,5.0,7.0,2.0,40.0,957908.0
IMV-10598,Águas Claras,Apartamento,76.0,,1.0,,25.0,423818.0
IMV-10599,Planaltina (GO),Casa,190.0,5.0,6.0,,34.0,345696.0
IMV-10600,Fercal,Casa,580.0,4.0,5.0,3.0,,959863.0
IMV-10601,Pirenópolis,Casa,358.0,4.0,4.0,4.0,36.0,1036088.0
IMV-10602,Riacho Fundo,Apartamento,137.0,4.0,2.0,2.0,,366431.0
IMV-10603,Ceilândia,Apartamento,82.0,4.0,3.0,1.0,1.0,274384.0
IMV-10604,Niquelândia,Casa,216.0,5.0,7.0,4.0,5.0,394370.0
IMV-10605,Sudoeste / Octogonal,Apartamento,77.0,4.0,,2.0,32.0,729130.0
IMV-10606,Arapoangas,Casa,508.0,4.0,5.0,4.0,14.0,1028540.0
IMV-10607,,Casa,424.0,,7.0,3.0,36.0,1140882.0
IMV-10608,SCIA / Estrutural,Casa,460.0,5.0,7.0,4.0,37.0,906043.0
IMV-10609,Núcleo Bandeirante,Apartamento,128.0,4.0,4.0,2.0,31.0,390843.0
IMV-10610,Lago Norte,Casa,355.0,5.0,7.0,2.0,28.0,2335783.0
IMV-10611,Ceilândia,Apartamento,66.0,3.0,2.0,1.0,27.0,199337.0
IMV-10612,Sobradinho II,Casa,344.0,4.0,5.0,4.0,38.0,849115.0
IMV-10613,Samambaia,Apartamento,134.0,,1.0,2.0,,391423.0
IMV-10614,Cabeceiras,Casa,,5.0,7.0,3.0,23.0,333066.0
IMV-10615,Alto Paraíso de Goiás,Casa,407.0,5.0,5.0,3.0,23.0,1387528.0
IMV-10616,Sobradinho II,Casa,400.0,5.0,6.0,4.0,1.0,
IMV-10617,Núcleo Bandeirante,Apartamento,146.0,1.0,1.0,1.0,27.0,533817.0
IMV-10618,Taguatinga,Casa,193.0,4.0,6.0,4.0,16.0,851476.0
IMV-10619,Noroeste,Apartamento,141.0,4.0,2.0,1.0,35.0,1356067.0
IMV-10620,Sobradinho,Casa,139.0,5.0,6.0,4.0,39.0,497947.0
IMV-10621,Recanto das Emas,Casa,225.0,5.0,5.0,,11.0,
IMV-10622,Paranoá,Apartamento,,1.0,1.0,2.0,33.0,296721.0
IMV-10623,Noroeste,Apartamento,107.0,3.0,2.0,2.0,31.0,905278.0
IMV-10624,Niquelândia,Casa,476.0,4.0,4.0,3.0,17.0,738015.0
IMV-10625,Planaltina (GO),Casa,522.0,5.0,6.0,2.0,37.0,876166.0
IMV-10626,Alexânia,Casa,471.0,5.0,6.0,4.0,34.0,812429.0
IMV-10627,Planaltina,Casa,500.0,5.0,,4.0,12.0,1441388.0
IMV-10628,Brazlândia,Casa,419.0,4.0,5.0,2.0,1.0,1372422.0
IMV-10629,Lago Sul,Casa,343.0,5.0,5.0,2.0,4.0,3696597.0
IMV-10630,Barro Alto,Casa,340.0,3.0,4.0,2.0,1.0,593707.0
IMV-10631,Cabeceiras,Casa,182.0,5.0,5.0,3.0,8.0,294846.0
IMV-10632,Valparaíso de Goiás,Apartamento,52.0,2.0,1.0,1.0,5.0,168996.0
IMV-10633,Sol Nascente / Pôr do Sol,Casa,251.0,,6.0,3.0,6.0,632012.0
IMV-10634,,Casa,482.0,4.0,6.0,2.0,6.0,
IMV-10635,Guará,Apartamento,49.0,3.0,2.0,0.0,31.0,260143.0
IMV-10636,Abadiânia,Casa,478.0,4.0,,3.0,15.0,906282.0
IMV-10637,Lago Norte,Casa,128.0,5.0,6.0,4.0,8.0,1087222.0
IMV-10638,Goianésia,Casa,398.0,3.0,5.0,3.0,21.0,912132.0
IMV-10639,Planaltina,Casa,234.0,4.0,4.0,3.0,38.0,480770.0
IMV-10640,Planaltina (GO),Casa,371.0,4.0,6.0,2.0,3.0,984792.0
IMV-10641,Cocalzinho de Goiás,Casa,324.0,4.0,,,33.0,510819.0
IMV-10642,Samambaia,Apartamento,41.0,1.0,1.0,1.0,4.0,179718.0
IMV-10643,Padre Bernardo,Casa,377.0,4.0,6.0,3.0,15.0,659852.0
IMV-10644,Arniqueira,Casa,193.0,3.0,5.0,3.0,8.0,910592.0
IMV-10645,Sobradinho II,Casa,538.0,3.0,3.0,4.0,18.0,1594034.0
IMV-10646,São João d’Aliança,Casa,576.0,4.0,6.0,2.0,11.0,1199663.0
IMV-10647,Água Fria de Goiás,Casa,548.0,4.0,5.0,2.0,19.0,883642.0
IMV-10648,SCIA / Estrutural,Apartamento,113.0,3.0,1.0,2.0,36.0,212770.0
IMV-10649,Padre Bernardo,Casa,544.0,4.0,6.0,4.0,,838502.0
IMV-10650,Jardim Botânico,Casa,568.0,3.0,4.0,3.0,4.0,3577384.0
IMV-10651,Luziânia,Casa,126.0,4.0,6.0,3.0,40.0,
IMV-10652,Arniqueira,Casa,464.0,4.0,6.0,4.0,5.0,2145075.0
IMV-10653,Alexânia,Casa,485.0,3.0,5.0,2.0,40.0,861375.0
IMV-10654,Sobradinho II,Casa,349.0,4.0,5.0,3.0,,963277.0
IMV-10655,Riacho Fundo II,,46.0,1.0,1.0,0.0,40.0,
IMV-10656,Cocalzinho de Goiás,Casa,324.0,3.0,4.0,3.0,14.0,617489.0
IMV-10657,Águas Claras,Apartamento,107.0,3.0,3.0,1.0,14.0,736048.0
IMV-10658,Asa Sul,Apartamento,58.0,,2.0,0.0,8.0,632967.0
IMV-10659,Sobradinho,Casa,221.0,3.0,5.0,4.0,28.0,752657.0
IMV-10660,Jardim Botânico,Casa,371.0,5.0,6.0,4.0,16.0,2093003.0
IMV-10661,Arniqueira,Casa,265.0,4.0,6.0,3.0,29.0,988622.0
IMV-10662,Asa Norte,Apartamento,169.0,4.0,3.0,2.0,3.0,2010604.0
IMV-10663,26 de Setembro,Casa,190.0,4.0,6.0,3.0,37.0,364507.0
IMV-10664,Pirenópolis,Casa,565.0,4.0,,4.0,26.0,1856294.0
IMV-10665,Fercal,Casa,126.0,3.0,5.0,4.0,40.0,201364.0
IMV-10666,Vila Propício,Casa,200.0,5.0,6.0,3.0,9.0,275685.0
IMV-10667,Candangolândia,Apartamento,61.0,3.0,1.0,1.0,32.0,168887.0
IMV-10668,Mimoso de Goiás,Casa,273.0,5.0,6.0,3.0,24.0,285923.0
IMV-10669,Cidade Ocidental,Casa,423.0,4.0,5.0,3.0,24.0,833499.0
IMV-10670,Guará,Apartamento,66.0,3.0,3.0,1.0,9.0,381066.0
IMV-10671,Flores de Goiás,Casa,407.0,,6.0,3.0,16.0,553288.0
IMV-10672,Recanto das Emas,Casa,290.0,3.0,5.0,3.0,23.0,743785.0
IMV-10673,Brazlândia,Casa,341.0,4.0,5.0,2.0,6.0,930189.0
IMV-10674,Água Fria de Goiás,,511.0,4.0,4.0,4.0,24.0,666545.0
IMV-10675,,Casa,498.0,4.0,4.0,2.0,15.0,1065225.0
IMV-10676,São Sebastião,Casa,573.0,3.0,3.0,4.0,31.0,1522696.0
IMV-10677,Novo Gama,Casa,191.0,3.0,4.0,3.0,0.0,538207.0
IMV-10678,Riacho Fundo,Apartamento,94.0,3.0,1.0,1.0,26.0,319540.0
IMV-10679,Planaltina (GO),Casa,272.0,5.0,6.0,2.0,25.0,432627.0
IMV-10680,Cabeceira Grande,Casa,144.0,4.0,5.0,2.0,31.0,156471.0
IMV-10681,São Sebastião,Casa,579.0,3.0,3.0,2.0,39.0,1268640.0
IMV-10682,Itapoã,Casa,369.0,4.0,5.0,4.0,31.0,830697.0
IMV-10683,,Casa,254.0,5.0,5.0,4.0,40.0,
IMV-10684,Valparaíso de Goiás,Apartamento,82.0,4.0,2.0,,23.0,176128.0
IMV-10685,Formosa,Casa,152.0,3.0,3.0,3.0,4.0,444001.0
IMV-10686,Itapoã,Casa,251.0,5.0,7.0,3.0,8.0,775924.0
IMV-10687,Alto Paraíso de Goiás,Casa,316.0,3.0,5.0,4.0,5.0,1187473.0
IMV-10688,Paranoá,Casa,206.0,3.0,4.0,4.0,34.0,418863.0
IMV-10689,Flores de Goiás,Casa,515.0,5.0,7.0,2.0,18.0,702529.0
IMV-10690,Asa Sul,Apartamento,106.0,3.0,,2.0,15.0,919172.0
IMV-10691,Vila Boa,Casa,322.0,3.0,3.0,3.0,24.0,324454.0
IMV-10692,Taguatinga,Casa,,4.0,6.0,2.0,38.0,1214474.0
IMV-10693,Vila Boa,Casa,193.0,5.0,5.0,3.0,8.0,288722.0
IMV-10694,Santa Maria,Casa,313.0,,6.0,4.0,4.0,908729.0
IMV-10695,Águas Claras,Apartamento,154.0,1.0,1.0,1.0,39.0,974972.0
IMV-10696,Niquelândia,Casa,497.0,3.0,4.0,3.0,,706589.0
IMV-10697,,,192.0,5.0,5.0,4.0,,424561.0
IMV-10698,Águas Lindas de Goiás,Casa,284.0,5.0,6.0,3.0,12.0,685015.0
IMV-10699,Taguatinga,Casa,272.0,5.0,6.0,4.0,,947540.0
IMV-10700,Barro Alto,Casa,214.0,4.0,6.0,4.0,22.0,333049.0
IMV-10701,Água Fria de Goiás,Casa,515.0,3.0,4.0,2.0,,756933.0
IMV-10702,Fercal,Casa,140.0,3.0,4.0,3.0,7.0,
IMV-10703,Park Way,Casa,190.0,3.0,5.0,2.0,30.0,1120372.0
IMV-10704,Barro Alto,Casa,160.0,3.0,3.0,4.0,9.0,257316.0
IMV-10705,Cavalcante,Casa,184.0,4.0,4.0,,22.0,349783.0
IMV-10706,Itapoã,Casa,419.0,3.0,3.0,4.0,4.0,1405841.0
IMV-10707,26 de Setembro,Casa,588.0,4.0,4.0,2.0,40.0,948980.0
IMV-10708,Valparaíso de Goiás,Apartamento,78.0,3.0,3.0,1.0,25.0,202455.0
IMV-10709,26 de Setembro,Casa,477.0,5.0,7.0,3.0,38.0,922916.0
IMV-10710,Flores de Goiás,Casa,590.0,5.0,5.0,2.0,38.0,707001.0
IMV-10711,Alexânia,Casa,323.0,3.0,3.0,4.0,33.0,568360.0
IMV-10712,Park Way,Casa,137.0,3.0,4.0,3.0,24.0,
IMV-10713,Luziânia,Casa,349.0,5.0,5.0,2.0,1.0,823769.0
IMV-10714,Novo Gama,,346.0,5.0,7.0,3.0,11.0,845356.0
IMV-10715,Riacho Fundo II,Apartamento,90.0,1.0,1.0,2.0,,287411.0
IMV-10716,Novo Gama,Casa,359.0,3.0,4.0,2.0,24.0,757774.0
IMV-10717,Planaltina,Apartamento,92.0,4.0,1.0,2.0,4.0,248847.0
IMV-10718,Flores de Goiás,Casa,488.0,3.0,3.0,4.0,14.0,763382.0
IMV-10719,Jardim Botânico,Casa,166.0,4.0,6.0,4.0,16.0,
IMV-10720,,Apartamento,166.0,1.0,1.0,1.0,7.0,488652.0
IMV-10721,Varjão,Apartamento,99.0,4.0,1.0,1.0,25.0,239279.0
IMV-10722,Goianésia,Casa,452.0,3.0,3.0,2.0,23.0,771749.0
IMV-10723,Santo Antônio do Descoberto,Casa,514.0,4.0,4.0,4.0,14.0,1079618.0
IMV-10724,Vila Boa,Casa,555.0,5.0,6.0,4.0,30.0,642325.0
IMV-10725,Lago Sul,Casa,256.0,5.0,5.0,3.0,8.0,2481521.0
IMV-10726,Novo Gama,Casa,397.0,3.0,3.0,3.0,14.0,957881.0
IMV-10727,Asa Norte,Apartamento,127.0,3.0,3.0,1.0,3.0,1212198.0
IMV-10728,Cristalina,Casa,207.0,3.0,4.0,2.0,34.0,457049.0
IMV-10729,SIA,Apartamento,88.0,2.0,2.0,1.0,11.0,425474.0
IMV-10730,Vila Propício,Casa,448.0,4.0,6.0,4.0,15.0,
IMV-10731,Asa Norte,Apartamento,110.0,4.0,4.0,2.0,,963814.0
IMV-10732,Noroeste,Apartamento,113.0,1.0,1.0,1.0,6.0,1633855.0
IMV-10733,Jardim Botânico,,497.0,4.0,4.0,2.0,2.0,3256579.0
IMV-10734,Sol Nascente / Pôr do Sol,Casa,,5.0,6.0,3.0,,860949.0
IMV-10735,,Casa,,5.0,7.0,2.0,18.0,1273448.0
IMV-10736,Padre Bernardo,Casa,188.0,5.0,6.0,3.0,38.0,284468.0
IMV-10737,Flores de Goiás,Casa,227.0,5.0,6.0,4.0,11.0,324648.0
IMV-10738,,Casa,121.0,4.0,4.0,4.0,,321023.0
IMV-10739,Cavalcante,Casa,228.0,5.0,5.0,4.0,19.0,440527.0
IMV-10740,Cabeceiras,,366.0,4.0,5.0,3.0,24.0,461546.0
IMV-10741,Sobradinho,Casa,425.0,4.0,,3.0,30.0,1446770.0
IMV-10742,Asa Sul,Apartamento,176.0,3.0,2.0,2.0,38.0,1265312.0
IMV-10743,SIA,Apartamento,,4.0,4.0,1.0,39.0,478795.0
IMV-10744,Fercal,Casa,598.0,4.0,6.0,4.0,,1093703.0
IMV-10745,Novo Gama,Casa,515.0,4.0,6.0,3.0,29.0,1016756.0
IMV-10746,Asa Sul,Apartamento,,2.0,,1.0,15.0,1445659.0
IMV-10747,Cabeceira Grande,Casa,126.0,5.0,7.0,3.0,29.0,155695.0
IMV-10748,Padre Bernardo,Casa,518.0,3.0,5.0,,15.0,916218.0
IMV-10749,Samambaia,Apartamento,94.0,4.0,1.0,2.0,36.0,
IMV-10750,Taguatinga,,184.0,4.0,5.0,,40.0,641329.0
IMV-10751,Taguatinga,Apartamento,84.0,2.0,1.0,1.0,12.0,347773.0
IMV-10752,Niquelândia,Casa,485.0,5.0,7.0,,21.0,759777.0
IMV-10753,Abadiânia,Casa,496.0,,3.0,3.0,7.0,1181931.0
IMV-10754,Águas Lindas de Goiás,,579.0,5.0,,4.0,14.0,1346930.0
IMV-10755,SCIA / Estrutural,Casa,493.0,5.0,6.0,3.0,1.0,1321677.0
IMV-10756,Águas Claras,Apartamento,148.0,3.0,2.0,2.0,25.0,823150.0
IMV-10757,Gama,Casa,234.0,4.0,6.0,4.0,10.0,972785.0
IMV-10758,São Sebastião,Apartamento,153.0,4.0,1.0,1.0,16.0,475335.0
IMV-10759,Niquelândia,Casa,,3.0,5.0,4.0,27.0,
IMV-10760,Noroeste,Apartamento,48.0,1.0,1.0,1.0,18.0,602312.0
IMV-10761,Sobradinho II,Casa,583.0,3.0,3.0,4.0,25.0,1790325.0
IMV-10762,Lago Norte,Casa,424.0,3.0,3.0,2.0,29.0,2975854.0
IMV-10763,,Casa,309.0,3.0,5.0,2.0,13.0,1128980.0
IMV-10764,Águas Lindas de Goiás,Casa,533.0,3.0,4.0,3.0,17.0,1299785.0
IMV-10765,Paranoá,Apartamento,120.0,4.0,3.0,2.0,,294903.0
IMV-10766,Candangolândia,Casa,218.0,4.0,6.0,4.0,20.0,815933.0
IMV-10767,Noroeste,Apartamento,41.0,4.0,4.0,0.0,12.0,495924.0
IMV-10768,Cruzeiro,Apartamento,80.0,2.0,1.0,1.0,19.0,505328.0
IMV-10769,Cidade Ocidental,Casa,583.0,3.0,3.0,2.0,10.0,1570894.0
IMV-10770,Sobradinho,,268.0,5.0,,4.0,25.0,
IMV-10771,Ceilândia,Casa,424.0,3.0,5.0,3.0,14.0,1576377.0
IMV-10772,Niquelândia,Casa,189.0,4.0,5.0,3.0,28.0,248149.0
IMV-10773,Planaltina (GO),Casa,595.0,4.0,5.0,4.0,29.0,1130825.0
IMV-10774,Varjão,Apartamento,163.0,2.0,2.0,2.0,23.0,405235.0
IMV-10775,Paranoá,Casa,590.0,4.0,6.0,3.0,8.0,1642495.0
IMV-10776,Taguatinga,Apartamento,110.0,4.0,2.0,2.0,14.0,513870.0
IMV-10777,Arapoangas,Casa,475.0,4.0,6.0,4.0,15.0,1217906.0
IMV-10778,Recanto das Emas,Casa,301.0,4.0,5.0,3.0,34.0,594878.0
IMV-10779,Vila Propício,Casa,186.0,4.0,5.0,,37.0,196733.0
IMV-10780,São João d’Aliança,Casa,547.0,4.0,4.0,3.0,12.0,962510.0
IMV-10781,Águas Lindas de Goiás,Casa,599.0,4.0,5.0,2.0,12.0,1232467.0
IMV-10782,São Sebastião,Casa,552.0,3.0,3.0,2.0,21.0,1421462.0
IMV-10783,Pirenópolis,Casa,364.0,5.0,6.0,4.0,32.0,1163790.0
IMV-10784,Sobradinho,Casa,548.0,5.0,6.0,4.0,32.0,1927261.0
IMV-10785,Cabeceiras,Casa,415.0,4.0,5.0,4.0,0.0,
IMV-10786,Candangolândia,Apartamento,69.0,2.0,1.0,1.0,16.0,278779.0
IMV-10787,Simolândia,Casa,132.0,3.0,4.0,,30.0,156957.0
IMV-10788,Santo Antônio do Descoberto,Casa,391.0,4.0,5.0,3.0,40.0,
IMV-10789,,Apartamento,177.0,4.0,,2.0,39.0,417169.0
IMV-10790,Padre Bernardo,Casa,400.0,5.0,7.0,4.0,22.0,634544.0
IMV-10791,Formosa,Casa,516.0,,5.0,4.0,13.0,1384600.0
IMV-10792,Paranoá,Casa,536.0,5.0,6.0,2.0,35.0,1057397.0
IMV-10793,Samambaia,Apartamento,156.0,2.0,1.0,2.0,13.0,500284.0
IMV-10794,Alto Paraíso de Goiás,Casa,491.0,3.0,4.0,4.0,2.0,1897583.0
IMV-10795,Arniqueira,Casa,506.0,5.0,7.0,3.0,1.0,2404441.0
IMV-10796,Goianésia,Casa,291.0,5.0,5.0,4.0,6.0,652545.0
IMV-10797,Riacho Fundo,Apartamento,151.0,1.0,1.0,2.0,15.0,467934.0
IMV-10798,,Casa,355.0,5.0,6.0,3.0,36.0,2803333.0
IMV-10799,SCIA / Estrutural,,197.0,3.0,5.0,4.0,,460129.0
IMV-10800,Riacho Fundo,Apartamento,126.0,3.0,1.0,2.0,15.0,462576.0
IMV-10801,Água Fria de Goiás,Casa,236.0,5.0,,2.0,17.0,351258.0
IMV-10802,Recanto das Emas,Apartamento,104.0,4.0,1.0,1.0,40.0,248058.0
IMV-10803,Guará,Apartamento,143.0,1.0,1.0,1.0,3.0,1029599.0
IMV-10804,Abadiânia,Casa,366.0,4.0,6.0,4.0,2.0,744391.0
IMV-10805,Sobradinho II,Casa,325.0,5.0,7.0,3.0,22.0,964509.0
IMV-10806,Pirenópolis,Casa,,5.0,7.0,,14.0,978617.0
IMV-10807,Simolândia,Casa,571.0,4.0,6.0,2.0,26.0,687020.0
IMV-10808,Niquelândia,Casa,572.0,5.0,7.0,3.0,40.0,851492.0
IMV-10809,Vila Propício,Casa,369.0,3.0,,3.0,13.0,564122.0
IMV-10810,Alexânia,Casa,147.0,5.0,5.0,2.0,32.0,258649.0
IMV-10811,Riacho Fundo,Casa,492.0,3.0,3.0,3.0,13.0,1465888.0
IMV-10812,Sol Nascente / Pôr do Sol,Apartamento,147.0,1.0,1.0,2.0,25.0,
IMV-10813,26 de Setembro,Casa,587.0,4.0,6.0,,3.0,
IMV-10814,SCIA / Estrutural,Apartamento,170.0,1.0,1.0,2.0,36.0,267126.0
IMV-10815,Paranoá,Casa,335.0,3.0,3.0,4.0,1.0,1012450.0
IMV-10816,Alvorada do Norte,Casa,441.0,4.0,5.0,3.0,16.0,561090.0
IMV-10817,Arapoangas,Casa,,5.0,7.0,4.0,10.0,485102.0
IMV-10818,Sudoeste / Octogonal,Apartamento,140.0,1.0,1.0,2.0,22.0,1213386.0
IMV-10819,Park Way,Casa,281.0,3.0,4.0,4.0,36.0,1888085.0
IMV-10820,Sobradinho,Casa,270.0,3.0,4.0,2.0,35.0,734377.0
IMV-10821,Candangolândia,Apartamento,71.0,3.0,2.0,1.0,5.0,260025.0
IMV-10822,Park Way,Casa,237.0,3.0,5.0,4.0,40.0,
IMV-10823,Ponte Alta,Casa,255.0,5.0,7.0,4.0,7.0,758917.0
IMV-10824,,Casa,246.0,4.0,4.0,3.0,9.0,635375.0
IMV-10825,Taguatinga,,113.0,3.0,3.0,1.0,,386206.0
IMV-10826,Planaltina (GO),Casa,154.0,5.0,5.0,4.0,11.0,319822.0
IMV-10827,Cocalzinho de Goiás,Casa,404.0,5.0,5.0,2.0,35.0,621132.0
IMV-10828,Guará,Apartamento,131.0,4.0,1.0,1.0,36.0,729684.0
IMV-10829,Mimoso de Goiás,Casa,,3.0,4.0,3.0,34.0,527413.0
IMV-10830,Sobradinho,Casa,152.0,4.0,4.0,,17.0,493044.0
IMV-10831,Ponte Alta,Casa,567.0,4.0,6.0,3.0,26.0,1226275.0
IMV-10832,Barro Alto,Casa,471.0,4.0,6.0,3.0,27.0,606077.0
IMV-10833,Alvorada do Norte,Casa,367.0,3.0,4.0,3.0,7.0,576357.0
IMV-10834,Goianésia,Casa,146.0,,,,3.0,352789.0
IMV-10835,Sobradinho II,Casa,152.0,3.0,4.0,,23.0,
IMV-10836,Niquelândia,Casa,351.0,3.0,4.0,4.0,37.0,453246.0
IMV-10837,,Apartamento,52.0,1.0,1.0,1.0,30.0,355534.0
IMV-10838,Cabeceiras,Casa,185.0,5.0,5.0,3.0,24.0,266449.0
IMV-10839,26 de Setembro,Casa,196.0,5.0,6.0,2.0,38.0,390156.0
IMV-10840,Santo Antônio do Descoberto,Casa,267.0,3.0,4.0,4.0,28.0,454218.0
IMV-10841,,Casa,451.0,4.0,4.0,2.0,27.0,1333463.0
IMV-10842,Riacho Fundo II,Casa,578.0,3.0,3.0,3.0,1.0,1657146.0
IMV-10843,Sol Nascente / Pôr do Sol,Apartamento,111.0,2.0,1.0,2.0,20.0,193041.0
IMV-10844,Alto Paraíso de Goiás,Casa,325.0,4.0,6.0,2.0,,1404649.0
IMV-10845,Recanto das Emas,Casa,360.0,3.0,5.0,4.0,37.0,793356.0
IMV-10846,Itapoã,Apartamento,171.0,1.0,1.0,2.0,17.0,383641.0
IMV-10847,SCIA / Estrutural,Apartamento,,2.0,1.0,2.0,24.0,142230.0
IMV-10848,Barro Alto,Casa,548.0,5.0,6.0,4.0,24.0,845436.0
IMV-10849,Vicente Pires,Casa,371.0,4.0,6.0,4.0,0.0,1830833.0
IMV-10850,Jardim Botânico,Casa,255.0,3.0,3.0,,28.0,1291973.0
IMV-10851,Riacho Fundo,Apartamento,67.0,2.0,2.0,1.0,0.0,282479.0
IMV-10852,Riacho Fundo II,Apartamento,93.0,2.0,2.0,1.0,18.0,237630.0
IMV-10853,Água Fria de Goiás,Casa,281.0,4.0,6.0,3.0,0.0,469215.0
IMV-10854,São Sebastião,Apartamento,97.0,4.0,3.0,1.0,34.0,248181.0
IMV-10855,Águas Lindas de Goiás,Apartamento,160.0,3.0,1.0,1.0,,326463.0
IMV-10856,Cidade Ocidental,Casa,192.0,4.0,4.0,2.0,21.0,369250.0
IMV-10857,Formosa,Casa,470.0,3.0,3.0,2.0,10.0,1279173.0
IMV-10858,São João d’Aliança,Casa,126.0,4.0,5.0,3.0,10.0,215204.0
IMV-10859,Mimoso de Goiás,Casa,579.0,5.0,7.0,4.0,33.0,
IMV-10860,Guará,Apartamento,92.0,3.0,3.0,1.0,40.0,427788.0
IMV-10861,Vicente Pires,Casa,187.0,3.0,3.0,4.0,5.0,730535.0
IMV-10862,Paranoá,Casa,158.0,3.0,3.0,3.0,5.0,428776.0
IMV-10863,Alvorada do Norte,Casa,305.0,4.0,4.0,3.0,25.0,359146.0
IMV-10864,Flores de Goiás,Casa,122.0,5.0,6.0,4.0,34.0,123447.0
IMV-10865,Candangolândia,Apartamento,43.0,3.0,1.0,1.0,4.0,206532.0
IMV-10866,Sudoeste / Octogonal,Apartamento,150.0,4.0,3.0,1.0,28.0,1551719.0
IMV-10867,Jardim Botânico,Casa,326.0,4.0,5.0,4.0,29.0,1374495.0
IMV-10868,Goianésia,Casa,328.0,5.0,6.0,3.0,3.0,885987.0
IMV-10869,26 de Setembro,Casa,213.0,5.0,5.0,4.0,5.0,515282.0
IMV-10870,Candangolândia,Apartamento,154.0,4.0,2.0,,36.0,
IMV-10871,Gama,,148.0,5.0,5.0,3.0,38.0,384655.0
IMV-10872,Vila Boa,Casa,368.0,4.0,6.0,4.0,32.0,371688.0
IMV-10873,Cavalcante,Casa,531.0,5.0,5.0,3.0,17.0,1008159.0
IMV-10874,Mimoso de Goiás,Casa,227.0,3.0,5.0,2.0,17.0,299640.0
IMV-10875,Mimoso de Goiás,Casa,553.0,5.0,7.0,,32.0,497373.0
IMV-10876,Alto Paraíso de Goiás,Casa,448.0,5.0,7.0,4.0,36.0,1312723.0
IMV-10877,Alexânia,Casa,548.0,4.0,6.0,2.0,27.0,1177130.0
IMV-10878,,Casa,279.0,5.0,7.0,4.0,39.0,343372.0
IMV-10879,Varjão,Casa,308.0,4.0,4.0,3.0,2.0,925499.0
IMV-10880,Abadiânia,Casa,348.0,4.0,4.0,3.0,18.0,613616.0
IMV-10881,Paranoá,Casa,292.0,,6.0,3.0,25.0,
IMV-10882,Noroeste,,53.0,1.0,1.0,0.0,38.0,497993.0
IMV-10883,Vila Propício,Casa,250.0,3.0,5.0,2.0,33.0,267235.0
IMV-10884,São João d’Aliança,Casa,283.0,3.0,4.0,3.0,8.0,497015.0
IMV-10885,Valparaíso de Goiás,Apartamento,59.0,1.0,1.0,0.0,27.0,133711.0
IMV-10886,,Casa,263.0,4.0,6.0,2.0,12.0,461958.0
IMV-10887,Niquelândia,Casa,423.0,4.0,4.0,,0.0,704823.0
IMV-10888,Valparaíso de Goiás,Apartamento,165.0,2.0,2.0,2.0,15.0,492659.0
IMV-10889,Ponte Alta,Casa,423.0,3.0,4.0,3.0,13.0,1146009.0
IMV-10890,Ponte Alta,Casa,,4.0,6.0,4.0,16.0,544775.0
IMV-10891,Sobradinho II,Casa,461.0,5.0,6.0,3.0,26.0,1324385.0
IMV-10892,Alvorada do Norte,Casa,455.0,4.0,5.0,2.0,38.0,577496.0
IMV-10893,Simolândia,Casa,174.0,3.0,4.0,2.0,36.0,219586.0
IMV-10894,Planaltina,Casa,333.0,3.0,,4.0,28.0,761999.0
IMV-10895,Taguatinga,Apartamento,137.0,,1.0,2.0,18.0,544804.0
IMV-10896,Santo Antônio do Descoberto,Casa,325.0,5.0,6.0,3.0,23.0,493933.0
IMV-10897,Brazlândia,Casa,488.0,3.0,3.0,4.0,22.0,1057904.0
IMV-10898,Arapoangas,Casa,414.0,5.0,7.0,3.0,28.0,749484.0
IMV-10899,Cavalcante,Casa,178.0,5.0,5.0,3.0,36.0,
IMV-10900,Santo Antônio do Descoberto,Casa,337.0,5.0,5.0,,21.0,575799.0
IMV-10901,Gama,Casa,597.0,4.0,6.0,3.0,29.0,1551376.0
IMV-10902,Candangolândia,Casa,379.0,4.0,6.0,2.0,24.0,1165364.0
IMV-10903,Brazlândia,Casa,512.0,5.0,5.0,4.0,38.0,1066105.0
IMV-10904,Águas Claras,Apartamento,114.0,1.0,1.0,2.0,16.0,758641.0
IMV-10905,Gama,Casa,131.0,4.0,4.0,3.0,24.0,377328.0
IMV-10906,Goianésia,,470.0,4.0,6.0,3.0,17.0,1006947.0
IMV-10907,Varjão,Casa,594.0,3.0,3.0,3.0,,1616218.0
IMV-10908,Cristalina,Casa,291.0,3.0,5.0,,21.0,
IMV-10909,Águas Lindas de Goiás,Apartamento,57.0,2.0,1.0,1.0,2.0,138407.0
IMV-10910,Asa Sul,,139.0,1.0,1.0,1.0,5.0,1310252.0
IMV-10911,Arapoangas,Casa,169.0,3.0,5.0,,17.0,394169.0
IMV-10912,Samambaia,,170.0,1.0,1.0,1.0,34.0,518098.0
IMV-10913,Arapoangas,Casa,451.0,4.0,6.0,4.0,30.0,867595.0
IMV-10914,Lago Norte,Casa,123.0,3.0,4.0,3.0,11.0,1296594.0
IMV-10915,Brazlândia,Casa,542.0,4.0,4.0,2.0,3.0,1740835.0
IMV-10916,Samambaia,Apartamento,147.0,4.0,3.0,1.0,18.0,539797.0
IMV-10917,Arniqueira,Casa,185.0,4.0,4.0,4.0,,641319.0
IMV-10918,Cabeceiras,Casa,154.0,3.0,4.0,3.0,13.0,257868.0
IMV-10919,Valparaíso de Goiás,Apartamento,165.0,2.0,1.0,1.0,25.0,443097.0
IMV-10920,Formosa,Casa,497.0,5.0,7.0,4.0,21.0,1368487.0
IMV-10921,Barro Alto,,276.0,4.0,,2.0,33.0,354144.0
IMV-10922,Cabeceiras,Casa,489.0,5.0,,4.0,10.0,804132.0
IMV-10923,Barro Alto,Casa,310.0,4.0,6.0,3.0,27.0,366914.0
IMV-10924,Sol Nascente / Pôr do Sol,Casa,346.0,5.0,5.0,,17.0,719686.0
IMV-10925,Novo Gama,Casa,161.0,4.0,5.0,2.0,26.0,322996.0
IMV-10926,Alvorada do Norte,Casa,,5.0,5.0,4.0,31.0,216370.0
IMV-10927,Candangolândia,Apartamento,115.0,4.0,3.0,1.0,39.0,358606.0
IMV-10928,,Apartamento,141.0,1.0,1.0,2.0,36.0,553901.0
IMV-10929,Sobradinho,Casa,140.0,4.0,6.0,3.0,31.0,
IMV-10930,Itapoã,Casa,534.0,4.0,6.0,3.0,22.0,1349368.0
IMV-10931,Vila Boa,Casa,,5.0,7.0,4.0,30.0,607504.0
IMV-10932,Recanto das Emas,Apartamento,73.0,4.0,1.0,2.0,12.0,211567.0
IMV-10933,Formosa,Casa,554.0,,5.0,3.0,30.0,1425078.0
IMV-10934,Vila Boa,Casa,,4.0,6.0,2.0,37.0,571595.0
IMV-10935,Águas Claras,,89.0,4.0,3.0,1.0,37.0,479619.0
IMV-10936,Paranoá,Casa,353.0,3.0,4.0,3.0,18.0,822814.0
IMV-10937,Alexânia,Casa,,5.0,5.0,2.0,4.0,1198037.0
IMV-10938,Lago Norte,Casa,189.0,4.0,6.0,2.0,35.0,1507294.0
IMV-10939,Gama,Apartamento,95.0,,2.0,1.0,37.0,251028.0
IMV-10940,Cabeceiras,Casa,155.0,5.0,5.0,,31.0,178973.0
IMV-10941,Alto Paraíso de Goiás,Casa,400.0,3.0,4.0,3.0,24.0,1263971.0
IMV-10942,Mimoso de Goiás,Casa,307.0,3.0,4.0,3.0,5.0,435869.0
IMV-10943,Asa Norte,Apartamento,41.0,3.0,2.0,1.0,10.0,379382.0
IMV-10944,,Casa,,5.0,7.0,3.0,9.0,941097.0
IMV-10945,Alexânia,Casa,283.0,4.0,5.0,4.0,18.0,581214.0
IMV-10946,Planaltina,Casa,,4.0,4.0,4.0,32.0,751133.0
IMV-10947,Cabeceira Grande,,558.0,,5.0,,26.0,763647.0
IMV-10948,,,335.0,3.0,5.0,2.0,3.0,455731.0
IMV-10949,Águas Claras,,180.0,2.0,1.0,1.0,16.0,1413881.0
IMV-10950,São Sebastião,Apartamento,155.0,3.0,2.0,2.0,13.0,538287.0
IMV-10951,,Casa,369.0,5.0,6.0,3.0,29.0,815620.0
IMV-10952,Taguatinga,Apartamento,122.0,4.0,4.0,2.0,,
IMV-10953,Cabeceira Grande,Casa,145.0,5.0,6.0,4.0,31.0,155670.0
IMV-10954,Lago Sul,Casa,482.0,4.0,6.0,2.0,8.0,4639257.0
IMV-10955,Cristalina,Casa,328.0,3.0,5.0,4.0,0.0,1035902.0
IMV-10956,Valparaíso de Goiás,Apartamento,90.0,3.0,1.0,1.0,10.0,239945.0
IMV-10957,Riacho Fundo II,Apartamento,166.0,,3.0,1.0,40.0,400819.0
IMV-10958,Alexânia,Casa,336.0,5.0,5.0,3.0,21.0,839854.0
IMV-10959,Gama,Casa,198.0,3.0,3.0,3.0,2.0,869365.0
IMV-10960,Ceilândia,Casa,539.0,4.0,4.0,2.0,38.0,1527390.0
IMV-10961,Recanto das Emas,Casa,246.0,5.0,5.0,2.0,9.0,628391.0
IMV-10962,Itapoã,Casa,398.0,5.0,6.0,2.0,19.0,1015615.0
IMV-10963,Cidade Ocidental,Casa,150.0,5.0,7.0,3.0,12.0,391316.0
IMV-10964,SIA,Apartamento,46.0,,,0.0,12.0,219910.0
IMV-10965,Santa Maria,Apartamento,74.0,2.0,1.0,2.0,11.0,243808.0
IMV-10966,Cavalcante,Casa,589.0,3.0,3.0,2.0,34.0,1069832.0
IMV-10967,,Apartamento,84.0,2.0,2.0,1.0,5.0,
IMV-10968,Guará,Apartamento,61.0,2.0,1.0,1.0,0.0,401593.0
IMV-10969,Taguatinga,Apartamento,45.0,1.0,1.0,0.0,6.0,252492.0
IMV-10970,Vila Propício,Casa,369.0,3.0,4.0,4.0,7.0,628633.0
IMV-10971,Candangolândia,Apartamento,,2.0,1.0,,39.0,342150.0
IMV-10972,SCIA / Estrutural,Casa,275.0,4.0,5.0,3.0,20.0,587554.0
IMV-10973,Formosa,Casa,434.0,3.0,5.0,3.0,10.0,1379300.0
IMV-10974,Lago Sul,Casa,397.0,4.0,4.0,2.0,8.0,3807987.0
IMV-10975,SCIA / Estrutural,Casa,148.0,,6.0,4.0,36.0,241055.0
IMV-10976,Água Fria de Goiás,Casa,300.0,5.0,5.0,2.0,19.0,431427.0
IMV-10977,Cabeceiras,Casa,468.0,5.0,7.0,4.0,5.0,906718.0
IMV-10978,Alexânia,Casa,469.0,5.0,6.0,2.0,32.0,794150.0
IMV-10979,Padre Bernardo,Casa,166.0,3.0,3.0,,8.0,303119.0
IMV-10980,Simolândia,Casa,216.0,5.0,6.0,4.0,28.0,231623.0
IMV-10981,Sol Nascente / Pôr do Sol,Apartamento,96.0,,1.0,2.0,33.0,155788.0
IMV-10982,Noroeste,Apartamento,42.0,3.0,3.0,0.0,33.0,418995.0
IMV-10983,Samambaia,Apartamento,54.0,4.0,2.0,0.0,11.0,215256.0
IMV-10984,Ponte Alta,Casa,223.0,5.0,6.0,2.0,24.0,
IMV-10985,Vila Propício,Casa,394.0,3.0,5.0,4.0,26.0,397168.0
IMV-10986,Asa Sul,Apartamento,92.0,2.0,1.0,2.0,5.0,954180.0
IMV-10987,Vicente Pires,Casa,162.0,5.0,6.0,3.0,22.0,636845.0
IMV-10988,São Sebastião,Casa,338.0,4.0,6.0,3.0,18.0,994477.0
IMV-10989,Santo Antônio do Descoberto,Casa,355.0,5.0,6.0,3.0,28.0,503692.0
IMV-10990,Sobradinho II,Casa,505.0,5.0,5.0,3.0,10.0,1640295.0
IMV-10991,Gama,Apartamento,170.0,4.0,4.0,2.0,,638749.0
IMV-10992,Arapoangas,Casa,447.0,3.0,4.0,4.0,7.0,1029498.0
IMV-10993,Vicente Pires,Casa,208.0,4.0,6.0,2.0,25.0,681109.0
IMV-10994,São João d’Aliança,Casa,597.0,5.0,5.0,2.0,8.0,1215923.0
IMV-10995,Lago Norte,Casa,528.0,3.0,5.0,3.0,,4207528.0
IMV-10996,Água Quente,Casa,382.0,5.0,,4.0,1.0,905331.0
IMV-10997,Goianésia,,211.0,,6.0,3.0,4.0,503933.0
IMV-10998,Recanto das Emas,Apartamento,61.0,,2.0,0.0,23.0,151072.0
IMV-10999,Novo Gama,Casa,238.0,3.0,,,33.0,450320.0
IMV-11000,Park Way,Casa,271.0,,4.0,3.0,30.0,1828525.0
IMV-11001,Vila Propício,Casa,267.0,5.0,7.0,3.0,40.0,314058.0
IMV-11002,Pirenópolis,Casa,551.0,3.0,4.0,3.0,13.0,
IMV-11003,Novo Gama,Casa,378.0,5.0,,4.0,31.0,594392.0
IMV-11004,Simolândia,Casa,409.0,3.0,4.0,4.0,14.0,642743.0
IMV-11005,Arapoangas,Casa,398.0,4.0,6.0,,25.0,896096.0
IMV-11006,Noroeste,Apartamento,63.0,2.0,1.0,,25.0,671929.0
IMV-11007,Padre Bernardo,Casa,222.0,4.0,5.0,3.0,3.0,422148.0
IMV-11008,Simolândia,Casa,252.0,4.0,4.0,3.0,23.0,314819.0
IMV-11009,Fercal,Casa,454.0,5.0,5.0,2.0,0.0,1095702.0
IMV-11010,São Sebastião,Apartamento,90.0,1.0,1.0,2.0,13.0,
IMV-11011,Niquelândia,Casa,287.0,5.0,7.0,4.0,38.0,420874.0
IMV-11012,Taguatinga,Apartamento,174.0,1.0,1.0,2.0,0.0,882304.0
IMV-11013,Candangolândia,Apartamento,,4.0,3.0,2.0,33.0,296216.0
IMV-11014,Riacho Fundo II,Apartamento,103.0,4.0,3.0,2.0,26.0,243322.0
IMV-11015,São Sebastião,Apartamento,,1.0,1.0,0.0,22.0,146476.0
IMV-11016,Brazlândia,Casa,375.0,3.0,3.0,4.0,5.0,1094909.0
IMV-11017,Abadiânia,Casa,553.0,3.0,3.0,4.0,,1269997.0
IMV-11018,Candangolândia,Apartamento,174.0,3.0,1.0,1.0,,718905.0
IMV-11019,Alto Paraíso de Goiás,Casa,403.0,5.0,6.0,3.0,16.0,1590542.0
IMV-11020,Cristalina,,268.0,5.0,7.0,4.0,21.0,726978.0
IMV-11021,Arniqueira,,184.0,4.0,6.0,4.0,8.0,857978.0
IMV-11022,Asa Norte,Apartamento,128.0,2.0,1.0,1.0,38.0,1080062.0
IMV-11023,Lago Norte,Casa,558.0,4.0,5.0,3.0,35.0,4051476.0
IMV-11024,SCIA / Estrutural,Apartamento,76.0,1.0,1.0,2.0,15.0,157536.0
IMV-11025,SCIA / Estrutural,Casa,232.0,3.0,3.0,4.0,35.0,440556.0
IMV-11026,Santa Maria,Casa,250.0,4.0,5.0,4.0,39.0,
IMV-11027,Asa Sul,Apartamento,86.0,4.0,4.0,1.0,20.0,712898.0
IMV-11028,Pirenópolis,Casa,579.0,4.0,4.0,2.0,,2121741.0
IMV-11029,Sobradinho,Casa,445.0,3.0,4.0,4.0,16.0,1467618.0
IMV-11030,Padre Bernardo,Casa,588.0,3.0,3.0,2.0,5.0,1047112.0
IMV-11031,,Casa,158.0,4.0,5.0,3.0,14.0,260532.0
IMV-11032,Sobradinho II,Casa,453.0,3.0,,2.0,5.0,1460488.0
IMV-11033,Águas Claras,Apartamento,95.0,1.0,,1.0,12.0,604391.0
IMV-11034,Paranoá,Casa,191.0,3.0,4.0,2.0,35.0,498455.0
IMV-11035,Flores de Goiás,Casa,175.0,5.0,7.0,3.0,8.0,242381.0
IMV-11036,Cocalzinho de Goiás,Casa,307.0,,5.0,2.0,32.0,543068.0
IMV-11037,Abadiânia,Casa,478.0,3.0,4.0,3.0,27.0,825635.0
IMV-11038,Abadiânia,Casa,283.0,3.0,3.0,2.0,9.0,597488.0
IMV-11039,Flores de Goiás,Casa,364.0,4.0,5.0,3.0,3.0,547869.0
IMV-11040,Mimoso de Goiás,Casa,589.0,4.0,4.0,2.0,20.0,681776.0
IMV-11041,Sobradinho,Casa,504.0,5.0,7.0,2.0,4.0,2035091.0
IMV-11042,Ponte Alta,Casa,298.0,3.0,3.0,2.0,17.0,773210.0
IMV-11043,Cabeceiras,Casa,314.0,4.0,6.0,3.0,16.0,482326.0
IMV-11044,Lago Sul,Casa,238.0,5.0,6.0,4.0,17.0,2190837.0
IMV-11045,,,568.0,3.0,3.0,2.0,1.0,1112444.0
IMV-11046,Barro Alto,Casa,307.0,5.0,7.0,4.0,19.0,469244.0
IMV-11047,,Apartamento,143.0,2.0,2.0,1.0,19.0,
IMV-11048,Formosa,Casa,594.0,3.0,5.0,3.0,21.0,1540069.0
IMV-11049,26 de Setembro,,574.0,4.0,5.0,3.0,34.0,860777.0
IMV-11050,Cidade Ocidental,Casa,172.0,5.0,6.0,2.0,20.0,424817.0
IMV-11051,Cabeceiras,Casa,370.0,5.0,6.0,2.0,10.0,648861.0
IMV-11052,Cavalcante,,167.0,3.0,5.0,4.0,20.0,263900.0
IMV-11053,Barro Alto,Casa,553.0,4.0,5.0,2.0,3.0,901832.0
IMV-11054,Sol Nascente / Pôr do Sol,Casa,470.0,3.0,4.0,3.0,33.0,689543.0
IMV-11055,,Apartamento,62.0,4.0,2.0,1.0,5.0,434123.0
IMV-11056,Pirenópolis,Casa,401.0,3.0,3.0,2.0,7.0,1474330.0
IMV-11057,Sobradinho II,Casa,380.0,5.0,5.0,3.0,8.0,1333761.0
IMV-11058,,Apartamento,168.0,1.0,1.0,2.0,20.0,674274.0
IMV-11059,Alto Paraíso de Goiás,Casa,199.0,5.0,5.0,2.0,13.0,756623.0
IMV-11060,Varjão,Apartamento,139.0,3.0,1.0,2.0,11.0,422196.0
IMV-11061,Simolândia,Casa,547.0,5.0,6.0,3.0,5.0,863973.0
IMV-11062,Santa Maria,Apartamento,78.0,1.0,,2.0,37.0,165902.0
IMV-11063,SCIA / Estrutural,Casa,463.0,3.0,3.0,3.0,7.0,1195266.0
IMV-11064,Arniqueira,Casa,353.0,3.0,3.0,4.0,23.0,1303668.0
IMV-11065,SCIA / Estrutural,Casa,350.0,4.0,4.0,2.0,32.0,669597.0
IMV-11066,Cocalzinho de Goiás,Casa,513.0,3.0,,3.0,4.0,1046080.0
IMV-11067,Alexânia,Casa,324.0,5.0,6.0,2.0,40.0,540874.0
IMV-11068,Park Way,Casa,505.0,3.0,4.0,2.0,13.0,3687309.0
IMV-11069,Santa Maria,Apartamento,85.0,3.0,3.0,1.0,32.0,187822.0
IMV-11070,Padre Bernardo,Casa,428.0,4.0,,4.0,3.0,904403.0
IMV-11071,Alexânia,Casa,123.0,3.0,5.0,3.0,31.0,
IMV-11072,Valparaíso de Goiás,Apartamento,137.0,,,2.0,40.0,298751.0
IMV-11073,Gama,Apartamento,,2.0,2.0,1.0,10.0,321944.0
IMV-11074,Varjão,Apartamento,101.0,4.0,1.0,2.0,5.0,323043.0
IMV-11075,Cocalzinho de Goiás,Casa,163.0,3.0,,4.0,38.0,263697.0
IMV-11076,Sobradinho,Casa,309.0,5.0,7.0,3.0,1.0,1416723.0
IMV-11077,Riacho Fundo,Casa,257.0,5.0,7.0,3.0,0.0,1150911.0
IMV-11078,Candangolândia,Apartamento,93.0,2.0,1.0,2.0,16.0,335991.0
IMV-11079,Vila Boa,Casa,552.0,4.0,6.0,3.0,20.0,716977.0
IMV-11080,São Sebastião,Casa,213.0,,4.0,3.0,10.0,624288.0
IMV-11081,Fercal,Casa,328.0,3.0,3.0,4.0,6.0,708029.0
IMV-11082,Varjão,Casa,600.0,3.0,4.0,4.0,35.0,1333651.0
IMV-11083,Novo Gama,Casa,562.0,5.0,5.0,,10.0,1133081.0
IMV-11084,Riacho Fundo,Casa,271.0,5.0,5.0,3.0,6.0,1025717.0
IMV-11085,Ceilândia,Casa,520.0,5.0,6.0,3.0,27.0,1421019.0
IMV-11086,Luziânia,,203.0,3.0,5.0,3.0,37.0,438686.0
IMV-11087,Cruzeiro,Apartamento,45.0,2.0,2.0,1.0,30.0,
IMV-11088,Barro Alto,Casa,507.0,5.0,5.0,3.0,39.0,650730.0
IMV-11089,Flores de Goiás,Casa,283.0,5.0,5.0,4.0,15.0,381599.0
IMV-11090,Flores de Goiás,Casa,126.0,,4.0,2.0,16.0,174245.0
IMV-11091,Simolândia,Casa,505.0,3.0,3.0,2.0,7.0,
IMV-11092,Varjão,Apartamento,94.0,3.0,2.0,2.0,32.0,255876.0
IMV-11093,Cruzeiro,Apartamento,,3.0,3.0,2.0,37.0,675084.0
IMV-11094,Santo Antônio do Descoberto,Casa,149.0,4.0,4.0,2.0,29.0,258449.0
IMV-11095,Noroeste,Apartamento,47.0,3.0,,0.0,35.0,385107.0
IMV-11096,Alexânia,Casa,464.0,4.0,4.0,2.0,4.0,
IMV-11097,Arniqueira,Casa,515.0,4.0,,2.0,28.0,1912332.0
IMV-11098,Goianésia,Casa,474.0,4.0,5.0,2.0,24.0,
IMV-11099,Gama,Casa,485.0,3.0,3.0,4.0,29.0,1444164.0
IMV-11100,Lago Norte,Casa,211.0,,3.0,3.0,8.0,2283932.0
IMV-11101,Santa Maria,Apartamento,84.0,3.0,2.0,1.0,17.0,236900.0
IMV-11102,Guará,Casa,339.0,3.0,3.0,2.0,22.0,1803800.0
IMV-11103,Simolândia,Casa,530.0,4.0,4.0,,20.0,740310.0
IMV-11104,Padre Bernardo,Casa,391.0,3.0,3.0,4.0,14.0,698881.0
IMV-11105,Paranoá,Casa,140.0,5.0,6.0,4.0,26.0,375680.0
IMV-11106,Água Fria de Goiás,Casa,445.0,3.0,3.0,4.0,39.0,632631.0
IMV-11107,Luziânia,Casa,413.0,3.0,3.0,3.0,34.0,724973.0
IMV-11108,Cruzeiro,Apartamento,93.0,2.0,1.0,1.0,14.0,661815.0
IMV-11109,Samambaia,Apartamento,145.0,3.0,1.0,1.0,30.0,469758.0
IMV-11110,Água Quente,Casa,121.0,,3.0,3.0,,152122.0
IMV-11111,Lago Norte,Casa,307.0,3.0,4.0,4.0,,2103468.0
IMV-11112,Candangolândia,Apartamento,108.0,4.0,4.0,1.0,8.0,471806.0
IMV-11113,Flores de Goiás,Casa,442.0,5.0,,2.0,19.0,512810.0
IMV-11114,Águas Lindas de Goiás,Casa,584.0,4.0,5.0,3.0,38.0,1110941.0
IMV-11115,Luziânia,Casa,414.0,4.0,6.0,4.0,20.0,960761.0
IMV-11116,São Sebastião,Apartamento,107.0,1.0,1.0,1.0,8.0,341675.0
IMV-11117,Alexânia,Casa,576.0,3.0,4.0,3.0,35.0,1130352.0
IMV-11118,Formosa,Casa,,4.0,6.0,,9.0,1351724.0
IMV-11119,Arniqueira,Casa,189.0,5.0,5.0,4.0,1.0,815724.0
IMV-11120,Goianésia,Casa,460.0,3.0,5.0,2.0,5.0,1237896.0
IMV-11121,,Apartamento,60.0,1.0,1.0,0.0,29.0,152654.0
IMV-11122,Sudoeste / Octogonal,Apartamento,115.0,2.0,1.0,2.0,9.0,1310262.0
IMV-11123,Alto Paraíso de Goiás,,586.0,4.0,4.0,4.0,32.0,1793237.0
IMV-11124,,Apartamento,42.0,2.0,1.0,0.0,1.0,150157.0
IMV-11125,Asa Norte,,,4.0,3.0,2.0,27.0,902030.0
IMV-11126,Águas Lindas de Goiás,,515.0,3.0,5.0,3.0,0.0,1439364.0
IMV-11127,,Casa,320.0,3.0,4.0,2.0,1.0,447270.0
IMV-11128,Lago Norte,Casa,464.0,3.0,4.0,3.0,17.0,4385418.0
IMV-11129,Riacho Fundo II,Apartamento,53.0,3.0,3.0,1.0,16.0,162756.0
IMV-11130,,,152.0,5.0,7.0,2.0,38.0,289798.0
IMV-11131,Padre Bernardo,Casa,507.0,5.0,7.0,4.0,27.0,843686.0
IMV-11132,,Casa,502.0,3.0,5.0,4.0,15.0,915025.0
IMV-11133,Taguatinga,Casa,208.0,4.0,6.0,2.0,18.0,
IMV-11134,Varjão,Casa,212.0,4.0,5.0,2.0,13.0,600732.0
IMV-11135,Lago Sul,Casa,172.0,,4.0,4.0,37.0,1360940.0
IMV-11136,,Casa,560.0,5.0,6.0,2.0,19.0,1636702.0
IMV-11137,Alvorada do Norte,Casa,256.0,5.0,,2.0,,352054.0
IMV-11138,SIA,,150.0,1.0,1.0,1.0,31.0,533742.0
IMV-11139,Ponte Alta,Casa,513.0,3.0,5.0,2.0,14.0,1130865.0
IMV-11140,Brazlândia,Casa,230.0,4.0,6.0,3.0,1.0,616163.0
IMV-11141,Mimoso de Goiás,Casa,294.0,5.0,6.0,3.0,,339106.0
IMV-11142,Alto Paraíso de Goiás,Casa,172.0,4.0,4.0,3.0,27.0,
IMV-11143,Vicente Pires,Casa,354.0,3.0,5.0,3.0,20.0,1308171.0
IMV-11144,Alexânia,Casa,404.0,4.0,6.0,2.0,3.0,1022238.0
IMV-11145,Goianésia,Casa,172.0,4.0,5.0,2.0,10.0,400436.0
IMV-11146,Cocalzinho de Goiás,Casa,361.0,5.0,6.0,,27.0,560375.0
IMV-11147,Formosa,Casa,219.0,5.0,6.0,4.0,22.0,603101.0
IMV-11148,Ponte Alta,Casa,164.0,5.0,7.0,4.0,25.0,385191.0
IMV-11149,Sol Nascente / Pôr do Sol,Apartamento,172.0,1.0,1.0,1.0,15.0,298380.0
IMV-11150,Taguatinga,Casa,404.0,4.0,5.0,4.0,,1497697.0
IMV-11151,Vicente Pires,Casa,453.0,5.0,7.0,2.0,11.0,
IMV-11152,Mimoso de Goiás,Casa,152.0,5.0,7.0,3.0,28.0,183190.0
IMV-11153,Santa Maria,Casa,525.0,4.0,5.0,3.0,10.0,1675868.0
IMV-11154,Brazlândia,Casa,173.0,5.0,5.0,2.0,0.0,516062.0
IMV-11155,SIA,Apartamento,79.0,3.0,1.0,2.0,28.0,325045.0
IMV-11156,Cabeceiras,Casa,485.0,3.0,5.0,3.0,7.0,882893.0
IMV-11157,Taguatinga,Apartamento,79.0,2.0,2.0,1.0,23.0,283798.0
IMV-11158,Varjão,Apartamento,122.0,4.0,2.0,2.0,37.0,270960.0
IMV-11159,Lago Sul,Casa,195.0,4.0,4.0,4.0,40.0,
IMV-11160,Pirenópolis,Casa,262.0,3.0,,3.0,18.0,1001630.0
IMV-11161,Abadiânia,Casa,179.0,4.0,,4.0,10.0,322273.0
IMV-11162,Samambaia,Apartamento,91.0,2.0,1.0,1.0,19.0,303550.0
IMV-11163,Cidade Ocidental,Casa,503.0,3.0,4.0,2.0,18.0,1240252.0
IMV-11164,Candangolândia,Casa,364.0,3.0,4.0,4.0,33.0,1212118.0
IMV-11165,Arapoangas,Casa,151.0,5.0,5.0,4.0,38.0,284511.0
IMV-11166,Park Way,Casa,194.0,3.0,3.0,4.0,,1699437.0
IMV-11167,Noroeste,Apartamento,139.0,2.0,2.0,2.0,17.0,1503880.0
IMV-11168,,Apartamento,78.0,2.0,1.0,2.0,18.0,230985.0
IMV-11169,Gama,Casa,440.0,4.0,5.0,2.0,31.0,1142438.0
IMV-11170,Planaltina,Apartamento,73.0,1.0,1.0,1.0,23.0,158993.0
IMV-11171,,Casa,501.0,5.0,6.0,3.0,11.0,796092.0
IMV-11172,Planaltina,Apartamento,100.0,4.0,3.0,1.0,28.0,244069.0
IMV-11173,Ponte Alta,Casa,339.0,4.0,5.0,4.0,39.0,611437.0
IMV-11174,Taguatinga,Casa,321.0,5.0,5.0,3.0,,1479887.0
IMV-11175,São Sebastião,Apartamento,71.0,2.0,1.0,2.0,15.0,203614.0
IMV-11176,Fercal,Casa,573.0,3.0,5.0,3.0,21.0,1055717.0
IMV-11177,Abadiânia,Casa,456.0,4.0,6.0,4.0,20.0,803288.0
IMV-11178,Santo Antônio do Descoberto,Casa,460.0,5.0,7.0,2.0,38.0,680505.0
IMV-11179,Park Way,,206.0,,5.0,4.0,19.0,1583521.0
IMV-11180,26 de Setembro,Casa,531.0,,6.0,3.0,5.0,1290113.0
IMV-11181,Arniqueira,Casa,212.0,3.0,3.0,4.0,40.0,778698.0
IMV-11182,Ponte Alta,Casa,488.0,,5.0,3.0,5.0,1287591.0
IMV-11183,Jardim Botânico,Casa,302.0,4.0,5.0,4.0,5.0,1639594.0
IMV-11184,Varjão,Casa,410.0,3.0,4.0,4.0,26.0,
IMV-11185,,Apartamento,172.0,,1.0,1.0,20.0,1537792.0
IMV-11186,Planaltina,Casa,545.0,5.0,7.0,2.0,38.0,1310094.0
IMV-11187,São João d’Aliança,Casa,150.0,4.0,6.0,4.0,10.0,274616.0
IMV-11188,Luziânia,Casa,184.0,3.0,3.0,3.0,31.0,305922.0
IMV-11189,Águas Lindas de Goiás,Apartamento,168.0,3.0,1.0,1.0,18.0,306250.0
IMV-11190,Mimoso de Goiás,Casa,235.0,4.0,4.0,,26.0,234129.0
IMV-11191,Goianésia,Casa,485.0,5.0,6.0,4.0,,812603.0
IMV-11192,Brazlândia,Casa,441.0,4.0,4.0,4.0,13.0,1251937.0
IMV-11193,Padre Bernardo,Casa,434.0,5.0,6.0,2.0,9.0,985968.0
IMV-11194,Águas Claras,Apartamento,158.0,2.0,1.0,2.0,11.0,1114623.0
IMV-11195,Guará,Casa,349.0,3.0,5.0,2.0,30.0,1874429.0
IMV-11196,Vila Boa,Casa,157.0,,3.0,3.0,24.0,201862.0
IMV-11197,Formosa,Casa,552.0,3.0,4.0,3.0,26.0,1372876.0
IMV-11198,Taguatinga,Apartamento,76.0,2.0,1.0,1.0,34.0,292953.0
IMV-11199,Alvorada do Norte,Casa,,5.0,6.0,,4.0,554298.0
IMV-11200,Valparaíso de Goiás,Apartamento,64.0,1.0,1.0,1.0,16.0,150451.0
IMV-11201,Goianésia,Casa,383.0,4.0,5.0,3.0,33.0,593896.0
IMV-11202,Guará,Apartamento,161.0,4.0,1.0,1.0,29.0,762646.0
IMV-11203,Candangolândia,Casa,401.0,3.0,,2.0,2.0,1897333.0
IMV-11204,Arniqueira,Casa,529.0,3.0,3.0,2.0,,2048322.0
IMV-11205,Cruzeiro,Apartamento,53.0,2.0,2.0,0.0,34.0,291801.0
IMV-11206,Jardim Botânico,Casa,279.0,3.0,5.0,3.0,32.0,1272450.0
IMV-11207,Pirenópolis,Casa,220.0,4.0,4.0,4.0,12.0,804367.0
IMV-11208,Varjão,Apartamento,64.0,2.0,1.0,0.0,12.0,175490.0
IMV-11209,Vila Propício,Casa,411.0,3.0,3.0,3.0,2.0,608425.0
IMV-11210,Padre Bernardo,Casa,495.0,3.0,3.0,3.0,39.0,745512.0
IMV-11211,Goianésia,Casa,530.0,4.0,5.0,4.0,38.0,969456.0
IMV-11212,Sobradinho,Casa,142.0,4.0,5.0,3.0,5.0,585011.0
IMV-11213,,Casa,180.0,3.0,3.0,4.0,4.0,421519.0
IMV-11214,Taguatinga,,178.0,3.0,,2.0,12.0,845911.0
IMV-11215,Itapoã,Casa,315.0,3.0,5.0,2.0,,750044.0
IMV-11216,SCIA / Estrutural,Casa,226.0,3.0,3.0,4.0,21.0,531664.0
IMV-11217,Cabeceiras,Casa,544.0,3.0,4.0,2.0,38.0,662404.0
IMV-11218,Asa Norte,,97.0,2.0,1.0,2.0,22.0,828333.0
IMV-11219,,Apartamento,168.0,4.0,1.0,2.0,31.0,
IMV-11220,Planaltina (GO),Casa,130.0,3.0,4.0,3.0,8.0,259389.0
IMV-11221,Ponte Alta,Casa,141.0,3.0,3.0,4.0,31.0,312355.0
IMV-11222,Vila Boa,Casa,581.0,3.0,,4.0,7.0,773723.0
IMV-11223,Vila Boa,,157.0,4.0,4.0,3.0,9.0,224268.0
IMV-11224,Samambaia,Apartamento,129.0,3.0,2.0,2.0,26.0,382912.0
IMV-11225,Itapoã,,142.0,4.0,4.0,2.0,6.0,474899.0
IMV-11226,Ponte Alta,Casa,501.0,3.0,5.0,4.0,12.0,1275772.0
IMV-11227,,Casa,265.0,4.0,5.0,4.0,10.0,437154.0
IMV-11228,Noroeste,Apartamento,117.0,2.0,2.0,1.0,27.0,1266083.0
IMV-11229,Santo Antônio do Descoberto,Casa,144.0,3.0,,2.0,0.0,351928.0
IMV-11230,Alvorada do Norte,Casa,221.0,4.0,6.0,,1.0,377598.0
IMV-11231,Águas Claras,Apartamento,166.0,1.0,1.0,2.0,10.0,1374918.0
IMV-11232,Flores de Goiás,Casa,467.0,4.0,5.0,3.0,10.0,590763.0
IMV-11233,Água Fria de Goiás,Casa,399.0,4.0,5.0,2.0,23.0,497656.0
IMV-11234,Padre Bernardo,Casa,511.0,4.0,4.0,4.0,15.0,1024662.0
IMV-11235,Vicente Pires,Casa,329.0,5.0,5.0,4.0,33.0,1014945.0
IMV-11236,Vicente Pires,Casa,140.0,3.0,5.0,2.0,0.0,627543.0
IMV-11237,Cruzeiro,Apartamento,105.0,1.0,1.0,2.0,24.0,606533.0
IMV-11238,Vicente Pires,Casa,590.0,4.0,6.0,4.0,13.0,2445632.0
IMV-11239,Santo Antônio do Descoberto,Casa,,5.0,7.0,2.0,27.0,628527.0
IMV-11240,Vicente Pires,Casa,586.0,5.0,6.0,4.0,15.0,2164535.0
IMV-11241,Pirenópolis,Casa,444.0,4.0,4.0,3.0,36.0,1363578.0
IMV-11242,Novo Gama,Casa,163.0,5.0,,4.0,20.0,301219.0
IMV-11243,Santa Maria,Casa,431.0,5.0,5.0,3.0,17.0,1404668.0
IMV-11244,Água Fria de Goiás,Casa,207.0,3.0,4.0,3.0,25.0,283525.0
IMV-11245,Águas Lindas de Goiás,Apartamento,58.0,1.0,1.0,0.0,5.0,154342.0
IMV-11246,Park Way,Casa,274.0,4.0,4.0,3.0,21.0,1603036.0
IMV-11247,Água Quente,Casa,525.0,3.0,5.0,3.0,33.0,860344.0
IMV-11248,Pirenópolis,Casa,280.0,4.0,6.0,,20.0,1057623.0
IMV-11249,SCIA / Estrutural,Apartamento,95.0,2.0,2.0,1.0,1.0,264700.0
IMV-11250,Cruzeiro,Apartamento,130.0,4.0,2.0,1.0,17.0,840125.0
IMV-11251,Valparaíso de Goiás,Apartamento,,1.0,1.0,2.0,,264684.0
IMV-11252,Alexânia,Casa,203.0,3.0,4.0,4.0,34.0,371383.0
IMV-11253,Padre Bernardo,Casa,367.0,5.0,7.0,,6.0,690774.0
IMV-11254,Pirenópolis,Casa,461.0,4.0,6.0,3.0,37.0,1369134.0
IMV-11255,Cruzeiro,Apartamento,,3.0,2.0,2.0,37.0,840801.0
IMV-11256,Gama,Apartamento,53.0,4.0,1.0,1.0,33.0,133985.0
IMV-11257,Ceilândia,Apartamento,82.0,3.0,1.0,1.0,5.0,269022.0
IMV-11258,Abadiânia,Casa,574.0,4.0,4.0,4.0,30.0,980859.0
IMV-11259,Vicente Pires,Casa,303.0,3.0,4.0,4.0,29.0,1060913.0
IMV-11260,,Casa,552.0,5.0,,2.0,11.0,829615.0
IMV-11261,Águas Lindas de Goiás,Apartamento,117.0,4.0,4.0,2.0,1.0,315206.0
IMV-11262,Núcleo Bandeirante,Apartamento,59.0,2.0,2.0,0.0,27.0,189401.0
IMV-11263,Santo Antônio do Descoberto,Casa,138.0,3.0,4.0,3.0,7.0,296053.0
IMV-11264,Alvorada do Norte,Casa,413.0,4.0,5.0,4.0,6.0,593358.0
IMV-11265,Cristalina,Casa,,4.0,6.0,3.0,8.0,1479368.0
IMV-11266,Brazlândia,Casa,322.0,5.0,,3.0,25.0,811384.0
IMV-11267,,Casa,334.0,3.0,4.0,,38.0,511932.0
IMV-11268,Arniqueira,Casa,191.0,3.0,3.0,3.0,40.0,705887.0
IMV-11269,Simolândia,Casa,483.0,3.0,3.0,3.0,38.0,580370.0
IMV-11270,Brazlândia,Casa,481.0,4.0,5.0,4.0,11.0,1177691.0
IMV-11271,Vila Propício,Casa,194.0,3.0,4.0,2.0,10.0,296760.0
IMV-11272,Valparaíso de Goiás,Apartamento,84.0,3.0,2.0,1.0,37.0,163889.0
IMV-11273,Luziânia,Casa,442.0,3.0,,4.0,13.0,1000019.0
IMV-11274,Mimoso de Goiás,Casa,211.0,3.0,4.0,4.0,10.0,301745.0
IMV-11275,Cruzeiro,Apartamento,71.0,,1.0,2.0,11.0,473854.0
IMV-11276,Noroeste,Apartamento,114.0,3.0,2.0,1.0,25.0,999880.0
IMV-11277,Asa Sul,Apartamento,74.0,,1.0,1.0,11.0,687936.0
IMV-11278,Luziânia,Casa,491.0,4.0,5.0,3.0,0.0,1205292.0
IMV-11279,SCIA / Estrutural,Casa,140.0,4.0,4.0,2.0,20.0,310010.0
IMV-11280,Cocalzinho de Goiás,Casa,,3.0,3.0,3.0,4.0,627310.0
IMV-11281,Guará,Apartamento,154.0,4.0,2.0,2.0,21.0,969667.0
IMV-11282,Cavalcante,Casa,238.0,4.0,5.0,3.0,15.0,405058.0
IMV-11283,São Sebastião,Apartamento,152.0,1.0,1.0,2.0,36.0,399035.0
IMV-11284,Taguatinga,Casa,559.0,3.0,3.0,4.0,,2312012.0
IMV-11285,Goianésia,Casa,218.0,4.0,4.0,3.0,29.0,381964.0
IMV-11286,Alto Paraíso de Goiás,Casa,462.0,5.0,5.0,2.0,35.0,1318661.0
IMV-11287,,Casa,192.0,3.0,3.0,4.0,24.0,219317.0
IMV-11288,Cristalina,Casa,,4.0,6.0,4.0,34.0,478411.0
IMV-11289,Asa Norte,Apartamento,142.0,4.0,3.0,2.0,7.0,1243673.0
IMV-11290,Alto Paraíso de Goiás,Casa,572.0,4.0,4.0,3.0,11.0,
IMV-11291,Cavalcante,Casa,490.0,,6.0,2.0,27.0,757564.0
IMV-11292,Planaltina (GO),Casa,239.0,3.0,4.0,3.0,13.0,468871.0
IMV-11293,Asa Sul,Apartamento,125.0,1.0,1.0,1.0,,1072066.0
IMV-11294,Jardim Botânico,Casa,211.0,4.0,6.0,2.0,15.0,1318109.0
IMV-11295,Jardim Botânico,Casa,558.0,3.0,4.0,2.0,23.0,2566273.0
IMV-11296,Águas Claras,Apartamento,109.0,3.0,2.0,2.0,32.0,725320.0
IMV-11297,Água Quente,Casa,,,5.0,4.0,5.0,396638.0
IMV-11298,Paranoá,Casa,546.0,3.0,4.0,,15.0,1635836.0
IMV-11299,Gama,Apartamento,143.0,3.0,2.0,2.0,23.0,514813.0
IMV-11300,Park Way,Casa,395.0,4.0,5.0,3.0,12.0,3359674.0
IMV-11301,Valparaíso de Goiás,Apartamento,98.0,3.0,3.0,1.0,31.0,248271.0
IMV-11302,Cidade Ocidental,Casa,286.0,4.0,6.0,4.0,22.0,572437.0
IMV-11303,Sudoeste / Octogonal,Apartamento,77.0,2.0,2.0,,0.0,1103457.0
IMV-11304,,Casa,435.0,5.0,7.0,2.0,36.0,456088.0
IMV-11305,SIA,Apartamento,79.0,2.0,1.0,1.0,40.0,283374.0
IMV-11306,Ceilândia,Casa,528.0,5.0,5.0,4.0,13.0,1639999.0
IMV-11307,Candangolândia,Casa,415.0,,5.0,2.0,8.0,1906922.0
IMV-11308,Noroeste,Apartamento,51.0,2.0,1.0,,28.0,426642.0
IMV-11309,Sobradinho,Casa,511.0,4.0,6.0,3.0,28.0,1859573.0
IMV-11310,Candangolândia,Casa,530.0,,5.0,2.0,3.0,2228417.0
IMV-11311,Sol Nascente / Pôr do Sol,Apartamento,142.0,4.0,3.0,2.0,1.0,330795.0
IMV-11312,Alto Paraíso de Goiás,Casa,201.0,5.0,6.0,3.0,32.0,562584.0
IMV-11313,Ponte Alta,Casa,381.0,5.0,5.0,4.0,33.0,764201.0
IMV-11314,São João d’Aliança,Casa,543.0,3.0,4.0,2.0,32.0,
IMV-11315,Taguatinga,Apartamento,134.0,3.0,3.0,1.0,34.0,
IMV-11316,Itapoã,Casa,556.0,4.0,4.0,3.0,16.0,1320387.0
IMV-11317,Águas Claras,Apartamento,68.0,4.0,2.0,0.0,35.0,359360.0
IMV-11318,Sudoeste / Octogonal,Apartamento,46.0,1.0,1.0,0.0,27.0,461933.0
IMV-11319,Recanto das Emas,Apartamento,166.0,,2.0,1.0,40.0,373970.0
IMV-11320,Niquelândia,Casa,128.0,5.0,7.0,,30.0,152897.0
IMV-11321,Sudoeste / Octogonal,Apartamento,108.0,4.0,1.0,2.0,26.0,1023541.0
IMV-11322,Riacho Fundo II,Casa,327.0,4.0,4.0,3.0,25.0,936002.0
IMV-11323,Varjão,Casa,454.0,3.0,4.0,4.0,11.0,1592545.0
IMV-11324,Niquelândia,Casa,571.0,5.0,6.0,2.0,7.0,1045305.0
IMV-11325,Vila Propício,Casa,417.0,3.0,3.0,4.0,7.0,568001.0
IMV-11326,Asa Sul,Apartamento,67.0,2.0,1.0,1.0,10.0,580162.0
IMV-11327,Sobradinho II,Casa,305.0,5.0,,3.0,6.0,
IMV-11328,Ponte Alta,Casa,224.0,5.0,7.0,,28.0,426456.0
IMV-11329,Lago Norte,Casa,257.0,3.0,5.0,3.0,17.0,2508134.0
IMV-11330,Abadiânia,Casa,221.0,3.0,3.0,4.0,33.0,401713.0
IMV-11331,Águas Lindas de Goiás,Casa,148.0,4.0,4.0,2.0,,307072.0
IMV-11332,Riacho Fundo,Casa,393.0,3.0,4.0,2.0,16.0,1125698.0
IMV-11333,Água Fria de Goiás,Casa,488.0,3.0,4.0,2.0,19.0,732893.0
IMV-11334,Vila Propício,Casa,399.0,4.0,5.0,4.0,28.0,441104.0
IMV-11335,Niquelândia,Casa,370.0,,5.0,2.0,5.0,713436.0
IMV-11336,Riacho Fundo II,Apartamento,,4.0,3.0,1.0,14.0,331990.0
IMV-11337,Gama,Apartamento,135.0,,2.0,1.0,11.0,523846.0
IMV-11338,Água Fria de Goiás,Casa,434.0,4.0,4.0,4.0,12.0,
IMV-11339,Água Quente,Casa,223.0,4.0,6.0,,19.0,369866.0
IMV-11340,Cabeceira Grande,Casa,299.0,4.0,5.0,4.0,11.0,488577.0
IMV-11341,Varjão,Casa,505.0,3.0,,2.0,11.0,1422402.0
IMV-11342,Alto Paraíso de Goiás,Casa,319.0,5.0,5.0,2.0,25.0,1013894.0
IMV-11343,Lago Norte,Casa,579.0,5.0,6.0,3.0,16.0,4618675.0
IMV-11344,Vila Boa,Casa,253.0,3.0,4.0,4.0,27.0,270865.0
IMV-11345,Cidade Ocidental,Casa,160.0,3.0,4.0,2.0,1.0,417425.0
IMV-11346,Samambaia,Apartamento,102.0,2.0,2.0,2.0,3.0,454402.0
IMV-11347,Varjão,Casa,228.0,4.0,5.0,2.0,11.0,724593.0
IMV-11348,Riacho Fundo II,Apartamento,86.0,2.0,2.0,,17.0,273214.0
IMV-11349,Cidade Ocidental,Casa,463.0,3.0,3.0,4.0,9.0,1229177.0
IMV-11350,Cruzeiro,Apartamento,166.0,4.0,3.0,1.0,33.0,934297.0
IMV-11351,São João d’Aliança,,534.0,5.0,5.0,2.0,14.0,862360.0
IMV-11352,Valparaíso de Goiás,Apartamento,69.0,,2.0,0.0,,182750.0
IMV-11353,São João d’Aliança,Casa,136.0,3.0,,2.0,25.0,191470.0
IMV-11354,Niquelândia,Casa,552.0,3.0,5.0,4.0,9.0,898967.0
IMV-11355,Cabeceiras,Casa,550.0,5.0,7.0,3.0,22.0,770337.0
IMV-11356,Núcleo Bandeirante,Casa,360.0,3.0,4.0,4.0,37.0,1054604.0
IMV-11357,Park Way,Casa,349.0,4.0,6.0,2.0,22.0,2012731.0
IMV-11358,Itapoã,Casa,200.0,4.0,6.0,3.0,20.0,456487.0
IMV-11359,São João d’Aliança,Casa,155.0,5.0,5.0,3.0,23.0,276965.0
IMV-11360,Itapoã,Apartamento,129.0,2.0,1.0,2.0,0.0,458230.0
IMV-11361,Taguatinga,,127.0,4.0,5.0,2.0,10.0,664295.0
IMV-11362,SCIA / Estrutural,Casa,155.0,3.0,5.0,4.0,24.0,336410.0
IMV-11363,Simolândia,Casa,347.0,4.0,5.0,2.0,9.0,560787.0
IMV-11364,Goianésia,Casa,203.0,,3.0,3.0,40.0,316345.0
IMV-11365,Planaltina,Apartamento,145.0,,1.0,2.0,16.0,353943.0
IMV-11366,SIA,Apartamento,116.0,4.0,2.0,,12.0,643723.0
IMV-11367,Sudoeste / Octogonal,Apartamento,117.0,1.0,1.0,2.0,20.0,
IMV-11368,Vicente Pires,Casa,150.0,5.0,6.0,2.0,20.0,
IMV-11369,Padre Bernardo,Casa,198.0,5.0,7.0,,1.0,455316.0
IMV-11370,Água Fria de Goiás,Casa,361.0,3.0,5.0,3.0,5.0,576418.0
IMV-11371,Cruzeiro,Apartamento,176.0,1.0,1.0,2.0,35.0,902790.0
IMV-11372,Planaltina (GO),Casa,390.0,5.0,6.0,2.0,14.0,775559.0
IMV-11373,Samambaia,Apartamento,59.0,,2.0,1.0,12.0,207854.0
IMV-11374,Santo Antônio do Descoberto,Casa,536.0,3.0,4.0,3.0,26.0,1047819.0
IMV-11375,Varjão,Apartamento,166.0,3.0,3.0,2.0,26.0,402404.0
IMV-11376,Formosa,Casa,417.0,4.0,4.0,4.0,10.0,1460123.0
IMV-11377,Asa Sul,Apartamento,170.0,4.0,4.0,1.0,14.0,1421557.0
IMV-11378,Mimoso de Goiás,,299.0,5.0,7.0,2.0,28.0,285669.0
IMV-11379,Riacho Fundo,Casa,479.0,5.0,5.0,4.0,32.0,1478811.0
IMV-11380,Cristalina,Casa,287.0,5.0,6.0,2.0,32.0,553981.0
IMV-11381,SCIA / Estrutural,Apartamento,111.0,1.0,1.0,1.0,21.0,
IMV-11382,Asa Norte,,75.0,3.0,2.0,2.0,1.0,703775.0
IMV-11383,SIA,Apartamento,55.0,4.0,,0.0,,293255.0
IMV-11384,Asa Norte,Apartamento,59.0,3.0,2.0,0.0,24.0,
IMV-11385,Ponte Alta,Casa,417.0,5.0,5.0,2.0,5.0,988031.0
IMV-11386,Luziânia,Casa,430.0,5.0,7.0,4.0,38.0,699818.0
IMV-11387,Cabeceiras,Casa,277.0,4.0,4.0,3.0,28.0,400560.0
IMV-11388,Águas Claras,Apartamento,98.0,1.0,1.0,2.0,25.0,560558.0
IMV-11389,Arniqueira,Casa,338.0,3.0,5.0,2.0,24.0,
IMV-11390,Novo Gama,Casa,574.0,5.0,6.0,,6.0,1374314.0
IMV-11391,SCIA / Estrutural,Apartamento,84.0,2.0,1.0,2.0,29.0,159034.0
IMV-11392,Cabeceira Grande,Casa,266.0,4.0,5.0,3.0,4.0,377030.0
IMV-11393,Cabeceiras,Casa,474.0,4.0,,,1.0,
IMV-11394,Sudoeste / Octogonal,Apartamento,139.0,1.0,1.0,1.0,0.0,1849724.0
IMV-11395,Santo Antônio do Descoberto,Casa,372.0,3.0,4.0,3.0,30.0,542336.0
IMV-11396,Ceilândia,Casa,291.0,5.0,6.0,4.0,27.0,894640.0
IMV-11397,Riacho Fundo II,Apartamento,122.0,4.0,2.0,2.0,28.0,336737.0
IMV-11398,Valparaíso de Goiás,Apartamento,137.0,3.0,3.0,2.0,40.0,293702.0
IMV-11399,Simolândia,Casa,373.0,3.0,3.0,2.0,13.0,541118.0
IMV-11400,Pirenópolis,Casa,193.0,5.0,7.0,4.0,22.0,768102.0
IMV-11401,,Casa,239.0,4.0,6.0,,12.0,506046.0
IMV-11402,Cidade Ocidental,Casa,522.0,3.0,5.0,4.0,35.0,
IMV-11403,Noroeste,Apartamento,73.0,4.0,4.0,2.0,17.0,872154.0
IMV-11404,Planaltina,Casa,245.0,5.0,7.0,2.0,20.0,639666.0
IMV-11405,Sol Nascente / Pôr do Sol,Apartamento,56.0,3.0,3.0,1.0,26.0,
IMV-11406,Mimoso de Goiás,Casa,515.0,3.0,3.0,4.0,37.0,505527.0
IMV-11407,Goianésia,Casa,397.0,3.0,4.0,2.0,34.0,771914.0
IMV-11408,Cocalzinho de Goiás,Casa,584.0,3.0,5.0,4.0,,924142.0
IMV-11409,Noroeste,Apartamento,,4.0,3.0,2.0,20.0,806313.0
IMV-11410,Sudoeste / Octogonal,Apartamento,169.0,2.0,1.0,2.0,8.0,2004249.0
IMV-11411,,Casa,187.0,5.0,5.0,4.0,7.0,632126.0
IMV-11412,Alto Paraíso de Goiás,Casa,500.0,3.0,4.0,2.0,33.0,1615119.0
IMV-11413,Alto Paraíso de Goiás,Casa,499.0,3.0,5.0,2.0,8.0,2188798.0
IMV-11414,,Apartamento,52.0,2.0,2.0,0.0,29.0,137475.0
IMV-11415,,Apartamento,75.0,1.0,1.0,2.0,16.0,226414.0
IMV-11416,Luziânia,Casa,559.0,3.0,4.0,4.0,5.0,1456454.0
IMV-11417,Vila Boa,Casa,236.0,5.0,6.0,,2.0,324668.0
IMV-11418,Cruzeiro,Apartamento,141.0,3.0,2.0,2.0,31.0,648707.0
IMV-11419,Guará,Apartamento,60.0,4.0,2.0,0.0,9.0,380005.0
IMV-11420,Candangolândia,Casa,147.0,4.0,5.0,2.0,4.0,623322.0
IMV-11421,Valparaíso de Goiás,Apartamento,74.0,4.0,2.0,2.0,3.0,212813.0
IMV-11422,,Casa,147.0,3.0,4.0,2.0,17.0,366772.0
IMV-11423,Cabeceira Grande,Casa,575.0,5.0,6.0,3.0,32.0,606258.0
IMV-11424,Riacho Fundo II,Casa,416.0,5.0,6.0,3.0,18.0,994689.0
IMV-11425,Jardim Botânico,Casa,167.0,3.0,4.0,2.0,35.0,851255.0
IMV-11426,Lago Norte,Casa,367.0,5.0,7.0,3.0,28.0,2379396.0
IMV-11427,Formosa,Casa,517.0,4.0,4.0,3.0,10.0,1574703.0
IMV-11428,Samambaia,Apartamento,41.0,3.0,3.0,1.0,40.0,119946.0
IMV-11429,Sobradinho,Casa,529.0,4.0,4.0,4.0,31.0,1582725.0
IMV-11430,Cidade Ocidental,Casa,302.0,3.0,4.0,2.0,0.0,771803.0
IMV-11431,Água Quente,Casa,158.0,5.0,5.0,3.0,27.0,272075.0
IMV-11432,Santo Antônio do Descoberto,Casa,516.0,,3.0,3.0,18.0,1107695.0
IMV-11433,Brazlândia,Casa,203.0,3.0,3.0,3.0,33.0,475759.0
IMV-11434,Recanto das Emas,Apartamento,70.0,2.0,1.0,1.0,,165529.0
IMV-11435,Cristalina,Casa,596.0,3.0,,,13.0,1840528.0
IMV-11436,Fercal,Casa,334.0,3.0,3.0,2.0,3.0,770932.0
IMV-11437,Cristalina,Casa,378.0,4.0,6.0,3.0,32.0,
IMV-11438,Alto Paraíso de Goiás,,340.0,3.0,3.0,3.0,28.0,1142446.0
IMV-11439,Mimoso de Goiás,Casa,424.0,5.0,7.0,4.0,4.0,
IMV-11440,Sobradinho II,Casa,131.0,5.0,6.0,3.0,27.0,
IMV-11441,Jardim Botânico,Casa,249.0,4.0,4.0,2.0,40.0,1105206.0
IMV-11442,Guará,Casa,432.0,4.0,6.0,3.0,32.0,2025379.0
IMV-11443,Alvorada do Norte,Casa,518.0,,6.0,4.0,28.0,539558.0
IMV-11444,Recanto das Emas,Apartamento,148.0,,2.0,1.0,9.0,407232.0
IMV-11445,Riacho Fundo II,Apartamento,77.0,1.0,1.0,1.0,22.0,223718.0
IMV-11446,,Casa,467.0,4.0,5.0,4.0,36.0,662827.0
IMV-11447,Recanto das Emas,,367.0,3.0,3.0,,18.0,1075624.0
IMV-11448,Lago Norte,Casa,160.0,,4.0,2.0,21.0,1154112.0
IMV-11449,Novo Gama,Casa,353.0,5.0,,,23.0,600112.0
IMV-11450,Vila Boa,,442.0,5.0,7.0,,26.0,433337.0
IMV-11451,,Casa,192.0,5.0,7.0,3.0,,695421.0
IMV-11452,Luziânia,Casa,329.0,5.0,7.0,2.0,27.0,642137.0
IMV-11453,Núcleo Bandeirante,Casa,461.0,4.0,4.0,4.0,36.0,1605346.0
IMV-11454,Lago Norte,Casa,323.0,,5.0,3.0,31.0,2208782.0
IMV-11455,Luziânia,Casa,484.0,4.0,5.0,2.0,19.0,1003296.0
IMV-11456,Vila Propício,Casa,240.0,5.0,5.0,3.0,20.0,275251.0
IMV-11457,Cabeceira Grande,Casa,150.0,,5.0,2.0,16.0,189821.0
IMV-11458,Fercal,Casa,434.0,3.0,3.0,2.0,22.0,810254.0
IMV-11459,Lago Sul,Casa,296.0,3.0,3.0,4.0,28.0,2797628.0
IMV-11460,Recanto das Emas,Casa,564.0,4.0,6.0,3.0,30.0,
IMV-11461,Vila Propício,Casa,553.0,5.0,7.0,4.0,10.0,710096.0
IMV-11462,Águas Lindas de Goiás,Apartamento,179.0,3.0,,2.0,12.0,432782.0
IMV-11463,Ceilândia,Apartamento,103.0,3.0,1.0,2.0,26.0,313977.0
IMV-11464,Taguatinga,Casa,438.0,4.0,6.0,,13.0,1691352.0
IMV-11465,,Apartamento,88.0,1.0,1.0,1.0,25.0,398923.0
IMV-11466,Cavalcante,Casa,206.0,5.0,5.0,4.0,13.0,417755.0
IMV-11467,Pirenópolis,Casa,,4.0,5.0,2.0,27.0,666646.0
IMV-11468,Pirenópolis,,346.0,4.0,4.0,2.0,,1005836.0
IMV-11469,,Casa,143.0,5.0,,,1.0,377945.0
IMV-11470,Recanto das Emas,Casa,251.0,5.0,6.0,2.0,3.0,800166.0
IMV-11471,Park Way,Casa,305.0,3.0,5.0,2.0,37.0,1694079.0
IMV-11472,Niquelândia,Casa,555.0,3.0,4.0,4.0,10.0,
IMV-11473,Paranoá,Casa,460.0,5.0,5.0,2.0,2.0,1389305.0
IMV-11474,Cidade Ocidental,Casa,342.0,,5.0,3.0,8.0,916393.0
IMV-11475,Água Fria de Goiás,Casa,455.0,5.0,7.0,3.0,12.0,722897.0
IMV-11476,Sobradinho II,Casa,484.0,4.0,5.0,3.0,11.0,1408639.0
IMV-11477,Vicente Pires,Casa,567.0,4.0,6.0,3.0,15.0,2303531.0
IMV-11478,Gama,Casa,272.0,,3.0,2.0,35.0,893585.0
IMV-11479,Riacho Fundo II,Casa,398.0,5.0,7.0,3.0,38.0,834258.0
IMV-11480,Sobradinho,Casa,569.0,3.0,3.0,3.0,32.0,1833912.0
IMV-11481,Abadiânia,Casa,585.0,3.0,4.0,3.0,32.0,805100.0
IMV-11482,Asa Norte,Apartamento,114.0,3.0,1.0,1.0,31.0,859247.0
IMV-11483,Gama,,585.0,,6.0,3.0,25.0,
IMV-11484,,Casa,302.0,4.0,5.0,4.0,37.0,334487.0
IMV-11485,Padre Bernardo,Casa,389.0,3.0,5.0,3.0,38.0,570707.0
IMV-11486,Sobradinho,Casa,278.0,4.0,6.0,3.0,8.0,1007217.0
IMV-11487,Noroeste,Apartamento,95.0,3.0,2.0,1.0,6.0,1103308.0
IMV-11488,Jardim Botânico,Casa,505.0,5.0,5.0,4.0,13.0,2875796.0
IMV-11489,Pirenópolis,Casa,192.0,4.0,6.0,3.0,1.0,857083.0
IMV-11490,Jardim Botânico,Casa,413.0,3.0,3.0,,22.0,1947878.0
IMV-11491,Lago Sul,Casa,,4.0,5.0,4.0,37.0,2545711.0
IMV-11492,Cruzeiro,Apartamento,88.0,3.0,3.0,2.0,7.0,662489.0
IMV-11493,Pirenópolis,Casa,463.0,3.0,3.0,4.0,16.0,1582536.0
IMV-11494,Cristalina,Casa,555.0,4.0,4.0,3.0,6.0,1745060.0
IMV-11495,Goianésia,Casa,598.0,5.0,,4.0,18.0,1149507.0
IMV-11496,,Casa,369.0,3.0,4.0,2.0,30.0,581788.0
IMV-11497,Taguatinga,Apartamento,165.0,4.0,3.0,1.0,0.0,836835.0
IMV-11498,Flores de Goiás,Casa,516.0,5.0,7.0,3.0,25.0,698086.0
IMV-11499,Cristalina,Casa,483.0,3.0,5.0,2.0,26.0,1032092.0
IMV-11500,São João d’Aliança,Casa,365.0,4.0,5.0,2.0,8.0,723529.0
IMV-11501,Park Way,Casa,288.0,4.0,5.0,2.0,7.0,2052439.0
IMV-11502,Vila Propício,,145.0,,5.0,4.0,8.0,184530.0
IMV-11503,Lago Sul,Casa,290.0,3.0,5.0,3.0,28.0,2417181.0
IMV-11504,SCIA / Estrutural,Casa,426.0,3.0,5.0,3.0,34.0,879650.0
IMV-11505,Candangolândia,Apartamento,104.0,3.0,2.0,1.0,13.0,397754.0
IMV-11506,Sol Nascente / Pôr do Sol,Apartamento,76.0,2.0,1.0,1.0,4.0,198998.0
IMV-11507,Cocalzinho de Goiás,Casa,282.0,3.0,5.0,,5.0,597141.0
IMV-11508,Lago Norte,Casa,211.0,3.0,4.0,3.0,19.0,1799371.0
IMV-11509,Recanto das Emas,Apartamento,124.0,1.0,1.0,2.0,0.0,345510.0
IMV-11510,São Sebastião,Apartamento,152.0,1.0,1.0,1.0,36.0,402298.0
IMV-11511,,Casa,295.0,4.0,6.0,4.0,25.0,437165.0
IMV-11512,Varjão,Apartamento,167.0,2.0,1.0,,10.0,533336.0
IMV-11513,Riacho Fundo,Apartamento,105.0,2.0,2.0,,,404553.0
IMV-11514,Gama,Apartamento,148.0,1.0,1.0,1.0,39.0,410387.0
IMV-11515,,Casa,520.0,3.0,,3.0,28.0,533081.0
IMV-11516,Riacho Fundo II,Casa,228.0,4.0,4.0,,27.0,500500.0
IMV-11517,Barro Alto,,499.0,4.0,6.0,4.0,28.0,
IMV-11518,Candangolândia,Apartamento,123.0,1.0,1.0,1.0,24.0,417078.0
IMV-11519,Flores de Goiás,Casa,427.0,5.0,5.0,3.0,,508644.0
IMV-11520,Park Way,Casa,529.0,4.0,6.0,4.0,36.0,3361929.0
IMV-11521,Jardim Botânico,Casa,407.0,4.0,4.0,3.0,16.0,2451109.0
IMV-11522,Cristalina,Casa,232.0,4.0,4.0,,7.0,
IMV-11523,Água Fria de Goiás,Casa,392.0,5.0,5.0,2.0,17.0,606057.0
IMV-11524,Planaltina (GO),Casa,581.0,5.0,5.0,2.0,23.0,
IMV-11525,Alexânia,Casa,242.0,4.0,4.0,3.0,39.0,487076.0
IMV-11526,,Apartamento,45.0,1.0,1.0,1.0,36.0,254252.0
IMV-11527,Pirenópolis,Casa,379.0,5.0,5.0,2.0,10.0,1351985.0
IMV-11528,Park Way,Casa,556.0,3.0,4.0,4.0,33.0,3272612.0
IMV-11529,Samambaia,Apartamento,69.0,3.0,2.0,1.0,23.0,216456.0
IMV-11530,Asa Sul,Apartamento,170.0,1.0,1.0,2.0,10.0,1724717.0
IMV-11531,Alto Paraíso de Goiás,Casa,141.0,,4.0,2.0,7.0,586143.0
IMV-11532,Abadiânia,Casa,149.0,4.0,6.0,3.0,22.0,270306.0
IMV-11533,Cidade Ocidental,Casa,534.0,5.0,5.0,4.0,38.0,1148067.0
IMV-11534,Barro Alto,Casa,391.0,3.0,4.0,4.0,27.0,619278.0
IMV-11535,Santo Antônio do Descoberto,Casa,526.0,5.0,,,3.0,1216856.0
IMV-11536,Goianésia,Casa,391.0,3.0,5.0,3.0,9.0,901217.0
IMV-11537,Planaltina,Casa,226.0,,7.0,4.0,39.0,
IMV-11538,Noroeste,Apartamento,129.0,2.0,1.0,1.0,31.0,1220879.0
IMV-11539,Simolândia,Casa,556.0,3.0,5.0,4.0,19.0,720953.0
IMV-11540,Cabeceira Grande,Casa,464.0,5.0,6.0,3.0,24.0,606123.0
IMV-11541,Cidade Ocidental,Casa,133.0,,5.0,2.0,4.0,407329.0
IMV-11542,,Apartamento,64.0,4.0,1.0,0.0,10.0,223817.0
IMV-11543,Vila Boa,Casa,439.0,3.0,5.0,2.0,15.0,614677.0
IMV-11544,Padre Bernardo,Casa,481.0,5.0,7.0,3.0,19.0,
IMV-11545,Samambaia,,115.0,,1.0,1.0,5.0,488365.0
IMV-11546,São Sebastião,Casa,156.0,3.0,5.0,2.0,31.0,422882.0
IMV-11547,Niquelândia,Casa,526.0,5.0,5.0,4.0,17.0,751032.0
IMV-11548,Asa Sul,Apartamento,88.0,4.0,4.0,,19.0,906661.0
IMV-11549,Simolândia,Casa,415.0,3.0,3.0,3.0,28.0,497457.0
IMV-11550,Lago Norte,Casa,321.0,5.0,6.0,2.0,25.0,2460802.0
IMV-11551,Alexânia,Casa,496.0,5.0,5.0,2.0,24.0,1109793.0
IMV-11552,Ponte Alta,,121.0,5.0,7.0,4.0,0.0,297192.0
IMV-11553,Águas Lindas de Goiás,Casa,366.0,3.0,,4.0,28.0,609203.0
IMV-11554,Pirenópolis,Casa,552.0,3.0,4.0,2.0,9.0,2135405.0
IMV-11555,Pirenópolis,Casa,492.0,5.0,7.0,3.0,0.0,2316824.0
IMV-11556,Sobradinho II,Casa,548.0,4.0,6.0,4.0,24.0,1625528.0
IMV-11557,Novo Gama,Casa,400.0,3.0,4.0,2.0,,836281.0
IMV-11558,Varjão,Apartamento,96.0,3.0,3.0,1.0,,246861.0
IMV-11559,Guará,Apartamento,144.0,3.0,3.0,,17.0,
IMV-11560,Sobradinho II,Casa,428.0,4.0,4.0,2.0,1.0,1483311.0
IMV-11561,Cocalzinho de Goiás,,184.0,3.0,3.0,2.0,26.0,304155.0
IMV-11562,Vila Boa,Casa,243.0,5.0,5.0,,,235323.0
IMV-11563,26 de Setembro,Casa,360.0,5.0,6.0,4.0,30.0,621491.0
IMV-11564,Itapoã,Apartamento,84.0,1.0,1.0,2.0,6.0,210267.0
IMV-11565,Itapoã,Casa,279.0,4.0,,2.0,3.0,
IMV-11566,,Apartamento,55.0,3.0,1.0,0.0,20.0,602122.0
IMV-11567,SCIA / Estrutural,Casa,358.0,5.0,5.0,4.0,22.0,637198.0
IMV-11568,Samambaia,Apartamento,152.0,2.0,2.0,1.0,15.0,545244.0
IMV-11569,Goianésia,Casa,247.0,4.0,6.0,2.0,33.0,382361.0
IMV-11570,Vila Boa,Casa,583.0,3.0,3.0,2.0,31.0,653660.0
IMV-11571,Pirenópolis,Casa,323.0,5.0,5.0,3.0,,1469163.0
IMV-11572,Sol Nascente / Pôr do Sol,Apartamento,61.0,4.0,3.0,1.0,36.0,91488.0
IMV-11573,Abadiânia,Casa,399.0,5.0,5.0,4.0,28.0,592253.0
IMV-11574,Ceilândia,Casa,226.0,3.0,4.0,2.0,5.0,932577.0
IMV-11575,Sobradinho II,Casa,533.0,5.0,5.0,2.0,33.0,1547489.0
IMV-11576,26 de Setembro,Casa,216.0,5.0,7.0,2.0,18.0,432681.0
IMV-11577,Alexânia,Casa,342.0,4.0,6.0,4.0,27.0,692299.0
IMV-11578,Água Fria de Goiás,Casa,390.0,4.0,5.0,2.0,26.0,595355.0
IMV-11579,Jardim Botânico,Casa,542.0,3.0,5.0,4.0,9.0,3506673.0
IMV-11580,Sudoeste / Octogonal,Apartamento,148.0,4.0,2.0,2.0,14.0,1388959.0
IMV-11581,Recanto das Emas,,110.0,2.0,2.0,1.0,24.0,239392.0
IMV-11582,Samambaia,Apartamento,118.0,,3.0,2.0,38.0,380768.0
IMV-11583,Cristalina,Casa,569.0,5.0,6.0,3.0,16.0,1422085.0
IMV-11584,Barro Alto,Casa,414.0,5.0,6.0,2.0,15.0,720190.0
IMV-11585,Águas Claras,Apartamento,161.0,1.0,,1.0,14.0,1262090.0
IMV-11586,Itapoã,Apartamento,78.0,,3.0,1.0,12.0,232653.0
IMV-11587,Mimoso de Goiás,Casa,159.0,5.0,7.0,2.0,0.0,
IMV-11588,Riacho Fundo,Casa,249.0,3.0,5.0,2.0,0.0,871185.0
IMV-11589,Varjão,Apartamento,146.0,1.0,,2.0,2.0,510232.0
IMV-11590,,Apartamento,102.0,2.0,1.0,1.0,3.0,464723.0
IMV-11591,Vicente Pires,Casa,475.0,4.0,6.0,3.0,27.0,1616404.0
IMV-11592,Arniqueira,Casa,562.0,,5.0,3.0,24.0,2327232.0
IMV-11593,Padre Bernardo,Casa,,4.0,6.0,3.0,40.0,566204.0
IMV-11594,Samambaia,Apartamento,42.0,3.0,2.0,0.0,12.0,143078.0
IMV-11595,Cristalina,Casa,272.0,5.0,6.0,4.0,37.0,632079.0
IMV-11596,,Casa,382.0,3.0,4.0,3.0,,
IMV-11597,SCIA / Estrutural,Apartamento,,2.0,2.0,1.0,11.0,123081.0
IMV-11598,Sol Nascente / Pôr do Sol,,399.0,4.0,6.0,2.0,34.0,642369.0
IMV-11599,Planaltina,Apartamento,143.0,2.0,2.0,2.0,29.0,322957.0
IMV-11600,,,106.0,4.0,4.0,2.0,30.0,658668.0
IMV-11601,Água Quente,Casa,467.0,4.0,6.0,3.0,29.0,646465.0
IMV-11602,Águas Claras,Apartamento,40.0,3.0,,0.0,23.0,272789.0
IMV-11603,Ceilândia,Casa,532.0,5.0,7.0,4.0,31.0,1516736.0
IMV-11604,Novo Gama,,409.0,3.0,5.0,2.0,7.0,919754.0
IMV-11605,Luziânia,Casa,498.0,3.0,5.0,3.0,15.0,1261091.0
IMV-11606,Santa Maria,Casa,211.0,5.0,5.0,3.0,26.0,615172.0
IMV-11607,Santo Antônio do Descoberto,Casa,521.0,5.0,6.0,2.0,27.0,995685.0
IMV-11608,Santa Maria,Casa,293.0,4.0,,4.0,37.0,
IMV-11609,Cabeceira Grande,Casa,214.0,3.0,,3.0,8.0,331016.0
IMV-11610,Águas Claras,Apartamento,111.0,1.0,1.0,2.0,17.0,812707.0
IMV-11611,,Casa,222.0,5.0,7.0,4.0,37.0,348197.0
IMV-11612,,Casa,539.0,3.0,5.0,4.0,2.0,938264.0
IMV-11613,São Sebastião,Apartamento,161.0,2.0,2.0,2.0,,
IMV-11614,SIA,Apartamento,115.0,4.0,4.0,1.0,33.0,465355.0
IMV-11615,Itapoã,Apartamento,119.0,4.0,3.0,2.0,13.0,320597.0
IMV-11616,Arniqueira,Casa,460.0,3.0,3.0,4.0,24.0,1698835.0
IMV-11617,Riacho Fundo,Apartamento,49.0,1.0,1.0,0.0,39.0,149808.0
IMV-11618,Recanto das Emas,Apartamento,117.0,1.0,1.0,1.0,35.0,257416.0
IMV-11619,Niquelândia,Casa,201.0,5.0,7.0,2.0,14.0,297766.0
IMV-11620,Pirenópolis,Casa,561.0,5.0,5.0,2.0,18.0,2006718.0
IMV-11621,Santa Maria,,596.0,5.0,6.0,2.0,27.0,1439904.0
IMV-11622,Águas Lindas de Goiás,Apartamento,66.0,2.0,1.0,0.0,12.0,135329.0
IMV-11623,Recanto das Emas,Casa,518.0,3.0,3.0,2.0,8.0,1441994.0
IMV-11624,SCIA / Estrutural,Apartamento,115.0,4.0,4.0,1.0,37.0,225815.0
IMV-11625,Cruzeiro,,98.0,2.0,1.0,1.0,27.0,590497.0
IMV-11626,Candangolândia,Casa,134.0,3.0,3.0,3.0,4.0,607670.0
IMV-11627,Cabeceiras,Casa,595.0,5.0,7.0,4.0,17.0,861464.0
IMV-11628,Ponte Alta,Casa,,4.0,4.0,2.0,34.0,580707.0
IMV-11629,Ponte Alta,,302.0,4.0,5.0,2.0,25.0,
IMV-11630,Vila Propício,Casa,246.0,5.0,5.0,2.0,15.0,363530.0
IMV-11631,Valparaíso de Goiás,Apartamento,64.0,1.0,1.0,0.0,15.0,172874.0
IMV-11632,Park Way,Casa,593.0,4.0,6.0,3.0,35.0,3976457.0
IMV-11633,Sobradinho II,Casa,534.0,3.0,3.0,4.0,29.0,1554246.0
IMV-11634,Vila Propício,Casa,465.0,4.0,6.0,3.0,0.0,799599.0
IMV-11635,Itapoã,Apartamento,156.0,3.0,1.0,2.0,36.0,358157.0
IMV-11636,Núcleo Bandeirante,Apartamento,121.0,4.0,1.0,1.0,0.0,
IMV-11637,Núcleo Bandeirante,Apartamento,173.0,4.0,1.0,2.0,15.0,651308.0
IMV-11638,Lago Norte,Casa,535.0,3.0,4.0,,33.0,4334758.0
IMV-11639,Padre Bernardo,Casa,328.0,4.0,5.0,4.0,14.0,622751.0
IMV-11640,Fercal,Casa,204.0,3.0,5.0,3.0,4.0,479175.0
IMV-11641,Águas Claras,Apartamento,56.0,3.0,3.0,,35.0,369726.0
IMV-11642,Ponte Alta,,576.0,5.0,7.0,3.0,26.0,1159968.0
IMV-11643,Samambaia,Apartamento,72.0,2.0,2.0,1.0,5.0,268512.0
IMV-11644,Ponte Alta,Casa,597.0,4.0,5.0,3.0,36.0,1049299.0
IMV-11645,Vicente Pires,Casa,391.0,4.0,6.0,4.0,25.0,1349883.0
IMV-11646,Formosa,Casa,436.0,4.0,5.0,,,1072842.0
IMV-11647,Água Fria de Goiás,Casa,480.0,5.0,5.0,4.0,26.0,563126.0
IMV-11648,Formosa,Casa,374.0,3.0,5.0,2.0,36.0,983005.0
IMV-11649,Águas Lindas de Goiás,Apartamento,99.0,1.0,1.0,2.0,31.0,
IMV-11650,Alto Paraíso de Goiás,Casa,249.0,,6.0,2.0,25.0,781843.0
IMV-11651,Água Quente,,559.0,4.0,6.0,,33.0,925847.0
IMV-11652,Simolândia,Casa,176.0,4.0,6.0,4.0,37.0,222342.0
IMV-11653,Alexânia,Casa,416.0,4.0,6.0,4.0,11.0,1147885.0
IMV-11654,Padre Bernardo,Casa,217.0,3.0,4.0,3.0,9.0,472499.0
IMV-11655,Flores de Goiás,Casa,121.0,4.0,5.0,3.0,9.0,193727.0
IMV-11656,Luziânia,Casa,168.0,5.0,5.0,2.0,39.0,346419.0
IMV-11657,Santa Maria,Apartamento,53.0,3.0,1.0,1.0,26.0,117053.0
IMV-11658,Água Quente,Casa,327.0,4.0,5.0,3.0,30.0,436838.0
IMV-11659,Planaltina (GO),Casa,319.0,4.0,5.0,2.0,11.0,645331.0
IMV-11660,Pirenópolis,Casa,599.0,4.0,4.0,3.0,9.0,2357382.0
IMV-11661,Pirenópolis,Casa,391.0,5.0,7.0,4.0,6.0,1866056.0
IMV-11662,Pirenópolis,,147.0,3.0,,3.0,11.0,513394.0
IMV-11663,Cocalzinho de Goiás,Casa,400.0,4.0,4.0,2.0,24.0,628931.0
IMV-11664,Arapoangas,Casa,528.0,4.0,5.0,4.0,39.0,1110792.0
IMV-11665,Abadiânia,Casa,221.0,3.0,5.0,3.0,29.0,380466.0
IMV-11666,Cocalzinho de Goiás,,387.0,,6.0,,11.0,832769.0
IMV-11667,,Casa,506.0,3.0,3.0,2.0,15.0,1245156.0
IMV-11668,Barro Alto,Casa,468.0,3.0,3.0,4.0,5.0,
IMV-11669,Abadiânia,Casa,519.0,3.0,4.0,3.0,19.0,932201.0
IMV-11670,26 de Setembro,Casa,,3.0,3.0,4.0,20.0,423888.0
IMV-11671,Sol Nascente / Pôr do Sol,Apartamento,156.0,3.0,1.0,2.0,26.0,
IMV-11672,,Casa,404.0,4.0,6.0,3.0,28.0,758739.0
IMV-11673,Arapoangas,Casa,205.0,3.0,5.0,2.0,26.0,386459.0
IMV-11674,Gama,Casa,313.0,3.0,5.0,4.0,,
IMV-11675,Mimoso de Goiás,Casa,291.0,4.0,,2.0,,285384.0
IMV-11676,Flores de Goiás,Casa,450.0,5.0,7.0,2.0,39.0,498347.0
IMV-11677,Park Way,Casa,491.0,4.0,4.0,3.0,21.0,3668835.0
IMV-11678,Taguatinga,Casa,284.0,4.0,5.0,4.0,6.0,1289027.0
IMV-11679,Planaltina (GO),Casa,277.0,5.0,5.0,2.0,31.0,
IMV-11680,,Apartamento,58.0,2.0,1.0,1.0,9.0,480429.0
IMV-11681,Cristalina,Casa,173.0,3.0,3.0,3.0,32.0,413120.0
IMV-11682,Lago Norte,Casa,285.0,3.0,3.0,4.0,7.0,3100118.0
IMV-11683,Cristalina,Casa,183.0,5.0,7.0,2.0,0.0,566349.0
IMV-11684,Formosa,Casa,173.0,5.0,7.0,4.0,,562919.0
IMV-11685,Riacho Fundo,Casa,193.0,3.0,5.0,3.0,,665571.0
IMV-11686,Asa Norte,Apartamento,143.0,1.0,1.0,2.0,39.0,1263849.0
IMV-11687,Lago Sul,Casa,283.0,5.0,5.0,2.0,13.0,3303699.0
IMV-11688,Candangolândia,Casa,178.0,3.0,4.0,2.0,,878035.0
IMV-11689,Água Fria de Goiás,,135.0,4.0,4.0,2.0,17.0,175470.0
IMV-11690,Santo Antônio do Descoberto,Casa,201.0,3.0,3.0,3.0,3.0,391841.0
IMV-11691,Vicente Pires,Casa,445.0,4.0,,2.0,36.0,1368813.0
IMV-11692,SCIA / Estrutural,Casa,578.0,5.0,5.0,2.0,37.0,1041363.0
IMV-11693,Vila Boa,Casa,187.0,3.0,3.0,2.0,16.0,251718.0
IMV-11694,Barro Alto,Casa,148.0,4.0,4.0,2.0,12.0,237161.0
IMV-11695,Novo Gama,Casa,359.0,5.0,,4.0,40.0,705610.0
IMV-11696,Arapoangas,Casa,188.0,3.0,5.0,2.0,29.0,406938.0
IMV-11697,São João d’Aliança,Casa,380.0,4.0,6.0,3.0,39.0,630453.0
IMV-11698,Simolândia,,165.0,5.0,5.0,4.0,37.0,159322.0
IMV-11699,São Sebastião,,467.0,5.0,6.0,4.0,19.0,1278999.0
IMV-11700,,,472.0,5.0,5.0,4.0,36.0,1807466.0
IMV-11701,,Casa,177.0,3.0,4.0,,13.0,367864.0
IMV-11702,,Casa,442.0,5.0,6.0,4.0,35.0,583782.0
IMV-11703,Luziânia,Casa,312.0,3.0,3.0,3.0,27.0,
IMV-11704,Vila Propício,Casa,512.0,4.0,5.0,3.0,35.0,636547.0
IMV-11705,Alvorada do Norte,Casa,293.0,5.0,7.0,4.0,29.0,323268.0
IMV-11706,SCIA / Estrutural,Apartamento,129.0,,,2.0,36.0,263384.0
IMV-11707,Sobradinho,Casa,394.0,3.0,5.0,3.0,9.0,1762108.0
IMV-11708,Alto Paraíso de Goiás,Casa,137.0,3.0,5.0,4.0,20.0,488770.0
IMV-11709,Novo Gama,Casa,267.0,4.0,5.0,4.0,2.0,702124.0
IMV-11710,Água Quente,Casa,566.0,4.0,5.0,4.0,40.0,866147.0
IMV-11711,Recanto das Emas,Casa,288.0,3.0,5.0,4.0,14.0,776202.0
IMV-11712,Águas Claras,,121.0,2.0,2.0,2.0,7.0,848301.0
IMV-11713,Brazlândia,,311.0,,5.0,2.0,19.0,669716.0
IMV-11714,Gama,Casa,536.0,4.0,5.0,3.0,,1589450.0
IMV-11715,Itapoã,Apartamento,102.0,3.0,2.0,1.0,14.0,238151.0
IMV-11716,Ponte Alta,Casa,280.0,3.0,,3.0,40.0,521665.0
IMV-11717,Formosa,Casa,175.0,3.0,3.0,3.0,,470817.0
IMV-11718,Goianésia,Casa,416.0,,6.0,2.0,17.0,850556.0
IMV-11719,Cabeceira Grande,,135.0,3.0,3.0,4.0,32.0,144404.0
IMV-11720,Park Way,Casa,480.0,5.0,5.0,4.0,34.0,2638988.0
IMV-11721,Vila Boa,Casa,493.0,3.0,3.0,3.0,2.0,719216.0
IMV-11722,Arniqueira,Casa,453.0,5.0,5.0,2.0,,1920480.0
IMV-11723,Sobradinho II,Casa,168.0,4.0,6.0,2.0,13.0,593085.0
IMV-11724,Novo Gama,Casa,302.0,3.0,5.0,2.0,34.0,556924.0
IMV-11725,Arniqueira,Casa,447.0,3.0,5.0,4.0,30.0,1321639.0
IMV-11726,Cabeceira Grande,Casa,205.0,3.0,5.0,4.0,32.0,275480.0
IMV-11727,Flores de Goiás,Casa,,3.0,3.0,3.0,12.0,
IMV-11728,Vila Propício,Casa,284.0,,5.0,3.0,24.0,357328.0
IMV-11729,Flores de Goiás,Casa,193.0,5.0,,2.0,21.0,255068.0
IMV-11730,Vila Boa,Casa,184.0,4.0,5.0,2.0,26.0,179701.0
IMV-11731,Ponte Alta,Casa,466.0,5.0,,3.0,16.0,1009298.0
IMV-11732,Planaltina (GO),Casa,288.0,3.0,5.0,4.0,,542694.0
IMV-11733,Jardim Botânico,Casa,154.0,3.0,3.0,3.0,20.0,740058.0
IMV-11734,São Sebastião,Apartamento,62.0,1.0,1.0,,39.0,173395.0
IMV-11735,Sobradinho II,Casa,548.0,4.0,,4.0,5.0,1832555.0
IMV-11736,Valparaíso de Goiás,Apartamento,155.0,2.0,1.0,1.0,12.0,420170.0
IMV-11737,Brazlândia,Casa,438.0,3.0,5.0,3.0,31.0,1034548.0
IMV-11738,,Casa,558.0,3.0,3.0,3.0,5.0,2638124.0
IMV-11739,Santo Antônio do Descoberto,Casa,157.0,4.0,5.0,4.0,,279149.0
IMV-11740,Santa Maria,Casa,,3.0,3.0,4.0,3.0,885847.0
IMV-11741,Asa Sul,Apartamento,,4.0,3.0,2.0,25.0,1148042.0
IMV-11742,Asa Sul,Apartamento,72.0,1.0,1.0,2.0,38.0,623826.0
IMV-11743,Água Fria de Goiás,Casa,261.0,3.0,3.0,3.0,37.0,360648.0
IMV-11744,Varjão,Casa,440.0,4.0,6.0,4.0,37.0,1007845.0
IMV-11745,Santa Maria,Apartamento,155.0,4.0,3.0,1.0,9.0,515792.0
IMV-11746,São João d’Aliança,Casa,129.0,4.0,6.0,4.0,,216264.0
IMV-11747,Formosa,Casa,567.0,,5.0,4.0,9.0,1749534.0
IMV-11748,Gama,Casa,400.0,5.0,7.0,4.0,32.0,
IMV-11749,Luziânia,Casa,265.0,5.0,6.0,3.0,34.0,457047.0
IMV-11750,Sobradinho II,Casa,134.0,5.0,6.0,3.0,32.0,328088.0
IMV-11751,,Casa,159.0,5.0,,2.0,16.0,291178.0
IMV-11752,Samambaia,Apartamento,174.0,,4.0,2.0,6.0,759729.0
IMV-11753,Itapoã,Apartamento,122.0,1.0,1.0,2.0,16.0,335729.0
IMV-11754,Padre Bernardo,Casa,339.0,4.0,6.0,4.0,27.0,603868.0
IMV-11755,Núcleo Bandeirante,Apartamento,54.0,4.0,1.0,0.0,,266727.0
IMV-11756,Sol Nascente / Pôr do Sol,Casa,500.0,4.0,4.0,4.0,39.0,765818.0
IMV-11757,Candangolândia,Apartamento,115.0,,,2.0,9.0,496818.0
IMV-11758,Sol Nascente / Pôr do Sol,Apartamento,161.0,3.0,,1.0,32.0,243832.0
IMV-11759,,Casa,210.0,5.0,7.0,2.0,39.0,238127.0
IMV-11760,São João d’Aliança,Casa,529.0,4.0,6.0,,12.0,987991.0
IMV-11761,Itapoã,Casa,514.0,4.0,5.0,3.0,18.0,1261147.0
IMV-11762,Sol Nascente / Pôr do Sol,Apartamento,,1.0,1.0,1.0,20.0,125207.0
IMV-11763,Sudoeste / Octogonal,Apartamento,161.0,1.0,1.0,1.0,27.0,
IMV-11764,Riacho Fundo,Casa,279.0,5.0,6.0,2.0,9.0,1137438.0
IMV-11765,Lago Norte,Casa,323.0,,5.0,4.0,31.0,2020221.0
IMV-11766,Pirenópolis,Casa,401.0,4.0,4.0,,14.0,1508787.0
IMV-11767,Flores de Goiás,Casa,577.0,,,3.0,22.0,777479.0
IMV-11768,Taguatinga,Apartamento,160.0,4.0,2.0,2.0,10.0,644680.0
IMV-11769,Cabeceira Grande,Casa,178.0,4.0,6.0,2.0,3.0,298555.0
IMV-11770,Sobradinho II,Casa,355.0,4.0,6.0,2.0,27.0,881354.0
IMV-11771,Cocalzinho de Goiás,Casa,379.0,3.0,3.0,2.0,12.0,841927.0
IMV-11772,Paranoá,Casa,249.0,4.0,4.0,3.0,15.0,711339.0
IMV-11773,Águas Claras,Apartamento,138.0,4.0,2.0,2.0,3.0,1123927.0
IMV-11774,Recanto das Emas,,90.0,1.0,1.0,2.0,11.0,284947.0
IMV-11775,São João d’Aliança,Casa,336.0,3.0,,3.0,11.0,703810.0
IMV-11776,Formosa,Casa,433.0,5.0,7.0,4.0,24.0,1286005.0
IMV-11777,SIA,Apartamento,67.0,3.0,3.0,0.0,,270882.0
IMV-11778,,Casa,563.0,3.0,3.0,3.0,7.0,2577635.0
IMV-11779,Asa Sul,Apartamento,43.0,2.0,,1.0,,346242.0
IMV-11780,Sobradinho,Casa,220.0,3.0,3.0,2.0,32.0,670035.0
IMV-11781,Alvorada do Norte,Casa,260.0,3.0,5.0,2.0,21.0,317573.0
IMV-11782,Abadiânia,Casa,449.0,3.0,4.0,4.0,10.0,1028418.0
IMV-11783,Riacho Fundo,Casa,512.0,5.0,,4.0,12.0,1578305.0
IMV-11784,Fercal,Casa,555.0,3.0,5.0,3.0,24.0,869120.0
IMV-11785,Flores de Goiás,Casa,498.0,5.0,5.0,4.0,12.0,781010.0
IMV-11786,Asa Norte,Apartamento,117.0,3.0,1.0,1.0,17.0,
IMV-11787,Água Quente,Casa,155.0,4.0,5.0,2.0,6.0,266380.0
IMV-11788,Cidade Ocidental,Casa,179.0,3.0,5.0,2.0,,353646.0
IMV-11789,Cruzeiro,Apartamento,137.0,1.0,1.0,2.0,9.0,801295.0
IMV-11790,Luziânia,Casa,411.0,3.0,4.0,3.0,31.0,660805.0
IMV-11791,Cristalina,Casa,457.0,5.0,5.0,3.0,19.0,1184866.0
IMV-11792,,,491.0,5.0,5.0,2.0,24.0,3838283.0
IMV-11793,Santo Antônio do Descoberto,,301.0,4.0,5.0,2.0,32.0,497586.0
IMV-11794,Simolândia,,492.0,,6.0,3.0,33.0,513401.0
IMV-11795,Asa Sul,Apartamento,107.0,3.0,,1.0,7.0,1043415.0
IMV-11796,Paranoá,Apartamento,84.0,3.0,3.0,2.0,16.0,207783.0
IMV-11797,Noroeste,Apartamento,,3.0,1.0,2.0,22.0,1135853.0
IMV-11798,Alvorada do Norte,Casa,392.0,5.0,6.0,4.0,39.0,500669.0
IMV-11799,Noroeste,Apartamento,173.0,2.0,1.0,1.0,36.0,
IMV-11800,Lago Sul,,304.0,4.0,6.0,2.0,14.0,3350570.0
IMV-11801,Recanto das Emas,Apartamento,59.0,2.0,2.0,0.0,18.0,177805.0
IMV-11802,Planaltina,,511.0,3.0,4.0,3.0,14.0,1601415.0
IMV-11803,Jardim Botânico,Casa,384.0,5.0,6.0,,10.0,2097024.0
IMV-11804,Arapoangas,,445.0,,7.0,2.0,4.0,1241156.0
IMV-11805,Planaltina,Casa,573.0,5.0,7.0,2.0,26.0,
IMV-11806,Planaltina,Apartamento,122.0,2.0,1.0,2.0,36.0,294101.0
IMV-11807,Luziânia,Casa,555.0,4.0,6.0,4.0,17.0,1375158.0
IMV-11808,Barro Alto,Casa,570.0,5.0,5.0,3.0,5.0,1034412.0
IMV-11809,Padre Bernardo,Casa,236.0,3.0,3.0,4.0,26.0,353660.0
IMV-11810,Paranoá,Apartamento,69.0,3.0,3.0,0.0,6.0,193735.0
IMV-11811,Águas Lindas de Goiás,Casa,579.0,3.0,3.0,2.0,40.0,1174716.0
IMV-11812,Samambaia,Apartamento,78.0,,1.0,2.0,28.0,225622.0
IMV-11813,Goianésia,Casa,430.0,5.0,7.0,4.0,17.0,818744.0
IMV-11814,Sol Nascente / Pôr do Sol,Casa,337.0,,,3.0,3.0,748390.0
IMV-11815,Guará,,557.0,3.0,4.0,,27.0,
IMV-11816,,Casa,145.0,3.0,5.0,3.0,14.0,551978.0
IMV-11817,Fercal,Casa,219.0,3.0,5.0,3.0,28.0,362195.0
IMV-11818,Mimoso de Goiás,Casa,267.0,3.0,4.0,2.0,16.0,316127.0
IMV-11819,Águas Lindas de Goiás,Casa,503.0,5.0,6.0,2.0,12.0,1242014.0
IMV-11820,Vila Boa,Casa,556.0,5.0,7.0,4.0,23.0,679119.0
IMV-11821,Pirenópolis,Casa,179.0,5.0,5.0,2.0,22.0,638062.0
IMV-11822,Cabeceira Grande,Casa,250.0,5.0,6.0,2.0,20.0,362925.0
IMV-11823,Flores de Goiás,Casa,236.0,3.0,4.0,3.0,18.0,333405.0
IMV-11824,Vila Boa,Casa,498.0,3.0,4.0,3.0,15.0,
IMV-11825,Ceilândia,Casa,206.0,3.0,3.0,2.0,26.0,642246.0
IMV-11826,Núcleo Bandeirante,Casa,,3.0,3.0,4.0,7.0,794558.0
IMV-11827,Planaltina (GO),Casa,487.0,3.0,3.0,4.0,13.0,974237.0
IMV-11828,Formosa,Casa,195.0,3.0,5.0,2.0,33.0,490694.0
IMV-11829,Novo Gama,Casa,350.0,5.0,5.0,4.0,21.0,692806.0
IMV-11830,Brazlândia,Casa,534.0,4.0,6.0,4.0,27.0,1320507.0
IMV-11831,Vicente Pires,Casa,522.0,5.0,5.0,3.0,30.0,1609027.0
IMV-11832,Cruzeiro,Apartamento,169.0,,2.0,,22.0,
IMV-11833,Vila Boa,Casa,140.0,5.0,6.0,3.0,33.0,147635.0
IMV-11834,Cocalzinho de Goiás,Casa,373.0,5.0,5.0,2.0,19.0,726086.0
IMV-11835,Niquelândia,Casa,594.0,5.0,7.0,3.0,20.0,812757.0
IMV-11836,Cruzeiro,Apartamento,143.0,,2.0,2.0,40.0,767295.0
IMV-11837,Cabeceiras,Casa,,4.0,5.0,3.0,35.0,759516.0
IMV-11838,Santa Maria,Apartamento,,2.0,,,3.0,
IMV-11839,Cabeceiras,Casa,565.0,5.0,5.0,2.0,18.0,894898.0
IMV-11840,Asa Norte,Apartamento,122.0,3.0,3.0,1.0,12.0,1253604.0
IMV-11841,,,360.0,5.0,,2.0,8.0,
IMV-11842,,Casa,,4.0,5.0,4.0,,1629311.0
IMV-11843,Luziânia,Casa,,3.0,3.0,2.0,19.0,973512.0
IMV-11844,Alvorada do Norte,Casa,272.0,4.0,5.0,3.0,,474167.0
IMV-11845,Samambaia,Apartamento,110.0,3.0,3.0,1.0,4.0,481807.0
IMV-11846,Sudoeste / Octogonal,Apartamento,152.0,4.0,1.0,1.0,39.0,1234376.0
IMV-11847,Gama,Apartamento,143.0,3.0,2.0,2.0,33.0,445689.0
IMV-11848,Alto Paraíso de Goiás,Casa,137.0,3.0,5.0,3.0,27.0,424837.0
IMV-11849,Alexânia,Casa,428.0,5.0,7.0,3.0,24.0,1003079.0
IMV-11850,Cristalina,Casa,590.0,4.0,6.0,2.0,7.0,1462692.0
IMV-11851,Goianésia,Casa,309.0,4.0,5.0,2.0,38.0,
IMV-11852,Riacho Fundo,Casa,189.0,5.0,7.0,4.0,,624738.0
IMV-11853,Niquelândia,Casa,215.0,5.0,6.0,2.0,24.0,281591.0
IMV-11854,Novo Gama,Casa,507.0,5.0,7.0,4.0,18.0,935230.0
IMV-11855,Barro Alto,Casa,344.0,5.0,5.0,3.0,31.0,501846.0
IMV-11856,Riacho Fundo II,Casa,524.0,4.0,5.0,2.0,12.0,1339199.0
IMV-11857,Brazlândia,Casa,521.0,,3.0,4.0,20.0,1178870.0
IMV-11858,Brazlândia,Casa,134.0,5.0,6.0,2.0,23.0,349246.0
IMV-11859,Simolândia,,409.0,5.0,,4.0,3.0,581655.0
IMV-11860,Sobradinho,Casa,394.0,5.0,5.0,4.0,40.0,1261207.0
IMV-11861,Cabeceira Grande,Casa,337.0,3.0,3.0,2.0,10.0,
IMV-11862,Cabeceira Grande,Casa,286.0,5.0,6.0,4.0,24.0,385248.0
IMV-11863,Asa Sul,Apartamento,96.0,2.0,1.0,1.0,32.0,845338.0
IMV-11864,,Casa,366.0,3.0,4.0,,0.0,648169.0
IMV-11865,São Sebastião,Apartamento,82.0,3.0,1.0,2.0,24.0,227998.0
IMV-11866,,Apartamento,100.0,,1.0,1.0,37.0,
IMV-11867,Fercal,Casa,386.0,5.0,6.0,3.0,26.0,567114.0
IMV-11868,Ponte Alta,Casa,,4.0,6.0,3.0,7.0,
IMV-11869,Águas Claras,Apartamento,132.0,3.0,2.0,1.0,12.0,1110159.0
IMV-11870,Água Quente,Casa,367.0,4.0,4.0,4.0,35.0,483199.0
IMV-11871,Santo Antônio do Descoberto,Casa,526.0,3.0,,4.0,0.0,1070397.0
IMV-11872,Cruzeiro,Apartamento,96.0,4.0,1.0,2.0,14.0,652911.0
IMV-11873,26 de Setembro,Casa,539.0,4.0,5.0,2.0,15.0,1314319.0
IMV-11874,Cabeceira Grande,Casa,175.0,5.0,5.0,4.0,13.0,281297.0
IMV-11875,Lago Norte,Casa,275.0,,4.0,4.0,24.0,1954639.0
IMV-11876,Alvorada do Norte,Casa,446.0,3.0,5.0,2.0,19.0,
IMV-11877,Sudoeste / Octogonal,Apartamento,64.0,3.0,2.0,0.0,12.0,697006.0
IMV-11878,,Casa,270.0,4.0,4.0,2.0,20.0,537435.0
IMV-11879,Águas Claras,Apartamento,176.0,2.0,1.0,,3.0,1292372.0
IMV-11880,Águas Claras,Apartamento,180.0,3.0,3.0,1.0,7.0,1542162.0
IMV-11881,Varjão,Apartamento,122.0,4.0,2.0,1.0,17.0,399331.0
IMV-11882,,Casa,262.0,5.0,5.0,2.0,0.0,3249378.0
IMV-11883,Sudoeste / Octogonal,Apartamento,61.0,3.0,2.0,0.0,2.0,635888.0
IMV-11884,Mimoso de Goiás,,530.0,3.0,,4.0,38.0,523160.0
IMV-11885,SCIA / Estrutural,Casa,572.0,4.0,5.0,4.0,22.0,
IMV-11886,Park Way,Casa,185.0,4.0,4.0,3.0,23.0,1084895.0
IMV-11887,Santo Antônio do Descoberto,Casa,403.0,4.0,6.0,4.0,7.0,871146.0
IMV-11888,Cabeceiras,Casa,239.0,5.0,6.0,2.0,29.0,326768.0
IMV-11889,Santo Antônio do Descoberto,Casa,580.0,,3.0,2.0,4.0,1229736.0
IMV-11890,Ceilândia,Casa,171.0,4.0,5.0,3.0,6.0,552192.0
IMV-11891,Itapoã,Casa,560.0,4.0,5.0,,19.0,1305901.0
IMV-11892,São João d’Aliança,Casa,553.0,3.0,5.0,4.0,21.0,1024209.0
IMV-11893,Sudoeste / Octogonal,Apartamento,159.0,3.0,2.0,2.0,3.0,1712110.0
IMV-11894,Riacho Fundo,Apartamento,,1.0,1.0,1.0,33.0,130783.0
IMV-11895,,Casa,411.0,5.0,7.0,2.0,28.0,1814032.0
IMV-11896,Alto Paraíso de Goiás,Casa,167.0,4.0,6.0,2.0,37.0,451939.0
IMV-11897,Sol Nascente / Pôr do Sol,Casa,453.0,4.0,6.0,4.0,33.0,684925.0
IMV-11898,Alto Paraíso de Goiás,Casa,326.0,3.0,4.0,2.0,6.0,1150158.0
IMV-11899,Planaltina,Casa,311.0,,4.0,3.0,23.0,776914.0
IMV-11900,Luziânia,,209.0,4.0,5.0,2.0,7.0,479969.0
IMV-11901,Recanto das Emas,Apartamento,179.0,1.0,1.0,1.0,8.0,564301.0
IMV-11902,Sudoeste / Octogonal,Apartamento,175.0,2.0,2.0,,12.0,2101933.0
IMV-11903,Asa Norte,Apartamento,78.0,4.0,4.0,2.0,13.0,713454.0
IMV-11904,Vila Boa,Casa,524.0,3.0,3.0,3.0,34.0,577210.0
IMV-11905,Asa Norte,Apartamento,106.0,4.0,4.0,2.0,2.0,1173934.0
IMV-11906,Valparaíso de Goiás,Apartamento,128.0,4.0,2.0,2.0,38.0,286275.0
IMV-11907,Riacho Fundo II,Casa,146.0,5.0,7.0,3.0,31.0,365818.0
IMV-11908,Goianésia,Casa,256.0,4.0,,3.0,11.0,570521.0
IMV-11909,Vicente Pires,Casa,515.0,4.0,5.0,3.0,31.0,1524888.0
IMV-11910,São João d’Aliança,Casa,341.0,4.0,6.0,3.0,17.0,633816.0
IMV-11911,Valparaíso de Goiás,Apartamento,59.0,4.0,1.0,0.0,14.0,145063.0
IMV-11912,Asa Norte,Apartamento,95.0,3.0,1.0,2.0,40.0,735699.0
IMV-11913,Alto Paraíso de Goiás,Casa,384.0,5.0,5.0,,34.0,1170430.0
IMV-11914,Águas Lindas de Goiás,Apartamento,124.0,1.0,1.0,2.0,3.0,358434.0
IMV-11915,SCIA / Estrutural,Apartamento,81.0,4.0,4.0,1.0,5.0,193720.0
IMV-11916,Riacho Fundo II,Casa,568.0,3.0,4.0,2.0,,1190286.0
IMV-11917,Alexânia,Casa,,4.0,5.0,2.0,27.0,248123.0
IMV-11918,Pirenópolis,Casa,588.0,3.0,3.0,4.0,31.0,2084565.0
IMV-11919,Lago Norte,Casa,360.0,5.0,6.0,4.0,27.0,2741673.0
IMV-11920,Arapoangas,Casa,441.0,3.0,3.0,3.0,27.0,941425.0
IMV-11921,SCIA / Estrutural,Apartamento,129.0,4.0,4.0,2.0,11.0,283193.0
IMV-11922,Niquelândia,Casa,307.0,4.0,4.0,3.0,36.0,
IMV-11923,Sudoeste / Octogonal,,60.0,3.0,3.0,0.0,28.0,616736.0
IMV-11924,26 de Setembro,Casa,173.0,,5.0,2.0,25.0,338776.0
IMV-11925,Vicente Pires,,,4.0,6.0,4.0,37.0,541237.0
IMV-11926,Cavalcante,Casa,195.0,5.0,6.0,3.0,28.0,295934.0
IMV-11927,Luziânia,Casa,,3.0,5.0,2.0,0.0,531390.0
IMV-11928,Santo Antônio do Descoberto,Casa,223.0,5.0,6.0,4.0,4.0,445595.0
IMV-11929,Recanto das Emas,Casa,385.0,5.0,7.0,3.0,1.0,1348232.0
IMV-11930,Cabeceira Grande,Casa,142.0,3.0,3.0,4.0,29.0,181233.0
IMV-11931,Riacho Fundo II,Casa,533.0,5.0,6.0,2.0,6.0,1755685.0
IMV-11932,Padre Bernardo,Casa,397.0,5.0,5.0,4.0,38.0,648446.0
IMV-11933,Vila Propício,Casa,269.0,4.0,6.0,2.0,5.0,453733.0
IMV-11934,Lago Norte,Casa,409.0,4.0,4.0,,8.0,3518360.0
IMV-11935,Santa Maria,Apartamento,150.0,4.0,3.0,1.0,18.0,451528.0
IMV-11936,Cabeceiras,Casa,441.0,5.0,7.0,3.0,8.0,684631.0
IMV-11937,Varjão,Apartamento,42.0,3.0,1.0,0.0,40.0,89511.0
IMV-11938,São João d’Aliança,Casa,,5.0,7.0,2.0,20.0,820314.0
IMV-11939,Vila Propício,Casa,,5.0,5.0,3.0,6.0,707375.0
IMV-11940,Pirenópolis,Casa,378.0,4.0,6.0,4.0,9.0,1644737.0
IMV-11941,,Casa,220.0,4.0,6.0,4.0,6.0,448567.0
IMV-11942,Cocalzinho de Goiás,Casa,481.0,3.0,3.0,3.0,38.0,781645.0
IMV-11943,Vicente Pires,,281.0,4.0,4.0,2.0,17.0,1077771.0
IMV-11944,SCIA / Estrutural,Casa,333.0,5.0,5.0,2.0,28.0,536815.0
IMV-11945,Abadiânia,Casa,280.0,4.0,6.0,3.0,27.0,525694.0
IMV-11946,Lago Norte,Casa,446.0,5.0,5.0,2.0,40.0,3284370.0
IMV-11947,Cristalina,Casa,547.0,,5.0,4.0,39.0,1181844.0
IMV-11948,Cristalina,Casa,448.0,3.0,3.0,2.0,22.0,1142794.0
IMV-11949,Lago Sul,Casa,226.0,3.0,5.0,3.0,18.0,2238973.0
IMV-11950,Riacho Fundo,Apartamento,155.0,1.0,1.0,1.0,39.0,432164.0
IMV-11951,Lago Sul,Casa,484.0,5.0,5.0,3.0,,5445610.0
IMV-11952,Núcleo Bandeirante,Casa,212.0,4.0,5.0,2.0,12.0,976464.0
IMV-11953,Alvorada do Norte,Casa,148.0,4.0,5.0,3.0,28.0,157665.0
IMV-11954,Niquelândia,Casa,546.0,4.0,5.0,3.0,27.0,819261.0
IMV-11955,Goianésia,Casa,461.0,5.0,7.0,,38.0,
IMV-11956,Mimoso de Goiás,Casa,350.0,5.0,,2.0,28.0,349936.0
IMV-11957,,Apartamento,104.0,3.0,1.0,1.0,14.0,348148.0
IMV-11958,Sobradinho,Casa,344.0,5.0,6.0,3.0,29.0,1108692.0
IMV-11959,Varjão,Casa,134.0,5.0,7.0,,,375086.0
IMV-11960,Goianésia,Casa,,5.0,,3.0,,
IMV-11961,Cruzeiro,Apartamento,62.0,4.0,3.0,0.0,12.0,427196.0
IMV-11962,São Sebastião,Casa,260.0,4.0,4.0,2.0,5.0,835424.0
IMV-11963,Santa Maria,Apartamento,83.0,3.0,2.0,1.0,,190682.0
IMV-11964,Cristalina,Casa,308.0,5.0,5.0,3.0,12.0,755008.0
IMV-11965,Asa Norte,Apartamento,177.0,3.0,1.0,1.0,35.0,1288409.0
IMV-11966,Cidade Ocidental,Casa,139.0,5.0,6.0,,3.0,327111.0
IMV-11967,Riacho Fundo II,Apartamento,69.0,3.0,3.0,1.0,29.0,180228.0
IMV-11968,Brazlândia,Casa,146.0,5.0,5.0,3.0,29.0,344319.0
IMV-11969,Padre Bernardo,Casa,213.0,3.0,3.0,3.0,14.0,437624.0
IMV-11970,Cruzeiro,Apartamento,81.0,4.0,4.0,2.0,33.0,473662.0
IMV-11971,Ponte Alta,Casa,492.0,3.0,5.0,2.0,30.0,859148.0
IMV-11972,Águas Lindas de Goiás,Casa,133.0,4.0,6.0,2.0,23.0,228149.0
IMV-11973,Simolândia,Casa,123.0,,3.0,3.0,18.0,180468.0
IMV-11974,Alvorada do Norte,Casa,486.0,5.0,5.0,2.0,3.0,701574.0
IMV-11975,,Casa,141.0,5.0,5.0,4.0,11.0,672022.0
IMV-11976,Lago Norte,Casa,319.0,3.0,5.0,4.0,39.0,2345123.0
IMV-11977,Noroeste,Apartamento,46.0,3.0,1.0,0.0,12.0,554331.0
IMV-11978,Barro Alto,Casa,590.0,3.0,4.0,4.0,22.0,922204.0
IMV-11979,Cabeceira Grande,Casa,478.0,5.0,7.0,3.0,8.0,838260.0
IMV-11980,Santo Antônio do Descoberto,Casa,362.0,3.0,3.0,4.0,3.0,
IMV-11981,,Casa,320.0,,6.0,4.0,3.0,1806727.0
IMV-11982,Planaltina (GO),Casa,425.0,5.0,7.0,4.0,24.0,712107.0
IMV-11983,Planaltina (GO),Casa,517.0,4.0,4.0,3.0,21.0,921398.0
IMV-11984,Flores de Goiás,Casa,,5.0,7.0,3.0,17.0,577633.0
IMV-11985,Itapoã,Casa,545.0,4.0,6.0,2.0,37.0,1034411.0
IMV-11986,Cabeceira Grande,Casa,449.0,3.0,5.0,,24.0,533656.0
IMV-11987,Mimoso de Goiás,Casa,519.0,4.0,4.0,2.0,35.0,612861.0
IMV-11988,Cavalcante,Casa,517.0,3.0,3.0,,9.0,1098104.0
IMV-11989,Riacho Fundo,Casa,,5.0,5.0,3.0,21.0,909436.0
IMV-11990,Água Fria de Goiás,Casa,450.0,3.0,5.0,4.0,35.0,603704.0
IMV-11991,Vicente Pires,Casa,181.0,4.0,4.0,3.0,27.0,598578.0
IMV-11992,Abadiânia,Casa,362.0,3.0,3.0,2.0,30.0,660998.0
IMV-11993,Águas Claras,Apartamento,156.0,1.0,1.0,,24.0,1134765.0
IMV-11994,Sobradinho,Casa,427.0,5.0,7.0,3.0,17.0,1666708.0
IMV-11995,,Casa,410.0,3.0,3.0,3.0,39.0,860556.0
IMV-11996,Ponte Alta,Casa,429.0,3.0,5.0,3.0,10.0,1239630.0
IMV-11997,Alto Paraíso de Goiás,Casa,214.0,,,2.0,36.0,575474.0
IMV-11998,Cocalzinho de Goiás,Casa,175.0,4.0,,2.0,19.0,372318.0
IMV-11999,Recanto das Emas,Apartamento,163.0,1.0,1.0,1.0,28.0,423397.0
IMV-12000,Cabeceiras,Casa,178.0,5.0,7.0,2.0,10.0,256204.0
IMV-12001,Águas Claras,Apartamento,,2.0,1.0,1.0,14.0,1273800.0
IMV-12002,SIA,Apartamento,66.0,2.0,2.0,1.0,,268187.0
IMV-12003,Novo Gama,Casa,464.0,,7.0,4.0,0.0,1115207.0
IMV-12004,Taguatinga,Casa,580.0,5.0,7.0,3.0,27.0,2466437.0
IMV-12005,Vila Propício,Casa,,4.0,4.0,4.0,20.0,399827.0
IMV-12006,São João d’Aliança,Casa,255.0,4.0,5.0,3.0,4.0,559956.0
IMV-12007,Cruzeiro,Apartamento,52.0,,1.0,1.0,15.0,287134.0
IMV-12008,São João d’Aliança,Casa,374.0,3.0,3.0,3.0,36.0,
IMV-12009,São João d’Aliança,Casa,280.0,3.0,4.0,2.0,21.0,457145.0
IMV-12010,Recanto das Emas,Apartamento,111.0,2.0,1.0,1.0,36.0,249946.0
IMV-12011,Vila Boa,Casa,406.0,5.0,5.0,3.0,18.0,543881.0
IMV-12012,Jardim Botânico,Casa,507.0,4.0,4.0,4.0,9.0,2596916.0
IMV-12013,Vila Boa,Casa,342.0,4.0,5.0,4.0,29.0,399644.0
IMV-12014,Cruzeiro,Apartamento,158.0,4.0,2.0,,28.0,781700.0
IMV-12015,Recanto das Emas,Casa,329.0,4.0,4.0,4.0,,
IMV-12016,Santa Maria,Apartamento,61.0,2.0,2.0,0.0,4.0,192725.0
IMV-12017,Água Fria de Goiás,Casa,193.0,5.0,6.0,2.0,35.0,228314.0
IMV-12018,Sol Nascente / Pôr do Sol,Apartamento,173.0,2.0,1.0,1.0,,323404.0
IMV-12019,Padre Bernardo,,334.0,3.0,4.0,4.0,27.0,
IMV-12020,Mimoso de Goiás,Casa,148.0,4.0,4.0,2.0,12.0,200636.0
IMV-12021,Niquelândia,Casa,590.0,4.0,6.0,2.0,28.0,714856.0
IMV-12022,Luziânia,Casa,244.0,4.0,6.0,2.0,,450177.0
IMV-12023,Núcleo Bandeirante,Casa,171.0,4.0,6.0,2.0,25.0,564837.0
IMV-12024,Luziânia,Casa,226.0,4.0,4.0,3.0,37.0,433637.0
IMV-12025,Água Fria de Goiás,Casa,526.0,4.0,6.0,3.0,2.0,827486.0
IMV-12026,Itapoã,Casa,537.0,3.0,5.0,3.0,21.0,1381246.0
IMV-12027,Água Fria de Goiás,Casa,144.0,4.0,4.0,4.0,23.0,227607.0
IMV-12028,Flores de Goiás,Casa,,,6.0,2.0,36.0,473124.0
IMV-12029,Mimoso de Goiás,Casa,330.0,3.0,4.0,4.0,,423379.0
IMV-12030,Flores de Goiás,Casa,535.0,4.0,6.0,2.0,0.0,851176.0
IMV-12031,São Sebastião,Apartamento,121.0,4.0,2.0,1.0,15.0,
IMV-12032,Jardim Botânico,Casa,526.0,3.0,3.0,2.0,39.0,2747934.0
IMV-12033,SCIA / Estrutural,Apartamento,179.0,2.0,1.0,1.0,36.0,366457.0
IMV-12034,SCIA / Estrutural,Casa,439.0,3.0,5.0,4.0,,1029499.0
IMV-12035,,,170.0,5.0,5.0,,26.0,298358.0
IMV-12036,,Casa,180.0,4.0,5.0,4.0,17.0,715449.0
IMV-12037,Asa Norte,Apartamento,68.0,1.0,1.0,1.0,11.0,709596.0
IMV-12038,Cabeceira Grande,Casa,,3.0,4.0,2.0,29.0,638591.0
IMV-12039,Gama,Casa,381.0,5.0,6.0,4.0,19.0,1313081.0
IMV-12040,Planaltina (GO),Casa,306.0,3.0,3.0,2.0,18.0,526831.0
IMV-12041,Noroeste,Apartamento,70.0,2.0,1.0,1.0,3.0,
IMV-12042,Cavalcante,Casa,236.0,4.0,6.0,4.0,8.0,447458.0
IMV-12043,São Sebastião,Casa,,3.0,5.0,3.0,8.0,765876.0
IMV-12044,Samambaia,Apartamento,135.0,3.0,3.0,2.0,7.0,485459.0
IMV-12045,Vicente Pires,Casa,265.0,3.0,3.0,2.0,1.0,1329759.0
IMV-12046,26 de Setembro,Casa,286.0,5.0,5.0,4.0,14.0,659913.0
IMV-12047,SCIA / Estrutural,Apartamento,95.0,1.0,1.0,1.0,15.0,222434.0
IMV-12048,Niquelândia,Casa,247.0,3.0,3.0,4.0,2.0,412276.0
IMV-12049,Taguatinga,Casa,354.0,3.0,3.0,3.0,27.0,1335483.0
IMV-12050,Luziânia,Casa,297.0,,5.0,4.0,23.0,573539.0
IMV-12051,SIA,Apartamento,,2.0,2.0,1.0,24.0,259890.0
IMV-12052,São Sebastião,Casa,211.0,5.0,7.0,2.0,13.0,733179.0
IMV-12053,Samambaia,Apartamento,85.0,,3.0,2.0,,298284.0
IMV-12054,Cabeceira Grande,Casa,336.0,3.0,5.0,3.0,10.0,554367.0
IMV-12055,São Sebastião,Casa,355.0,3.0,4.0,3.0,0.0,1101088.0
IMV-12056,Valparaíso de Goiás,Apartamento,172.0,1.0,1.0,1.0,3.0,535052.0
IMV-12057,Sudoeste / Octogonal,Apartamento,133.0,,2.0,2.0,,
IMV-12058,Planaltina (GO),Casa,188.0,4.0,6.0,2.0,30.0,308736.0
IMV-12059,Pirenópolis,Casa,273.0,3.0,3.0,4.0,31.0,914966.0
IMV-12060,Jardim Botânico,Casa,383.0,5.0,5.0,,2.0,2094648.0
IMV-12061,Asa Sul,,101.0,3.0,2.0,1.0,17.0,940321.0
IMV-12062,Barro Alto,Casa,219.0,5.0,5.0,,0.0,473583.0
IMV-12063,Lago Sul,Casa,425.0,5.0,7.0,2.0,2.0,5334862.0
IMV-12064,Cabeceira Grande,Casa,202.0,5.0,5.0,4.0,22.0,279744.0
IMV-12065,Jardim Botânico,Casa,267.0,5.0,5.0,4.0,7.0,1547775.0
IMV-12066,Cidade Ocidental,Casa,428.0,4.0,5.0,4.0,21.0,921079.0
IMV-12067,Itapoã,Apartamento,114.0,1.0,1.0,2.0,10.0,273490.0
IMV-12068,Lago Norte,Casa,496.0,5.0,5.0,3.0,34.0,3136194.0
IMV-12069,Vila Boa,Casa,367.0,4.0,4.0,2.0,0.0,572078.0
IMV-12070,Sobradinho II,Casa,457.0,3.0,3.0,2.0,12.0,1723394.0
IMV-12071,Novo Gama,Casa,412.0,3.0,5.0,4.0,16.0,916649.0
IMV-12072,Paranoá,Apartamento,46.0,4.0,3.0,,29.0,113539.0
IMV-12073,Taguatinga,Casa,475.0,4.0,6.0,4.0,19.0,1784667.0
IMV-12074,Goianésia,Casa,369.0,4.0,,4.0,12.0,921697.0
IMV-12075,Abadiânia,Casa,202.0,5.0,7.0,3.0,18.0,411363.0
IMV-12076,Arapoangas,Casa,486.0,5.0,6.0,3.0,36.0,803285.0
IMV-12077,Vicente Pires,Casa,361.0,5.0,7.0,4.0,17.0,1524489.0
IMV-12078,Luziânia,Casa,145.0,5.0,7.0,2.0,11.0,310282.0
IMV-12079,Água Quente,Casa,331.0,3.0,3.0,2.0,38.0,431396.0
IMV-12080,Taguatinga,Apartamento,82.0,2.0,1.0,1.0,32.0,284519.0
IMV-12081,Alvorada do Norte,Casa,144.0,4.0,4.0,3.0,2.0,272395.0
IMV-12082,Vicente Pires,Casa,379.0,4.0,5.0,2.0,7.0,1587653.0
IMV-12083,Vicente Pires,Casa,519.0,4.0,5.0,4.0,7.0,2131379.0
IMV-12084,Asa Sul,Apartamento,73.0,3.0,3.0,,34.0,526319.0
IMV-12085,Recanto das Emas,Casa,589.0,3.0,4.0,4.0,23.0,1445276.0
IMV-12086,Cidade Ocidental,Casa,165.0,,3.0,3.0,39.0,322130.0
IMV-12087,Lago Sul,Casa,395.0,4.0,6.0,4.0,5.0,4582304.0
IMV-12088,Asa Norte,Apartamento,74.0,4.0,3.0,2.0,5.0,855808.0
IMV-12089,Sudoeste / Octogonal,Apartamento,66.0,3.0,3.0,1.0,12.0,742359.0
IMV-12090,Valparaíso de Goiás,Apartamento,54.0,4.0,3.0,0.0,3.0,191151.0
IMV-12091,Luziânia,Casa,182.0,4.0,5.0,3.0,37.0,341040.0
IMV-12092,São João d’Aliança,Casa,460.0,5.0,7.0,3.0,5.0,1038222.0
IMV-12093,Águas Lindas de Goiás,Apartamento,54.0,1.0,1.0,1.0,24.0,
IMV-12094,Água Fria de Goiás,Casa,340.0,4.0,6.0,3.0,,519502.0
IMV-12095,Candangolândia,Apartamento,173.0,1.0,1.0,2.0,39.0,577333.0
IMV-12096,Águas Claras,Apartamento,140.0,,1.0,1.0,36.0,906177.0
IMV-12097,SIA,Apartamento,103.0,1.0,1.0,2.0,39.0,398479.0
IMV-12098,Gama,Casa,442.0,3.0,3.0,2.0,10.0,1558570.0
IMV-12099,Lago Sul,Casa,529.0,3.0,3.0,4.0,20.0,5552606.0
IMV-12100,Padre Bernardo,Casa,215.0,,4.0,4.0,39.0,307248.0
IMV-12101,Noroeste,Apartamento,137.0,4.0,3.0,1.0,22.0,1513037.0
IMV-12102,Taguatinga,Casa,590.0,5.0,6.0,4.0,31.0,2077082.0
IMV-12103,Jardim Botânico,Casa,490.0,3.0,5.0,2.0,37.0,2454206.0
IMV-12104,Vila Propício,,,5.0,7.0,3.0,35.0,442511.0
IMV-12105,Cavalcante,Casa,161.0,5.0,7.0,2.0,32.0,260922.0
IMV-12106,,Apartamento,150.0,3.0,2.0,2.0,22.0,326065.0
IMV-12107,Cabeceira Grande,Casa,500.0,5.0,5.0,3.0,15.0,767463.0
IMV-12108,Água Quente,Casa,478.0,5.0,,,5.0,856962.0
IMV-12109,Valparaíso de Goiás,Apartamento,83.0,3.0,2.0,1.0,1.0,239770.0
IMV-12110,Cabeceira Grande,Casa,442.0,5.0,6.0,3.0,23.0,
IMV-12111,Itapoã,Apartamento,47.0,2.0,2.0,1.0,26.0,117959.0
IMV-12112,Planaltina,Casa,205.0,4.0,4.0,3.0,30.0,453701.0
IMV-12113,Abadiânia,Casa,595.0,4.0,6.0,4.0,23.0,960918.0
IMV-12114,Sobradinho,Casa,154.0,5.0,6.0,2.0,3.0,
IMV-12115,Mimoso de Goiás,Casa,531.0,3.0,3.0,4.0,24.0,561297.0
IMV-12116,São João d’Aliança,Casa,,,6.0,2.0,37.0,380019.0
IMV-12117,SIA,Apartamento,67.0,4.0,2.0,0.0,11.0,318768.0
IMV-12118,Núcleo Bandeirante,Casa,557.0,4.0,4.0,2.0,12.0,2727150.0
IMV-12119,Mimoso de Goiás,Casa,514.0,5.0,6.0,3.0,5.0,760746.0
IMV-12120,Ponte Alta,Casa,363.0,3.0,3.0,3.0,33.0,671493.0
IMV-12121,Guará,Apartamento,162.0,2.0,1.0,2.0,,1019355.0
IMV-12122,Brazlândia,Casa,171.0,4.0,6.0,2.0,18.0,466100.0
IMV-12123,SCIA / Estrutural,Casa,350.0,3.0,5.0,4.0,15.0,705551.0
IMV-12124,Simolândia,Casa,345.0,5.0,7.0,3.0,10.0,490056.0
IMV-12125,Park Way,Casa,291.0,3.0,4.0,4.0,2.0,2297953.0
IMV-12126,Brazlândia,Casa,,4.0,6.0,4.0,39.0,304707.0
IMV-12127,Núcleo Bandeirante,Apartamento,148.0,2.0,2.0,1.0,17.0,607041.0
IMV-12128,Cabeceira Grande,Casa,220.0,3.0,3.0,4.0,18.0,282255.0
IMV-12129,Cristalina,Casa,471.0,3.0,4.0,3.0,37.0,960997.0
IMV-12130,Riacho Fundo II,Apartamento,118.0,3.0,2.0,2.0,40.0,293094.0
IMV-12131,26 de Setembro,Casa,428.0,3.0,3.0,4.0,14.0,816839.0
IMV-12132,Mimoso de Goiás,Casa,414.0,3.0,4.0,4.0,26.0,419698.0
IMV-12133,Varjão,Apartamento,96.0,2.0,1.0,1.0,11.0,285667.0
IMV-12134,Riacho Fundo II,Apartamento,47.0,4.0,4.0,1.0,20.0,138723.0
IMV-12135,Riacho Fundo II,Casa,421.0,4.0,5.0,3.0,40.0,934079.0
IMV-12136,Sobradinho II,Casa,305.0,3.0,5.0,3.0,32.0,770666.0
IMV-12137,Barro Alto,Casa,441.0,3.0,3.0,2.0,40.0,583057.0
IMV-12138,Lago Sul,Casa,382.0,3.0,,,34.0,3686669.0
IMV-12139,Lago Sul,Casa,268.0,4.0,4.0,4.0,28.0,2222070.0
IMV-12140,Flores de Goiás,Casa,,4.0,5.0,2.0,32.0,633309.0
IMV-12141,Vicente Pires,Casa,232.0,5.0,7.0,2.0,33.0,696824.0
IMV-12142,Cocalzinho de Goiás,Casa,188.0,3.0,5.0,4.0,,306921.0
IMV-12143,Sol Nascente / Pôr do Sol,Apartamento,109.0,2.0,,1.0,37.0,168200.0
IMV-12144,Asa Norte,Apartamento,118.0,2.0,2.0,1.0,8.0,
IMV-12145,Cidade Ocidental,Casa,500.0,5.0,6.0,4.0,14.0,1349267.0
IMV-12146,Asa Sul,,61.0,2.0,1.0,1.0,27.0,486613.0
IMV-12147,Brazlândia,Casa,327.0,4.0,4.0,3.0,4.0,
IMV-12148,Alto Paraíso de Goiás,Casa,181.0,4.0,4.0,2.0,14.0,748307.0
IMV-12149,Barro Alto,Casa,426.0,5.0,6.0,2.0,40.0,562766.0
IMV-12150,Cabeceira Grande,Casa,443.0,4.0,4.0,4.0,0.0,835954.0
IMV-12151,SCIA / Estrutural,Casa,507.0,3.0,5.0,3.0,25.0,941153.0
IMV-12152,,Casa,567.0,5.0,6.0,3.0,15.0,750177.0
IMV-12153,Lago Norte,Casa,339.0,3.0,5.0,4.0,13.0,2987028.0
IMV-12154,Asa Sul,Apartamento,156.0,,2.0,2.0,13.0,1717780.0
IMV-12155,Fercal,Casa,360.0,5.0,5.0,4.0,23.0,558006.0
IMV-12156,Sudoeste / Octogonal,Apartamento,71.0,1.0,1.0,1.0,12.0,777815.0
IMV-12157,Brazlândia,,326.0,3.0,4.0,3.0,32.0,762275.0
IMV-12158,Flores de Goiás,Casa,431.0,5.0,,3.0,40.0,527713.0
IMV-12159,,Casa,250.0,4.0,6.0,4.0,27.0,425254.0
IMV-12160,Arapoangas,Casa,407.0,3.0,5.0,4.0,36.0,730479.0
IMV-12161,Ponte Alta,Casa,203.0,5.0,6.0,3.0,16.0,472086.0
IMV-12162,Asa Sul,Apartamento,177.0,2.0,1.0,2.0,21.0,1781017.0
IMV-12163,,Apartamento,102.0,1.0,1.0,1.0,39.0,
IMV-12164,Lago Norte,Casa,406.0,3.0,3.0,,39.0,2672150.0
IMV-12165,Arapoangas,Casa,453.0,3.0,3.0,3.0,23.0,1078874.0
IMV-12166,Paranoá,Apartamento,151.0,4.0,3.0,1.0,32.0,338668.0
IMV-12167,Santa Maria,Casa,226.0,4.0,5.0,3.0,2.0,741994.0
IMV-12168,SIA,Apartamento,175.0,2.0,1.0,1.0,17.0,707824.0
IMV-12169,Asa Sul,Apartamento,105.0,2.0,2.0,2.0,35.0,804486.0
IMV-12170,Sobradinho,Casa,565.0,,6.0,4.0,33.0,1787067.0
IMV-12171,Vicente Pires,Casa,464.0,4.0,4.0,3.0,27.0,1500196.0
IMV-12172,Abadiânia,Casa,280.0,4.0,5.0,2.0,36.0,433551.0
IMV-12173,Cavalcante,Casa,156.0,3.0,5.0,3.0,12.0,288131.0
IMV-12174,Park Way,,549.0,4.0,4.0,2.0,3.0,4554037.0
IMV-12175,,Apartamento,88.0,4.0,3.0,2.0,25.0,555729.0
IMV-12176,,Casa,597.0,4.0,6.0,4.0,7.0,1571620.0
IMV-12177,Vicente Pires,Casa,409.0,5.0,7.0,2.0,4.0,1834272.0
IMV-12178,Valparaíso de Goiás,Apartamento,,3.0,1.0,1.0,2.0,171668.0
IMV-12179,Park Way,Casa,204.0,3.0,3.0,2.0,6.0,1485873.0
IMV-12180,Barro Alto,Casa,532.0,5.0,5.0,2.0,6.0,958304.0
IMV-12181,26 de Setembro,,,4.0,5.0,2.0,13.0,829492.0
IMV-12182,Águas Claras,Apartamento,,3.0,1.0,0.0,13.0,459121.0
IMV-12183,Ponte Alta,Casa,329.0,5.0,6.0,3.0,30.0,738728.0
IMV-12184,São João d’Aliança,Casa,352.0,5.0,5.0,3.0,29.0,463905.0
IMV-12185,Água Quente,Casa,356.0,3.0,4.0,4.0,29.0,596596.0
IMV-12186,Águas Claras,Apartamento,91.0,1.0,1.0,1.0,10.0,596283.0
IMV-12187,Jardim Botânico,Casa,526.0,3.0,4.0,4.0,24.0,2674334.0
IMV-12188,Água Fria de Goiás,Casa,341.0,4.0,4.0,4.0,13.0,554469.0
IMV-12189,,Apartamento,178.0,3.0,3.0,1.0,17.0,599275.0
IMV-12190,Lago Sul,Casa,490.0,3.0,3.0,2.0,31.0,
IMV-12191,Itapoã,Apartamento,87.0,,2.0,2.0,8.0,243587.0
IMV-12192,Alvorada do Norte,Casa,378.0,,5.0,3.0,28.0,432105.0
IMV-12193,,Apartamento,43.0,1.0,1.0,0.0,30.0,84954.0
IMV-12194,Cocalzinho de Goiás,Casa,600.0,3.0,5.0,,22.0,963160.0
IMV-12195,Luziânia,Casa,320.0,3.0,3.0,3.0,20.0,644769.0
IMV-12196,Goianésia,Casa,531.0,4.0,5.0,2.0,10.0,1393875.0
IMV-12197,SCIA / Estrutural,Casa,558.0,5.0,6.0,2.0,34.0,960872.0
IMV-12198,Santo Antônio do Descoberto,Casa,524.0,3.0,5.0,2.0,0.0,1349808.0
IMV-12199,Taguatinga,Casa,511.0,4.0,5.0,4.0,0.0,2718372.0
IMV-12200,Asa Norte,Apartamento,134.0,2.0,1.0,1.0,3.0,1392332.0
IMV-12201,Núcleo Bandeirante,Apartamento,130.0,4.0,4.0,1.0,11.0,558875.0
IMV-12202,São João d’Aliança,Casa,176.0,3.0,3.0,3.0,2.0,326131.0
IMV-12203,Recanto das Emas,Casa,591.0,4.0,5.0,3.0,17.0,1553220.0
IMV-12204,Formosa,Casa,346.0,5.0,6.0,3.0,18.0,951035.0
IMV-12205,Jardim Botânico,Casa,525.0,3.0,3.0,3.0,28.0,2335826.0
IMV-12206,Vicente Pires,Casa,448.0,4.0,4.0,2.0,31.0,1221060.0
IMV-12207,Novo Gama,Casa,259.0,3.0,5.0,4.0,6.0,663436.0
IMV-12208,Alvorada do Norte,Casa,244.0,4.0,6.0,3.0,6.0,442563.0
IMV-12209,Cristalina,Casa,366.0,4.0,5.0,3.0,7.0,1187527.0
IMV-12210,Cidade Ocidental,Casa,372.0,5.0,,4.0,8.0,969005.0
IMV-12211,Ceilândia,Apartamento,117.0,2.0,1.0,2.0,20.0,343386.0
IMV-12212,Cabeceiras,Casa,371.0,4.0,5.0,2.0,,674947.0
IMV-12213,Ceilândia,Casa,415.0,3.0,3.0,3.0,31.0,
IMV-12214,Ceilândia,Casa,455.0,4.0,4.0,4.0,16.0,1440116.0
IMV-12215,Águas Lindas de Goiás,Casa,280.0,4.0,5.0,2.0,17.0,639521.0
IMV-12216,SIA,Apartamento,97.0,4.0,3.0,1.0,21.0,
IMV-12217,Park Way,Casa,376.0,3.0,3.0,3.0,7.0,2577064.0
IMV-12218,Itapoã,Casa,467.0,,5.0,4.0,27.0,1175480.0
IMV-12219,Paranoá,Apartamento,,4.0,1.0,2.0,5.0,405640.0
IMV-12220,Águas Lindas de Goiás,Casa,211.0,5.0,6.0,4.0,38.0,423669.0
IMV-12221,Cabeceira Grande,Casa,533.0,,5.0,2.0,35.0,677337.0
IMV-12222,Flores de Goiás,Casa,464.0,3.0,4.0,2.0,2.0,655108.0
IMV-12223,Luziânia,Casa,487.0,3.0,3.0,2.0,36.0,870933.0
IMV-12224,,Casa,472.0,5.0,5.0,,13.0,732438.0
IMV-12225,Alexânia,,593.0,4.0,5.0,3.0,14.0,1322761.0
IMV-12226,SIA,Apartamento,156.0,4.0,,1.0,,582191.0
IMV-12227,Itapoã,Apartamento,86.0,3.0,2.0,2.0,26.0,204313.0
IMV-12228,Taguatinga,Apartamento,49.0,1.0,1.0,1.0,9.0,250116.0
IMV-12229,Arniqueira,Casa,446.0,4.0,6.0,4.0,37.0,1701667.0
IMV-12230,Núcleo Bandeirante,Apartamento,108.0,4.0,2.0,2.0,1.0,524217.0
IMV-12231,Sudoeste / Octogonal,Apartamento,147.0,4.0,1.0,1.0,34.0,1234352.0
IMV-12232,Luziânia,Casa,177.0,3.0,5.0,,12.0,357966.0
IMV-12233,Ponte Alta,Casa,492.0,4.0,6.0,3.0,7.0,1147580.0
IMV-12234,Núcleo Bandeirante,Apartamento,90.0,2.0,2.0,1.0,8.0,436246.0
IMV-12235,Alto Paraíso de Goiás,Casa,530.0,3.0,3.0,3.0,9.0,1760911.0
IMV-12236,Niquelândia,Casa,250.0,4.0,4.0,2.0,28.0,321067.0
IMV-12237,Sudoeste / Octogonal,Apartamento,106.0,2.0,1.0,2.0,28.0,817351.0
IMV-12238,,Apartamento,76.0,1.0,,2.0,9.0,264781.0
IMV-12239,Candangolândia,Casa,440.0,3.0,5.0,3.0,15.0,1508391.0
IMV-12240,Novo Gama,Casa,254.0,5.0,6.0,2.0,3.0,675617.0
IMV-12241,Padre Bernardo,Casa,395.0,5.0,5.0,4.0,31.0,540824.0
IMV-12242,Planaltina,,59.0,3.0,2.0,0.0,1.0,164362.0
IMV-12243,Goianésia,Casa,341.0,4.0,5.0,2.0,40.0,687478.0
IMV-12244,26 de Setembro,Casa,166.0,,4.0,2.0,12.0,327894.0
IMV-12245,Vila Boa,Casa,203.0,5.0,7.0,,4.0,330138.0
IMV-12246,Planaltina,Apartamento,109.0,4.0,1.0,2.0,15.0,255826.0
IMV-12247,Vila Propício,Casa,,3.0,3.0,4.0,4.0,715419.0
IMV-12248,Planaltina (GO),Casa,535.0,4.0,,4.0,6.0,1193281.0
IMV-12249,Cidade Ocidental,Casa,580.0,3.0,4.0,4.0,18.0,1301355.0
IMV-12250,Simolândia,Casa,594.0,4.0,4.0,4.0,14.0,805127.0
IMV-12251,Noroeste,Apartamento,93.0,1.0,1.0,1.0,31.0,921302.0
IMV-12252,Goianésia,Casa,573.0,4.0,5.0,4.0,3.0,1357278.0
IMV-12253,Cabeceiras,Casa,567.0,4.0,4.0,2.0,22.0,706045.0
IMV-12254,Núcleo Bandeirante,Casa,,4.0,6.0,4.0,16.0,2433136.0
IMV-12255,Alexânia,Casa,509.0,4.0,5.0,2.0,15.0,1249293.0
IMV-12256,SIA,Apartamento,,2.0,2.0,,34.0,417837.0
IMV-12257,Ponte Alta,Casa,433.0,4.0,6.0,4.0,,885478.0
IMV-12258,Santa Maria,Apartamento,104.0,1.0,,1.0,12.0,337157.0
IMV-12259,Asa Norte,Apartamento,163.0,2.0,1.0,2.0,25.0,1151860.0
IMV-12260,Vila Propício,Casa,165.0,5.0,6.0,3.0,27.0,218081.0
IMV-12261,Cruzeiro,,178.0,3.0,3.0,1.0,5.0,1108435.0
IMV-12262,Noroeste,Apartamento,40.0,4.0,,0.0,37.0,339955.0
IMV-12263,Guará,Apartamento,120.0,,2.0,1.0,32.0,639362.0
IMV-12264,Park Way,Casa,324.0,3.0,5.0,4.0,32.0,2007054.0
IMV-12265,Água Quente,Casa,522.0,5.0,5.0,2.0,30.0,
IMV-12266,Abadiânia,Casa,130.0,5.0,7.0,2.0,21.0,208575.0
IMV-12267,Lago Norte,Casa,431.0,3.0,4.0,3.0,26.0,2858581.0
IMV-12268,Formosa,Casa,,5.0,,4.0,34.0,1060982.0
IMV-12269,Brazlândia,Casa,405.0,4.0,5.0,3.0,7.0,
IMV-12270,Cavalcante,Casa,219.0,5.0,7.0,4.0,,374593.0
IMV-12271,Goianésia,Casa,391.0,3.0,3.0,3.0,27.0,
IMV-12272,Niquelândia,Casa,424.0,5.0,5.0,4.0,40.0,639393.0
IMV-12273,Paranoá,Apartamento,68.0,,,0.0,31.0,167501.0
IMV-12274,Arniqueira,Casa,137.0,4.0,5.0,4.0,7.0,534028.0
IMV-12275,Paranoá,Casa,449.0,5.0,6.0,4.0,12.0,1168910.0
IMV-12276,,Casa,433.0,5.0,6.0,3.0,11.0,1148788.0
IMV-12277,Goianésia,Casa,178.0,5.0,6.0,4.0,2.0,434335.0
IMV-12278,Varjão,Casa,,3.0,3.0,,40.0,1339976.0
IMV-12279,,Casa,566.0,5.0,6.0,3.0,5.0,1095277.0
IMV-12280,Niquelândia,Casa,328.0,4.0,6.0,2.0,25.0,522551.0
IMV-12281,Vila Propício,Casa,569.0,,7.0,2.0,32.0,726692.0
IMV-12282,Ponte Alta,Casa,475.0,5.0,6.0,2.0,36.0,992873.0
IMV-12283,Samambaia,Apartamento,165.0,,3.0,2.0,23.0,
IMV-12284,Pirenópolis,Casa,401.0,5.0,5.0,4.0,25.0,1159220.0
IMV-12285,Noroeste,Apartamento,140.0,4.0,,1.0,3.0,1941631.0
IMV-12286,Riacho Fundo,Apartamento,116.0,4.0,3.0,1.0,14.0,454616.0
IMV-12287,Água Fria de Goiás,Casa,251.0,5.0,7.0,2.0,28.0,301145.0
IMV-12288,Pirenópolis,Casa,397.0,3.0,5.0,4.0,0.0,1852484.0
IMV-12289,Brazlândia,Casa,363.0,5.0,5.0,3.0,35.0,703541.0
IMV-12290,Niquelândia,Casa,139.0,5.0,5.0,3.0,10.0,231953.0
IMV-12291,Ceilândia,Casa,133.0,3.0,3.0,3.0,29.0,391892.0
IMV-12292,Lago Sul,Casa,443.0,3.0,4.0,3.0,39.0,
IMV-12293,Flores de Goiás,Casa,160.0,5.0,7.0,4.0,40.0,
IMV-12294,Água Quente,Casa,545.0,4.0,4.0,3.0,4.0,1030496.0
IMV-12295,SIA,Apartamento,177.0,3.0,3.0,1.0,,660159.0
IMV-12296,Flores de Goiás,Casa,374.0,3.0,3.0,3.0,17.0,508769.0
IMV-12297,Sobradinho II,Casa,179.0,3.0,5.0,2.0,,513948.0
IMV-12298,Cristalina,,,5.0,7.0,4.0,20.0,1314026.0
IMV-12299,,Casa,568.0,5.0,5.0,4.0,21.0,818592.0
IMV-12300,Flores de Goiás,Casa,551.0,3.0,3.0,,30.0,627309.0
IMV-12301,Água Fria de Goiás,Casa,211.0,5.0,6.0,2.0,9.0,359478.0
IMV-12302,Guará,Apartamento,50.0,4.0,2.0,1.0,31.0,232934.0
IMV-12303,Formosa,Casa,584.0,5.0,6.0,2.0,,1619798.0
IMV-12304,Arniqueira,Casa,211.0,4.0,5.0,2.0,3.0,902511.0
IMV-12305,Flores de Goiás,Casa,156.0,3.0,4.0,4.0,4.0,231205.0
IMV-12306,Riacho Fundo,Casa,330.0,3.0,5.0,2.0,0.0,1377559.0
IMV-12307,Abadiânia,Casa,356.0,5.0,5.0,2.0,0.0,790375.0
IMV-12308,Cristalina,Casa,351.0,5.0,7.0,3.0,18.0,
IMV-12309,Arapoangas,Casa,271.0,4.0,4.0,,37.0,463012.0
IMV-12310,Alvorada do Norte,Casa,511.0,4.0,,2.0,14.0,807034.0
IMV-12311,Asa Sul,Apartamento,151.0,1.0,1.0,2.0,35.0,
IMV-12312,Cabeceira Grande,Casa,492.0,3.0,3.0,4.0,24.0,625926.0
IMV-12313,Santo Antônio do Descoberto,Casa,226.0,3.0,5.0,3.0,13.0,511123.0
IMV-12314,Sudoeste / Octogonal,Apartamento,109.0,1.0,1.0,1.0,15.0,1268287.0
IMV-12315,Park Way,Casa,320.0,4.0,5.0,,26.0,1856746.0
IMV-12316,Vicente Pires,Casa,488.0,5.0,5.0,3.0,1.0,1857725.0
IMV-12317,Recanto das Emas,Casa,546.0,5.0,7.0,4.0,23.0,
IMV-12318,SCIA / Estrutural,Apartamento,119.0,2.0,1.0,2.0,6.0,326627.0
IMV-12319,SIA,Apartamento,136.0,1.0,1.0,1.0,35.0,453017.0
IMV-12320,Água Fria de Goiás,Casa,224.0,5.0,6.0,2.0,24.0,313367.0
IMV-12321,Sobradinho II,Casa,335.0,4.0,5.0,,5.0,1052685.0
IMV-12322,Arniqueira,Casa,582.0,5.0,5.0,4.0,22.0,2096537.0
IMV-12323,Noroeste,Apartamento,138.0,3.0,3.0,2.0,12.0,
IMV-12324,Noroeste,Apartamento,121.0,1.0,1.0,2.0,0.0,1611714.0
IMV-12325,Goianésia,Casa,359.0,4.0,4.0,2.0,7.0,981900.0
IMV-12326,Paranoá,,161.0,2.0,1.0,1.0,10.0,463908.0
IMV-12327,Alto Paraíso de Goiás,Casa,,5.0,,3.0,2.0,2649968.0
IMV-12328,Sobradinho,Casa,398.0,4.0,,3.0,,1423798.0
IMV-12329,Águas Lindas de Goiás,Casa,516.0,,6.0,4.0,25.0,1035624.0
IMV-12330,São Sebastião,Apartamento,95.0,3.0,3.0,2.0,13.0,271110.0
IMV-12331,Cristalina,Casa,486.0,4.0,4.0,3.0,3.0,1363055.0
IMV-12332,Águas Claras,Apartamento,148.0,1.0,,2.0,20.0,
IMV-12333,Barro Alto,Casa,553.0,3.0,5.0,2.0,18.0,787689.0
IMV-12334,Novo Gama,Casa,283.0,4.0,6.0,3.0,17.0,646985.0
IMV-12335,São João d’Aliança,Casa,,4.0,6.0,3.0,38.0,627959.0
IMV-12336,Candangolândia,Casa,429.0,4.0,4.0,4.0,18.0,1572358.0
IMV-12337,Fercal,Casa,469.0,5.0,,3.0,30.0,770023.0
IMV-12338,Park Way,Casa,462.0,4.0,,4.0,35.0,2790550.0
IMV-12339,Água Fria de Goiás,Casa,181.0,4.0,6.0,2.0,23.0,224453.0
IMV-12340,Cocalzinho de Goiás,Casa,391.0,3.0,4.0,3.0,26.0,594686.0
IMV-12341,Vicente Pires,Casa,539.0,5.0,7.0,3.0,40.0,1589004.0
IMV-12342,Cristalina,Casa,327.0,4.0,6.0,2.0,19.0,
IMV-12343,Planaltina,Casa,588.0,5.0,7.0,2.0,6.0,1735337.0
IMV-12344,Cruzeiro,Apartamento,95.0,2.0,1.0,2.0,11.0,669584.0
IMV-12345,Sudoeste / Octogonal,Apartamento,107.0,2.0,2.0,2.0,15.0,1022423.0
IMV-12346,Arapoangas,Casa,323.0,5.0,6.0,2.0,17.0,
IMV-12347,,Apartamento,103.0,4.0,4.0,1.0,36.0,215745.0
IMV-12348,Paranoá,Casa,396.0,,4.0,3.0,29.0,1012246.0
IMV-12349,Asa Norte,Apartamento,89.0,1.0,1.0,2.0,13.0,966935.0
IMV-12350,Água Fria de Goiás,Casa,231.0,5.0,7.0,4.0,5.0,416619.0
IMV-12351,Cidade Ocidental,Casa,188.0,3.0,3.0,3.0,20.0,411994.0
IMV-12352,Mimoso de Goiás,Casa,239.0,3.0,4.0,,40.0,284152.0
IMV-12353,Arniqueira,Casa,381.0,3.0,4.0,2.0,11.0,1708192.0
IMV-12354,Alto Paraíso de Goiás,Casa,567.0,4.0,5.0,4.0,4.0,2131615.0
IMV-12355,Padre Bernardo,,583.0,4.0,4.0,2.0,31.0,
IMV-12356,Riacho Fundo,Apartamento,63.0,3.0,1.0,1.0,17.0,178783.0
IMV-12357,Samambaia,Apartamento,51.0,2.0,1.0,1.0,16.0,171606.0
IMV-12358,Vicente Pires,Casa,233.0,3.0,5.0,4.0,23.0,763270.0
IMV-12359,São Sebastião,Apartamento,102.0,4.0,,2.0,3.0,403300.0
IMV-12360,Sudoeste / Octogonal,Apartamento,145.0,4.0,3.0,2.0,36.0,1348547.0
IMV-12361,São Sebastião,,167.0,4.0,3.0,1.0,11.0,529092.0
IMV-12362,Cavalcante,Casa,236.0,4.0,4.0,4.0,1.0,
IMV-12363,Núcleo Bandeirante,Apartamento,58.0,,1.0,1.0,11.0,264025.0
IMV-12364,Gama,Apartamento,134.0,3.0,3.0,1.0,40.0,428789.0
IMV-12365,26 de Setembro,Casa,229.0,3.0,,4.0,29.0,456241.0
IMV-12366,Mimoso de Goiás,Casa,188.0,4.0,4.0,4.0,32.0,193140.0
IMV-12367,Varjão,Apartamento,94.0,3.0,1.0,1.0,31.0,196391.0
IMV-12368,Niquelândia,Casa,424.0,4.0,6.0,3.0,1.0,681887.0
IMV-12369,Taguatinga,Casa,187.0,4.0,6.0,4.0,3.0,851451.0
IMV-12370,Recanto das Emas,Apartamento,44.0,4.0,4.0,,40.0,
IMV-12371,Goianésia,Casa,,4.0,6.0,4.0,22.0,
IMV-12372,Paranoá,Apartamento,80.0,2.0,1.0,2.0,31.0,191555.0
IMV-12373,Samambaia,Apartamento,57.0,4.0,4.0,1.0,8.0,233030.0
IMV-12374,Simolândia,Casa,517.0,4.0,4.0,2.0,33.0,648415.0
IMV-12375,Samambaia,Apartamento,121.0,1.0,1.0,1.0,21.0,424718.0
IMV-12376,Arapoangas,Casa,,5.0,6.0,4.0,10.0,
IMV-12377,Lago Norte,Casa,253.0,3.0,3.0,2.0,2.0,2695389.0
IMV-12378,Cocalzinho de Goiás,Casa,448.0,5.0,5.0,2.0,30.0,683305.0
IMV-12379,Jardim Botânico,Casa,489.0,5.0,7.0,3.0,2.0,2856206.0
IMV-12380,Ponte Alta,Casa,405.0,4.0,,3.0,0.0,1095068.0
IMV-12381,São Sebastião,,114.0,4.0,3.0,1.0,17.0,303666.0
IMV-12382,Alto Paraíso de Goiás,Casa,469.0,5.0,5.0,3.0,1.0,1975874.0
IMV-12383,Santo Antônio do Descoberto,Casa,525.0,5.0,6.0,3.0,40.0,740941.0
IMV-12384,Cabeceira Grande,Casa,497.0,3.0,4.0,3.0,14.0,828512.0
IMV-12385,Jardim Botânico,Casa,454.0,4.0,5.0,3.0,25.0,2044714.0
IMV-12386,Arapoangas,Casa,276.0,3.0,4.0,3.0,,589053.0
IMV-12387,Sobradinho,Casa,157.0,4.0,,4.0,17.0,582860.0
IMV-12388,Novo Gama,Casa,582.0,4.0,4.0,2.0,31.0,919997.0
IMV-12389,Águas Claras,Apartamento,67.0,1.0,1.0,1.0,2.0,618056.0
IMV-12390,Asa Norte,Apartamento,148.0,2.0,2.0,2.0,24.0,1289769.0
IMV-12391,Taguatinga,Casa,395.0,4.0,4.0,,33.0,1608521.0
IMV-12392,Itapoã,Apartamento,138.0,3.0,3.0,2.0,5.0,374031.0
IMV-12393,Samambaia,Apartamento,96.0,2.0,2.0,1.0,18.0,308115.0
IMV-12394,Mimoso de Goiás,Casa,385.0,5.0,5.0,2.0,,636110.0
IMV-12395,Arapoangas,Casa,192.0,3.0,4.0,3.0,19.0,467118.0
IMV-12396,Brazlândia,Casa,257.0,3.0,3.0,3.0,2.0,671626.0
IMV-12397,Brazlândia,,138.0,4.0,5.0,4.0,39.0,321913.0
IMV-12398,Águas Lindas de Goiás,Casa,488.0,4.0,4.0,4.0,39.0,969126.0
IMV-12399,Simolândia,Casa,144.0,,5.0,3.0,0.0,210964.0
IMV-12400,Samambaia,Apartamento,153.0,4.0,1.0,1.0,,509322.0
IMV-12401,Pirenópolis,Casa,559.0,3.0,4.0,2.0,27.0,1692655.0
IMV-12402,Arniqueira,Casa,450.0,4.0,6.0,4.0,20.0,1789869.0
IMV-12403,Lago Sul,Casa,,5.0,5.0,,4.0,5959974.0
IMV-12404,Sol Nascente / Pôr do Sol,Apartamento,54.0,2.0,1.0,0.0,10.0,123173.0
IMV-12405,Sudoeste / Octogonal,Apartamento,150.0,2.0,1.0,2.0,20.0,1645282.0
IMV-12406,Alto Paraíso de Goiás,Casa,,3.0,3.0,2.0,5.0,1436364.0
IMV-12407,Goianésia,Casa,394.0,3.0,4.0,2.0,25.0,755463.0
IMV-12408,São João d’Aliança,Casa,284.0,4.0,6.0,2.0,15.0,481205.0
IMV-12409,Riacho Fundo,Apartamento,123.0,4.0,1.0,2.0,,393159.0
IMV-12410,Cabeceiras,Casa,289.0,5.0,5.0,3.0,9.0,541344.0
IMV-12411,Cruzeiro,Apartamento,45.0,3.0,3.0,0.0,15.0,312468.0
IMV-12412,Vicente Pires,Casa,282.0,5.0,6.0,3.0,24.0,963895.0
IMV-12413,Sudoeste / Octogonal,Apartamento,119.0,4.0,4.0,1.0,,958723.0
IMV-12414,Vila Boa,,272.0,,4.0,2.0,34.0,317758.0
IMV-12415,Luziânia,Casa,355.0,5.0,7.0,3.0,11.0,880292.0
IMV-12416,Riacho Fundo,Apartamento,54.0,2.0,1.0,1.0,8.0,218648.0
IMV-12417,Riacho Fundo,Apartamento,143.0,2.0,2.0,2.0,36.0,352756.0
IMV-12418,Santa Maria,Apartamento,176.0,3.0,1.0,2.0,40.0,479753.0
IMV-12419,SCIA / Estrutural,Apartamento,43.0,2.0,1.0,1.0,36.0,88893.0
IMV-12420,Riacho Fundo II,Casa,359.0,,3.0,3.0,26.0,920906.0
IMV-12421,Sobradinho II,Casa,349.0,3.0,4.0,4.0,1.0,1161941.0
IMV-12422,,Casa,452.0,4.0,6.0,4.0,23.0,1637683.0
IMV-12423,Niquelândia,Casa,576.0,5.0,7.0,2.0,17.0,926739.0
IMV-12424,Cruzeiro,Apartamento,140.0,1.0,1.0,1.0,26.0,784843.0
IMV-12425,Águas Claras,Apartamento,164.0,3.0,2.0,2.0,34.0,892831.0
IMV-12426,Mimoso de Goiás,Casa,255.0,5.0,5.0,2.0,21.0,321242.0
IMV-12427,Riacho Fundo,Casa,,5.0,6.0,4.0,36.0,704983.0
IMV-12428,Cruzeiro,,82.0,2.0,1.0,1.0,22.0,413430.0
IMV-12429,Jardim Botânico,Casa,525.0,3.0,5.0,2.0,26.0,2418612.0
IMV-12430,Ceilândia,Apartamento,82.0,2.0,1.0,2.0,24.0,246824.0
IMV-12431,Mimoso de Goiás,Casa,299.0,3.0,4.0,4.0,39.0,310153.0
IMV-12432,SIA,Apartamento,78.0,,1.0,1.0,3.0,437680.0
IMV-12433,Asa Sul,Apartamento,142.0,3.0,1.0,1.0,5.0,1323671.0
IMV-12434,Arniqueira,Casa,595.0,3.0,5.0,2.0,20.0,2105164.0
IMV-12435,Cabeceiras,Casa,484.0,4.0,4.0,2.0,18.0,733257.0
IMV-12436,Cruzeiro,Apartamento,118.0,2.0,1.0,,10.0,802518.0
IMV-12437,Sobradinho II,Casa,532.0,3.0,4.0,3.0,39.0,1375100.0
IMV-12438,Lago Sul,Casa,508.0,4.0,5.0,2.0,12.0,5940903.0
IMV-12439,SIA,Apartamento,84.0,2.0,1.0,1.0,3.0,451699.0
IMV-12440,Sobradinho II,,597.0,5.0,5.0,2.0,25.0,1919936.0
IMV-12441,Cavalcante,Casa,274.0,5.0,6.0,3.0,40.0,376090.0
IMV-12442,Santo Antônio do Descoberto,Casa,361.0,4.0,5.0,4.0,28.0,613656.0
IMV-12443,São Sebastião,Apartamento,172.0,4.0,4.0,2.0,21.0,467355.0
IMV-12444,Riacho Fundo,Apartamento,116.0,4.0,4.0,2.0,26.0,371110.0
IMV-12445,Barro Alto,Casa,206.0,4.0,4.0,4.0,19.0,294867.0
IMV-12446,Água Quente,Casa,560.0,5.0,5.0,2.0,17.0,1027041.0
IMV-12447,Sobradinho,Casa,404.0,4.0,6.0,3.0,30.0,1443561.0
IMV-12448,,Apartamento,54.0,3.0,1.0,0.0,14.0,119044.0
IMV-12449,Guará,Apartamento,,4.0,4.0,0.0,40.0,212639.0
IMV-12450,Gama,Apartamento,173.0,3.0,1.0,1.0,24.0,626741.0
IMV-12451,SIA,Apartamento,111.0,2.0,,2.0,34.0,473903.0
IMV-12452,Sudoeste / Octogonal,Apartamento,71.0,2.0,2.0,2.0,31.0,599460.0
IMV-12453,Cidade Ocidental,Casa,469.0,4.0,,2.0,21.0,944139.0
IMV-12454,Águas Lindas de Goiás,Apartamento,126.0,4.0,2.0,1.0,34.0,198234.0
IMV-12455,Ponte Alta,Casa,488.0,4.0,4.0,3.0,10.0,
IMV-12456,Sobradinho II,Casa,243.0,3.0,3.0,2.0,18.0,741009.0
IMV-12457,Cabeceira Grande,Casa,559.0,4.0,6.0,3.0,4.0,866676.0
IMV-12458,Candangolândia,Apartamento,63.0,1.0,1.0,1.0,23.0,233734.0
IMV-12459,Luziânia,Casa,496.0,4.0,4.0,3.0,7.0,1187846.0
IMV-12460,Itapoã,Casa,231.0,5.0,6.0,4.0,27.0,491260.0
IMV-12461,,Casa,204.0,3.0,3.0,2.0,26.0,337392.0
IMV-12462,Sobradinho II,,130.0,4.0,4.0,3.0,13.0,412311.0
IMV-12463,Águas Claras,,145.0,1.0,1.0,,18.0,888654.0
IMV-12464,Cocalzinho de Goiás,Casa,195.0,4.0,6.0,2.0,36.0,318953.0
IMV-12465,Ponte Alta,Casa,571.0,4.0,4.0,2.0,28.0,1306474.0
IMV-12466,Candangolândia,Casa,156.0,3.0,5.0,4.0,23.0,489429.0
IMV-12467,Padre Bernardo,Casa,496.0,3.0,3.0,2.0,34.0,666185.0
IMV-12468,São João d’Aliança,Casa,566.0,3.0,4.0,4.0,22.0,839129.0
IMV-12469,Riacho Fundo,Apartamento,64.0,3.0,1.0,,32.0,198431.0
IMV-12470,Sobradinho II,Casa,233.0,4.0,6.0,2.0,4.0,772049.0
IMV-12471,Sobradinho II,Casa,303.0,3.0,3.0,3.0,,
IMV-12472,Sobradinho,Casa,479.0,,5.0,4.0,22.0,1772677.0
IMV-12473,Cristalina,Casa,217.0,4.0,5.0,4.0,4.0,691040.0
IMV-12474,Planaltina (GO),Casa,185.0,3.0,3.0,2.0,6.0,403955.0
IMV-12475,Park Way,Casa,302.0,4.0,5.0,3.0,3.0,2436706.0
IMV-12476,Guará,Casa,351.0,4.0,4.0,3.0,12.0,2193975.0
IMV-12477,Água Fria de Goiás,Casa,596.0,4.0,5.0,4.0,32.0,745246.0
IMV-12478,Niquelândia,Casa,165.0,4.0,4.0,2.0,9.0,321875.0
IMV-12479,Niquelândia,Casa,341.0,4.0,6.0,4.0,40.0,444032.0
IMV-12480,Abadiânia,Casa,289.0,4.0,6.0,4.0,16.0,542662.0
IMV-12481,26 de Setembro,Casa,520.0,3.0,5.0,3.0,7.0,1139523.0
IMV-12482,Núcleo Bandeirante,Casa,568.0,3.0,4.0,3.0,3.0,2929090.0
IMV-12483,Guará,Apartamento,154.0,2.0,2.0,2.0,17.0,1014506.0
IMV-12484,Formosa,Casa,,5.0,,2.0,4.0,1745036.0
IMV-12485,Planaltina,Casa,404.0,4.0,4.0,3.0,3.0,1165926.0
IMV-12486,Sobradinho II,Casa,146.0,,5.0,4.0,3.0,590005.0
IMV-12487,São Sebastião,Apartamento,80.0,4.0,4.0,2.0,11.0,221421.0
IMV-12488,Luziânia,Casa,299.0,4.0,6.0,3.0,39.0,489916.0
IMV-12489,Abadiânia,Casa,218.0,5.0,5.0,3.0,13.0,421269.0
IMV-12490,Brazlândia,Casa,134.0,4.0,6.0,3.0,0.0,
IMV-12491,Alto Paraíso de Goiás,Casa,335.0,4.0,6.0,4.0,29.0,859560.0
IMV-12492,Park Way,Casa,164.0,3.0,5.0,4.0,19.0,1116307.0
IMV-12493,Vicente Pires,Casa,565.0,5.0,7.0,3.0,31.0,1561527.0
IMV-12494,Paranoá,Apartamento,117.0,4.0,,1.0,19.0,310664.0
IMV-12495,Riacho Fundo,Apartamento,59.0,3.0,1.0,1.0,3.0,249373.0
IMV-12496,Planaltina,Apartamento,84.0,4.0,3.0,1.0,30.0,201055.0
IMV-12497,Pirenópolis,Casa,375.0,3.0,4.0,3.0,40.0,1237880.0
IMV-12498,Abadiânia,Casa,457.0,3.0,3.0,2.0,7.0,1024401.0
IMV-12499,Guará,Apartamento,153.0,3.0,2.0,1.0,20.0,1008898.0
IMV-12500,Taguatinga,,153.0,1.0,1.0,2.0,16.0,656328.0
IMV-12501,Alexânia,Casa,229.0,,4.0,4.0,33.0,477080.0
IMV-12502,Alvorada do Norte,Casa,489.0,4.0,5.0,4.0,33.0,566727.0
IMV-12503,Cristalina,Casa,228.0,3.0,3.0,4.0,26.0,555998.0
IMV-12504,Asa Sul,Apartamento,88.0,3.0,1.0,1.0,34.0,621988.0
IMV-12505,Simolândia,,400.0,5.0,7.0,3.0,38.0,419355.0
IMV-12506,Arapoangas,Casa,588.0,3.0,3.0,4.0,0.0,1759216.0
IMV-12507,Alto Paraíso de Goiás,Casa,294.0,,4.0,4.0,11.0,1186758.0
IMV-12508,Cocalzinho de Goiás,Casa,412.0,3.0,3.0,4.0,,932338.0
IMV-12509,Planaltina,Apartamento,176.0,4.0,1.0,1.0,,501270.0
IMV-12510,Park Way,Casa,434.0,3.0,3.0,2.0,33.0,2848580.0
IMV-12511,Abadiânia,Casa,330.0,3.0,4.0,2.0,19.0,703415.0
IMV-12512,Arapoangas,Casa,407.0,4.0,5.0,3.0,19.0,1005932.0
IMV-12513,Alto Paraíso de Goiás,Casa,179.0,4.0,6.0,3.0,7.0,756920.0
IMV-12514,SCIA / Estrutural,Apartamento,76.0,1.0,1.0,2.0,,132513.0
IMV-12515,Goianésia,Casa,344.0,3.0,4.0,3.0,0.0,816392.0
IMV-12516,Asa Norte,Apartamento,72.0,3.0,3.0,1.0,11.0,730729.0
IMV-12517,SIA,Apartamento,86.0,3.0,3.0,1.0,31.0,339925.0
IMV-12518,Luziânia,Casa,197.0,4.0,5.0,3.0,33.0,358612.0
IMV-12519,SCIA / Estrutural,Apartamento,178.0,2.0,1.0,2.0,21.0,397982.0
IMV-12520,,Casa,369.0,5.0,7.0,2.0,21.0,919440.0
IMV-12521,Ponte Alta,Casa,353.0,3.0,5.0,3.0,37.0,712957.0
IMV-12522,Santa Maria,Apartamento,57.0,2.0,1.0,0.0,34.0,132833.0
IMV-12523,Flores de Goiás,,204.0,3.0,4.0,,24.0,
IMV-12524,Cocalzinho de Goiás,Casa,530.0,4.0,5.0,2.0,36.0,831634.0
IMV-12525,Cruzeiro,Apartamento,74.0,3.0,1.0,1.0,16.0,468194.0
IMV-12526,Planaltina,Apartamento,147.0,3.0,2.0,1.0,29.0,368493.0
IMV-12527,Sudoeste / Octogonal,Apartamento,68.0,4.0,4.0,1.0,17.0,605691.0
IMV-12528,Cavalcante,Casa,210.0,5.0,6.0,2.0,24.0,345564.0
IMV-12529,Águas Claras,Apartamento,136.0,1.0,1.0,1.0,6.0,1061705.0
IMV-12530,Arniqueira,Casa,154.0,4.0,4.0,3.0,25.0,516733.0
IMV-12531,Ceilândia,Casa,257.0,3.0,4.0,2.0,35.0,762040.0
IMV-12532,Cruzeiro,Apartamento,160.0,1.0,1.0,2.0,3.0,1151543.0
IMV-12533,,Casa,157.0,5.0,7.0,2.0,1.0,347482.0
IMV-12534,Planaltina,Apartamento,76.0,2.0,2.0,1.0,11.0,196069.0
IMV-12535,Paranoá,Casa,346.0,5.0,5.0,4.0,18.0,840588.0
IMV-12536,SCIA / Estrutural,Apartamento,162.0,2.0,2.0,2.0,31.0,276254.0
IMV-12537,Cabeceiras,Casa,520.0,4.0,5.0,3.0,31.0,607490.0
IMV-12538,Formosa,Casa,490.0,3.0,5.0,3.0,35.0,1089706.0
IMV-12539,Águas Claras,,160.0,,4.0,2.0,5.0,1178273.0
IMV-12540,Cabeceiras,Casa,519.0,5.0,7.0,4.0,38.0,618956.0
IMV-12541,Lago Norte,Casa,317.0,,4.0,3.0,27.0,2517975.0
IMV-12542,Cocalzinho de Goiás,Casa,479.0,4.0,4.0,3.0,39.0,900926.0
IMV-12543,Luziânia,Casa,405.0,4.0,6.0,3.0,12.0,897887.0
IMV-12544,Alvorada do Norte,Casa,454.0,4.0,4.0,4.0,2.0,679331.0
IMV-12545,Candangolândia,Casa,305.0,3.0,4.0,2.0,2.0,1363092.0
IMV-12546,Arapoangas,Casa,215.0,5.0,5.0,2.0,3.0,522587.0
IMV-12547,Cocalzinho de Goiás,Casa,238.0,3.0,5.0,3.0,21.0,475213.0
IMV-12548,Águas Lindas de Goiás,Casa,270.0,5.0,7.0,4.0,13.0,592662.0
IMV-12549,Noroeste,Apartamento,142.0,4.0,2.0,1.0,32.0,1275408.0
IMV-12550,Cidade Ocidental,Casa,147.0,5.0,5.0,3.0,13.0,360675.0
IMV-12551,Planaltina,Casa,481.0,5.0,5.0,3.0,10.0,1452908.0
IMV-12552,Vila Boa,Casa,535.0,,3.0,2.0,23.0,595594.0
IMV-12553,Abadiânia,Casa,191.0,4.0,4.0,4.0,,474002.0
IMV-12554,Noroeste,Apartamento,154.0,3.0,1.0,1.0,17.0,1801535.0
IMV-12555,Água Quente,,381.0,5.0,5.0,4.0,5.0,815000.0
IMV-12556,Luziânia,Casa,340.0,4.0,4.0,2.0,40.0,737059.0
IMV-12557,Sobradinho II,Casa,174.0,4.0,6.0,3.0,4.0,575278.0
IMV-12558,Alto Paraíso de Goiás,Casa,390.0,3.0,,2.0,0.0,1427578.0
IMV-12559,Cavalcante,Casa,391.0,3.0,,,36.0,588253.0
IMV-12560,Água Fria de Goiás,Casa,175.0,3.0,4.0,4.0,6.0,331533.0
IMV-12561,São João d’Aliança,Casa,157.0,4.0,6.0,4.0,2.0,306747.0
IMV-12562,SCIA / Estrutural,Casa,454.0,,4.0,4.0,,742105.0
IMV-12563,Recanto das Emas,Apartamento,50.0,1.0,1.0,0.0,9.0,160447.0
IMV-12564,Park Way,Casa,581.0,3.0,5.0,2.0,6.0,4765707.0
IMV-12565,Vicente Pires,Casa,126.0,3.0,5.0,4.0,4.0,553584.0
IMV-12566,Lago Sul,Casa,522.0,3.0,3.0,4.0,11.0,5593551.0
IMV-12567,Luziânia,Casa,419.0,4.0,4.0,3.0,6.0,1209697.0
IMV-12568,Jardim Botânico,Casa,453.0,4.0,4.0,4.0,18.0,2273502.0
IMV-12569,Park Way,Casa,494.0,5.0,6.0,3.0,18.0,3764816.0
IMV-12570,Sol Nascente / Pôr do Sol,Apartamento,155.0,1.0,1.0,2.0,2.0,373638.0
IMV-12571,Padre Bernardo,Casa,475.0,3.0,5.0,3.0,39.0,787303.0
IMV-12572,Arniqueira,Casa,299.0,3.0,4.0,4.0,28.0,1183480.0
IMV-12573,Cabeceira Grande,Casa,296.0,5.0,7.0,4.0,17.0,471318.0
IMV-12574,Arniqueira,Casa,498.0,4.0,6.0,3.0,13.0,1864077.0
IMV-12575,Vila Propício,Casa,329.0,4.0,5.0,4.0,34.0,392925.0
IMV-12576,Park Way,Casa,453.0,3.0,3.0,2.0,6.0,3525030.0
IMV-12577,Planaltina (GO),Casa,149.0,5.0,7.0,2.0,23.0,244523.0
IMV-12578,,Casa,538.0,4.0,6.0,4.0,8.0,1061546.0
IMV-12579,Cocalzinho de Goiás,Casa,522.0,,,3.0,36.0,851528.0
IMV-12580,,Casa,138.0,3.0,4.0,2.0,19.0,290851.0
IMV-12581,Jardim Botânico,Casa,405.0,4.0,4.0,4.0,35.0,2095928.0
IMV-12582,Cristalina,Casa,575.0,4.0,5.0,3.0,26.0,1415260.0
IMV-12583,Lago Sul,,182.0,3.0,3.0,2.0,28.0,1488987.0
IMV-12584,,Casa,196.0,4.0,,3.0,17.0,573909.0
IMV-12585,Cristalina,Casa,,4.0,4.0,4.0,31.0,374838.0
IMV-12586,Cavalcante,Casa,307.0,5.0,5.0,4.0,36.0,518218.0
IMV-12587,Fercal,Casa,258.0,,5.0,2.0,21.0,479512.0
IMV-12588,Vila Propício,Casa,372.0,5.0,7.0,3.0,37.0,378144.0
IMV-12589,Lago Sul,Casa,565.0,4.0,4.0,4.0,3.0,7373758.0
IMV-12590,Guará,Casa,268.0,3.0,4.0,2.0,39.0,1383804.0
IMV-12591,Mimoso de Goiás,Casa,383.0,4.0,5.0,4.0,0.0,525552.0
IMV-12592,Guará,Apartamento,66.0,2.0,1.0,0.0,33.0,328684.0
IMV-12593,Barro Alto,Casa,498.0,4.0,5.0,2.0,32.0,580601.0
IMV-12594,Itapoã,Apartamento,46.0,1.0,1.0,1.0,8.0,150447.0
IMV-12595,Sudoeste / Octogonal,Apartamento,97.0,2.0,1.0,1.0,10.0,977290.0
IMV-12596,Água Fria de Goiás,Casa,594.0,3.0,4.0,2.0,19.0,785365.0
IMV-12597,Gama,Apartamento,116.0,1.0,1.0,1.0,39.0,371149.0
IMV-12598,Alexânia,Casa,376.0,5.0,5.0,4.0,27.0,663732.0
IMV-12599,Riacho Fundo II,Apartamento,115.0,4.0,2.0,2.0,21.0,354879.0
IMV-12600,Santo Antônio do Descoberto,,301.0,4.0,5.0,3.0,37.0,
IMV-12601,Sudoeste / Octogonal,Apartamento,179.0,1.0,1.0,,18.0,1938232.0
IMV-12602,Itapoã,Apartamento,67.0,2.0,1.0,,31.0,130583.0
IMV-12603,Brazlândia,Casa,550.0,3.0,,2.0,8.0,1718466.0
IMV-12604,Jardim Botânico,Casa,569.0,3.0,,3.0,11.0,2919024.0
IMV-12605,Cruzeiro,Apartamento,62.0,2.0,2.0,1.0,40.0,366631.0
IMV-12606,Flores de Goiás,Casa,473.0,3.0,4.0,4.0,7.0,609130.0
IMV-12607,Taguatinga,Apartamento,172.0,,4.0,1.0,2.0,838015.0
IMV-12608,Jardim Botânico,Casa,382.0,4.0,4.0,2.0,33.0,1609973.0
IMV-12609,Planaltina (GO),Casa,173.0,5.0,5.0,4.0,12.0,391503.0
IMV-12610,Águas Claras,Apartamento,135.0,2.0,1.0,1.0,19.0,808896.0
IMV-12611,Vila Boa,Casa,146.0,3.0,4.0,3.0,12.0,170583.0
IMV-12612,Sudoeste / Octogonal,,168.0,,3.0,1.0,8.0,1678578.0
IMV-12613,Guará,Casa,566.0,3.0,5.0,2.0,4.0,4372099.0
IMV-12614,Vila Propício,Casa,262.0,3.0,5.0,2.0,19.0,347146.0
IMV-12615,Asa Norte,Apartamento,150.0,2.0,1.0,1.0,2.0,1401077.0
IMV-12616,26 de Setembro,Casa,199.0,5.0,5.0,2.0,25.0,333253.0
IMV-12617,Flores de Goiás,Casa,229.0,4.0,,3.0,37.0,223734.0
IMV-12618,São João d’Aliança,Casa,,5.0,7.0,4.0,27.0,274030.0
IMV-12619,Ponte Alta,Casa,409.0,5.0,7.0,3.0,6.0,1182549.0
IMV-12620,Barro Alto,Casa,491.0,5.0,5.0,2.0,15.0,816120.0
IMV-12621,Goianésia,Casa,378.0,4.0,6.0,2.0,13.0,857555.0
IMV-12622,Alto Paraíso de Goiás,Casa,511.0,5.0,5.0,4.0,40.0,1547361.0
IMV-12623,Fercal,Casa,528.0,4.0,5.0,2.0,39.0,786724.0
IMV-12624,Planaltina,Apartamento,71.0,3.0,2.0,2.0,21.0,191631.0
IMV-12625,Núcleo Bandeirante,Casa,267.0,3.0,5.0,4.0,10.0,1331645.0
IMV-12626,Alexânia,Casa,219.0,3.0,3.0,4.0,11.0,493500.0
IMV-12627,Arapoangas,Casa,196.0,5.0,5.0,2.0,24.0,389918.0
IMV-12628,26 de Setembro,Casa,453.0,4.0,,2.0,15.0,845519.0
IMV-12629,26 de Setembro,,496.0,5.0,5.0,4.0,7.0,1190391.0
IMV-12630,Sobradinho II,Casa,,3.0,5.0,3.0,17.0,1164720.0
IMV-12631,Candangolândia,Casa,539.0,5.0,7.0,4.0,25.0,1565779.0
IMV-12632,Simolândia,Casa,,4.0,6.0,2.0,8.0,411827.0
IMV-12633,São Sebastião,Apartamento,99.0,3.0,3.0,2.0,31.0,244851.0
IMV-12634,Asa Sul,Apartamento,,4.0,3.0,2.0,28.0,1372573.0
IMV-12635,Cristalina,Casa,400.0,3.0,4.0,3.0,7.0,1283497.0
IMV-12636,Ponte Alta,Casa,468.0,3.0,,2.0,33.0,850398.0
IMV-12637,Formosa,Casa,400.0,4.0,6.0,4.0,5.0,
IMV-12638,Pirenópolis,,167.0,3.0,5.0,3.0,3.0,815462.0
IMV-12639,Águas Lindas de Goiás,Casa,158.0,4.0,5.0,4.0,37.0,323466.0
IMV-12640,Cavalcante,Casa,336.0,3.0,5.0,4.0,16.0,649072.0
IMV-12641,Águas Claras,Apartamento,174.0,3.0,3.0,1.0,32.0,1036451.0
IMV-12642,Água Quente,Casa,146.0,4.0,6.0,2.0,,243963.0
IMV-12643,Água Fria de Goiás,Casa,371.0,5.0,7.0,4.0,37.0,427675.0
IMV-12644,Sobradinho,Casa,360.0,3.0,5.0,3.0,29.0,1257430.0
IMV-12645,Ceilândia,Casa,511.0,4.0,6.0,3.0,2.0,
IMV-12646,Sobradinho,Casa,212.0,4.0,5.0,4.0,35.0,657748.0
IMV-12647,Ceilândia,Casa,,3.0,4.0,4.0,29.0,1686751.0
IMV-12648,Sobradinho II,Casa,552.0,3.0,4.0,3.0,39.0,1677538.0
IMV-12649,Mimoso de Goiás,Casa,326.0,3.0,4.0,3.0,18.0,425959.0
IMV-12650,Niquelândia,,430.0,5.0,7.0,3.0,35.0,562867.0
IMV-12651,Novo Gama,Casa,138.0,5.0,6.0,4.0,28.0,261118.0
IMV-12652,,Casa,191.0,4.0,5.0,2.0,27.0,384644.0
IMV-12653,Águas Claras,Apartamento,142.0,1.0,1.0,2.0,18.0,953035.0
IMV-12654,Sobradinho II,Casa,,5.0,5.0,2.0,6.0,954485.0
IMV-12655,Cruzeiro,Apartamento,134.0,2.0,1.0,1.0,23.0,791311.0
IMV-12656,SIA,Apartamento,61.0,2.0,1.0,0.0,34.0,265968.0
IMV-12657,Águas Lindas de Goiás,Apartamento,46.0,4.0,2.0,0.0,36.0,78956.0
IMV-12658,Sobradinho II,Casa,167.0,5.0,5.0,,0.0,545796.0
IMV-12659,Valparaíso de Goiás,Apartamento,139.0,,,2.0,6.0,382764.0
IMV-12660,Cabeceiras,,328.0,3.0,4.0,4.0,22.0,465053.0
IMV-12661,Padre Bernardo,,251.0,4.0,6.0,4.0,32.0,387970.0
IMV-12662,Riacho Fundo II,Casa,,4.0,5.0,4.0,38.0,1393708.0
IMV-12663,Água Fria de Goiás,Casa,253.0,5.0,5.0,3.0,4.0,426161.0
IMV-12664,Ceilândia,Casa,152.0,4.0,5.0,4.0,3.0,518990.0
IMV-12665,Cabeceiras,Casa,165.0,4.0,4.0,4.0,3.0,287233.0
IMV-12666,Santo Antônio do Descoberto,Casa,595.0,3.0,3.0,3.0,4.0,1412340.0
IMV-12667,Planaltina,Casa,435.0,3.0,3.0,4.0,33.0,836396.0
IMV-12668,Asa Norte,Apartamento,,2.0,1.0,2.0,22.0,921167.0
IMV-12669,Cabeceira Grande,Casa,209.0,3.0,3.0,2.0,32.0,263769.0
IMV-12670,,Apartamento,163.0,4.0,1.0,1.0,36.0,615849.0
IMV-12671,Sol Nascente / Pôr do Sol,Casa,575.0,4.0,4.0,3.0,25.0,1115202.0
IMV-12672,Planaltina,Apartamento,175.0,3.0,2.0,1.0,11.0,506931.0
IMV-12673,,,158.0,4.0,4.0,3.0,38.0,156541.0
IMV-12674,Cruzeiro,Apartamento,139.0,1.0,1.0,1.0,25.0,877013.0
IMV-12675,Asa Sul,Apartamento,77.0,1.0,1.0,1.0,32.0,616545.0
IMV-12676,São Sebastião,Casa,491.0,,3.0,4.0,12.0,1528182.0
IMV-12677,Alexânia,Casa,183.0,4.0,4.0,2.0,20.0,471199.0
IMV-12678,Cavalcante,Casa,460.0,4.0,5.0,4.0,20.0,882149.0
IMV-12679,Candangolândia,Apartamento,128.0,1.0,1.0,1.0,27.0,374553.0
IMV-12680,,Casa,437.0,3.0,5.0,3.0,36.0,641846.0
IMV-12681,,Casa,440.0,3.0,4.0,2.0,15.0,1002652.0
IMV-12682,Vicente Pires,Casa,525.0,5.0,7.0,4.0,19.0,1839313.0
IMV-12683,Santa Maria,Casa,312.0,5.0,,4.0,15.0,964629.0
IMV-12684,SIA,Apartamento,80.0,1.0,1.0,2.0,6.0,
IMV-12685,Asa Norte,Apartamento,89.0,1.0,1.0,2.0,20.0,834583.0
IMV-12686,São João d’Aliança,Casa,280.0,3.0,5.0,4.0,23.0,498854.0
IMV-12687,Riacho Fundo,Casa,224.0,3.0,5.0,3.0,24.0,680752.0
IMV-12688,,Casa,240.0,3.0,4.0,2.0,,654905.0
IMV-12689,Cidade Ocidental,Casa,277.0,3.0,4.0,2.0,15.0,640031.0
IMV-12690,Ponte Alta,Casa,234.0,3.0,4.0,4.0,4.0,656559.0
IMV-12691,Cidade Ocidental,Casa,210.0,5.0,5.0,3.0,3.0,580867.0
IMV-12692,Park Way,Casa,319.0,4.0,4.0,3.0,11.0,2406171.0
IMV-12693,Arapoangas,Casa,,4.0,6.0,2.0,17.0,1101138.0
IMV-12694,Guará,Casa,562.0,5.0,5.0,4.0,38.0,2666021.0
IMV-12695,Planaltina (GO),Casa,163.0,4.0,6.0,4.0,25.0,299618.0
IMV-12696,Padre Bernardo,Casa,154.0,4.0,6.0,2.0,20.0,304536.0
IMV-12697,Lago Sul,Casa,340.0,5.0,,3.0,12.0,3723825.0
IMV-12698,Jardim Botânico,Casa,,4.0,5.0,4.0,5.0,3228079.0
IMV-12699,São João d’Aliança,Casa,328.0,4.0,4.0,4.0,29.0,532911.0
IMV-12700,Lago Norte,Casa,414.0,4.0,4.0,3.0,22.0,3064461.0
IMV-12701,Sobradinho II,Casa,323.0,5.0,5.0,4.0,14.0,1106354.0
IMV-12702,Mimoso de Goiás,Casa,336.0,3.0,5.0,4.0,17.0,419234.0
IMV-12703,Lago Sul,Casa,298.0,3.0,3.0,,23.0,2801967.0
IMV-12704,Vicente Pires,Casa,449.0,3.0,4.0,2.0,26.0,1710586.0
IMV-12705,Água Quente,,138.0,3.0,,3.0,32.0,
IMV-12706,Cidade Ocidental,Casa,238.0,4.0,6.0,4.0,32.0,472128.0
IMV-12707,Flores de Goiás,Casa,544.0,3.0,3.0,4.0,29.0,576432.0
IMV-12708,Arniqueira,Casa,474.0,4.0,6.0,2.0,33.0,1689102.0
IMV-12709,Itapoã,Apartamento,175.0,4.0,2.0,,35.0,434134.0
IMV-12710,Mimoso de Goiás,Casa,510.0,5.0,5.0,4.0,22.0,685246.0
IMV-12711,Cavalcante,Casa,581.0,3.0,4.0,2.0,,1248370.0
IMV-12712,,Casa,120.0,4.0,6.0,2.0,8.0,251923.0
IMV-12713,Lago Sul,Casa,519.0,5.0,5.0,2.0,32.0,4171056.0
IMV-12714,Luziânia,Casa,557.0,3.0,5.0,4.0,20.0,1057858.0
IMV-12715,Santa Maria,Casa,510.0,3.0,,4.0,,1387352.0
IMV-12716,Alexânia,,229.0,5.0,6.0,2.0,31.0,457475.0
IMV-12717,Padre Bernardo,Casa,462.0,5.0,6.0,3.0,26.0,860202.0
IMV-12718,Vila Boa,Casa,339.0,4.0,4.0,4.0,8.0,460124.0
IMV-12719,Guará,Casa,407.0,5.0,6.0,4.0,19.0,2238835.0
IMV-12720,Fercal,Casa,259.0,,6.0,3.0,31.0,365357.0
IMV-12721,Asa Sul,,177.0,2.0,1.0,1.0,38.0,1368714.0
IMV-12722,Ponte Alta,Casa,279.0,3.0,4.0,3.0,20.0,604650.0
IMV-12723,São João d’Aliança,Casa,194.0,3.0,3.0,4.0,4.0,360449.0
IMV-12724,Asa Norte,Apartamento,150.0,2.0,2.0,1.0,28.0,1280018.0
IMV-12725,Água Fria de Goiás,Casa,367.0,4.0,6.0,3.0,35.0,433628.0
IMV-12726,São João d’Aliança,Casa,484.0,3.0,4.0,2.0,3.0,931466.0
IMV-12727,SCIA / Estrutural,Casa,443.0,4.0,6.0,3.0,0.0,1057887.0
IMV-12728,SIA,Apartamento,81.0,3.0,,1.0,12.0,346789.0
IMV-12729,Cristalina,Casa,472.0,4.0,6.0,2.0,27.0,1097339.0
IMV-12730,Ceilândia,Casa,229.0,5.0,6.0,2.0,38.0,563699.0
IMV-12731,Cavalcante,Casa,292.0,5.0,5.0,3.0,23.0,456241.0
IMV-12732,Vicente Pires,Casa,209.0,5.0,7.0,4.0,32.0,696550.0
IMV-12733,Candangolândia,Apartamento,74.0,2.0,2.0,1.0,7.0,342084.0
IMV-12734,Riacho Fundo II,Casa,458.0,3.0,3.0,,37.0,
IMV-12735,Lago Norte,Casa,492.0,5.0,5.0,4.0,37.0,3935676.0
IMV-12736,Itapoã,Apartamento,98.0,3.0,2.0,2.0,38.0,
IMV-12737,Núcleo Bandeirante,Casa,239.0,4.0,4.0,2.0,,1172218.0
IMV-12738,Cristalina,Casa,257.0,5.0,7.0,2.0,21.0,
IMV-12739,Formosa,Casa,137.0,4.0,6.0,4.0,26.0,376453.0
IMV-12740,26 de Setembro,Casa,285.0,3.0,,3.0,23.0,532612.0
IMV-12741,Riacho Fundo,Apartamento,116.0,1.0,1.0,,31.0,345127.0
IMV-12742,Alexânia,Casa,576.0,5.0,5.0,2.0,34.0,1041816.0
IMV-12743,Cristalina,Casa,452.0,4.0,5.0,4.0,29.0,943906.0
IMV-12744,Vicente Pires,Casa,148.0,5.0,5.0,4.0,2.0,616641.0
IMV-12745,Abadiânia,Casa,340.0,5.0,7.0,4.0,34.0,601583.0
IMV-12746,Cavalcante,Casa,231.0,5.0,6.0,3.0,20.0,402077.0
IMV-12747,Santa Maria,Apartamento,101.0,3.0,1.0,,33.0,220126.0
IMV-12748,Paranoá,Apartamento,50.0,2.0,2.0,1.0,30.0,99483.0
IMV-12749,Águas Claras,Apartamento,50.0,1.0,1.0,0.0,11.0,353337.0
IMV-12750,Arniqueira,Casa,186.0,3.0,4.0,2.0,5.0,767340.0
IMV-12751,Lago Norte,Casa,408.0,3.0,5.0,4.0,,4214394.0
IMV-12752,Arniqueira,Casa,540.0,4.0,5.0,2.0,35.0,1678703.0
IMV-12753,Vila Propício,Casa,464.0,5.0,7.0,3.0,26.0,551923.0
IMV-12754,Alto Paraíso de Goiás,Casa,225.0,5.0,7.0,2.0,8.0,954442.0
IMV-12755,Pirenópolis,Casa,,3.0,4.0,4.0,,609590.0
IMV-12756,Alexânia,Casa,335.0,3.0,5.0,4.0,11.0,861994.0
IMV-12757,Águas Claras,Apartamento,163.0,3.0,1.0,2.0,20.0,1061376.0
IMV-12758,Ponte Alta,Casa,408.0,4.0,6.0,4.0,27.0,937433.0
IMV-12759,Fercal,Casa,223.0,4.0,5.0,3.0,0.0,
IMV-12760,26 de Setembro,Casa,564.0,4.0,4.0,2.0,40.0,921248.0
IMV-12761,Planaltina (GO),,431.0,4.0,6.0,3.0,7.0,1018905.0
IMV-12762,Asa Sul,Apartamento,114.0,,2.0,1.0,26.0,962837.0
IMV-12763,Cabeceiras,Casa,197.0,3.0,5.0,2.0,12.0,297370.0
IMV-12764,Padre Bernardo,Casa,165.0,4.0,4.0,3.0,26.0,272691.0
IMV-12765,Samambaia,Apartamento,53.0,2.0,2.0,1.0,1.0,192128.0
IMV-12766,Luziânia,Casa,492.0,4.0,4.0,2.0,28.0,877525.0
IMV-12767,Barro Alto,Casa,487.0,4.0,5.0,2.0,9.0,916870.0
IMV-12768,Vicente Pires,Casa,572.0,,6.0,2.0,11.0,2236052.0
IMV-12769,Jardim Botânico,Casa,379.0,3.0,4.0,4.0,35.0,1534207.0
IMV-12770,Cocalzinho de Goiás,Casa,208.0,,6.0,3.0,5.0,421437.0
IMV-12771,Sobradinho,Casa,466.0,4.0,4.0,4.0,14.0,2010001.0
IMV-12772,Cabeceira Grande,Casa,585.0,3.0,5.0,4.0,5.0,980237.0
IMV-12773,Santa Maria,Apartamento,172.0,2.0,1.0,1.0,7.0,489471.0
IMV-12774,Vila Boa,Casa,370.0,5.0,6.0,2.0,22.0,480857.0
IMV-12775,Núcleo Bandeirante,Apartamento,159.0,1.0,1.0,2.0,8.0,803732.0
IMV-12776,Park Way,Casa,314.0,5.0,5.0,4.0,,1974658.0
IMV-12777,Park Way,Casa,342.0,3.0,3.0,2.0,12.0,2891510.0
IMV-12778,Paranoá,Casa,323.0,3.0,5.0,2.0,4.0,1126303.0
IMV-12779,Cavalcante,Casa,127.0,4.0,4.0,4.0,2.0,263639.0
IMV-12780,Gama,Apartamento,79.0,1.0,1.0,1.0,25.0,277695.0
IMV-12781,Cavalcante,Casa,,3.0,,3.0,,540802.0
IMV-12782,Gama,Casa,328.0,3.0,5.0,2.0,22.0,
IMV-12783,Riacho Fundo II,Casa,384.0,3.0,3.0,3.0,37.0,834372.0
IMV-12784,Riacho Fundo II,Casa,236.0,5.0,5.0,3.0,17.0,620215.0
IMV-12785,Brazlândia,Casa,217.0,3.0,5.0,3.0,30.0,396329.0
IMV-12786,Ponte Alta,Casa,262.0,5.0,7.0,4.0,20.0,620277.0
IMV-12787,Vila Boa,,459.0,,5.0,2.0,33.0,549008.0
IMV-12788,Vila Boa,Casa,584.0,3.0,4.0,2.0,38.0,548832.0
IMV-12789,,Apartamento,130.0,2.0,2.0,1.0,36.0,256099.0
IMV-12790,Cocalzinho de Goiás,Casa,590.0,3.0,3.0,2.0,12.0,1391887.0
IMV-12791,Flores de Goiás,Casa,221.0,5.0,5.0,,5.0,348734.0
IMV-12792,Vila Boa,,380.0,3.0,5.0,3.0,2.0,621461.0
IMV-12793,Cavalcante,Casa,597.0,4.0,6.0,4.0,3.0,1157044.0
IMV-12794,Vila Boa,Casa,420.0,3.0,4.0,3.0,,647415.0
IMV-12795,Alvorada do Norte,Casa,560.0,4.0,,3.0,0.0,972867.0
IMV-12796,Taguatinga,Casa,547.0,5.0,5.0,4.0,1.0,2985077.0
IMV-12797,Barro Alto,Casa,462.0,5.0,6.0,2.0,16.0,831846.0
IMV-12798,SIA,Apartamento,138.0,2.0,1.0,1.0,27.0,588429.0
IMV-12799,Gama,Casa,461.0,5.0,5.0,2.0,12.0,1479871.0
IMV-12800,Novo Gama,Casa,246.0,,4.0,3.0,29.0,411347.0
IMV-12801,Ceilândia,Casa,421.0,3.0,,3.0,10.0,1252108.0
IMV-12802,Jardim Botânico,Casa,275.0,4.0,6.0,4.0,18.0,1410239.0
IMV-12803,Candangolândia,Apartamento,130.0,3.0,1.0,1.0,20.0,399870.0
IMV-12804,Arniqueira,Casa,517.0,4.0,5.0,4.0,33.0,1874200.0
IMV-12805,,Casa,427.0,,,3.0,36.0,1236650.0
IMV-12806,Sobradinho,Casa,403.0,5.0,7.0,3.0,,1090944.0
IMV-12807,Lago Sul,Casa,321.0,4.0,6.0,4.0,,3986925.0
IMV-12808,Santa Maria,Casa,,3.0,4.0,4.0,,1380295.0
IMV-12809,Flores de Goiás,Casa,560.0,4.0,6.0,3.0,0.0,1015800.0
IMV-12810,Formosa,Casa,456.0,5.0,7.0,3.0,3.0,1289153.0
IMV-12811,Cavalcante,Casa,453.0,5.0,5.0,2.0,35.0,676488.0
IMV-12812,Cruzeiro,Apartamento,98.0,1.0,1.0,1.0,27.0,471642.0
IMV-12813,Barro Alto,Casa,384.0,5.0,7.0,4.0,38.0,505083.0
IMV-12814,Sol Nascente / Pôr do Sol,Casa,330.0,3.0,4.0,4.0,19.0,652800.0
IMV-12815,Padre Bernardo,Casa,317.0,3.0,5.0,2.0,26.0,515513.0
IMV-12816,Flores de Goiás,Casa,494.0,3.0,3.0,3.0,34.0,571907.0
IMV-12817,Niquelândia,Casa,332.0,,6.0,3.0,10.0,629847.0
IMV-12818,Asa Norte,Apartamento,180.0,3.0,2.0,1.0,38.0,1574860.0
IMV-12819,,Apartamento,96.0,2.0,2.0,2.0,,
IMV-12820,Brazlândia,Casa,165.0,5.0,5.0,3.0,31.0,321134.0
IMV-12821,Flores de Goiás,Casa,510.0,,,3.0,9.0,670149.0
IMV-12822,Planaltina,,75.0,3.0,3.0,1.0,28.0,198703.0
IMV-12823,Planaltina,Casa,486.0,3.0,5.0,3.0,4.0,1586496.0
IMV-12824,Vicente Pires,Casa,192.0,3.0,3.0,3.0,12.0,675266.0
IMV-12825,Sol Nascente / Pôr do Sol,Apartamento,74.0,2.0,1.0,2.0,6.0,181345.0
IMV-12826,Núcleo Bandeirante,Apartamento,117.0,3.0,1.0,2.0,9.0,
IMV-12827,Goianésia,Casa,183.0,4.0,6.0,2.0,8.0,491253.0
IMV-12828,Núcleo Bandeirante,Apartamento,175.0,1.0,1.0,2.0,17.0,715291.0
IMV-12829,Paranoá,Apartamento,152.0,3.0,2.0,1.0,29.0,339176.0
IMV-12830,,Casa,414.0,3.0,4.0,2.0,18.0,1416807.0
IMV-12831,Alexânia,Casa,177.0,5.0,5.0,2.0,23.0,328151.0
IMV-12832,Planaltina (GO),Casa,243.0,4.0,4.0,3.0,,434606.0
IMV-12833,Valparaíso de Goiás,Apartamento,75.0,2.0,2.0,2.0,9.0,222987.0
IMV-12834,Luziânia,Casa,585.0,4.0,,4.0,21.0,1154922.0
IMV-12835,Cidade Ocidental,Casa,519.0,5.0,5.0,3.0,18.0,
IMV-12836,Formosa,Casa,314.0,3.0,4.0,2.0,39.0,637523.0
IMV-12837,Abadiânia,Casa,313.0,,6.0,4.0,17.0,567594.0
IMV-12838,Luziânia,Casa,131.0,5.0,7.0,2.0,6.0,367392.0
IMV-12839,SIA,Apartamento,97.0,3.0,,2.0,,550944.0
IMV-12840,Alvorada do Norte,Casa,365.0,4.0,6.0,4.0,30.0,384699.0
IMV-12841,Cabeceira Grande,Casa,552.0,3.0,3.0,2.0,7.0,888669.0
IMV-12842,Sobradinho II,Casa,136.0,3.0,5.0,3.0,19.0,443888.0
IMV-12843,Goianésia,Casa,257.0,3.0,5.0,3.0,39.0,422248.0
IMV-12844,Planaltina,Casa,331.0,5.0,5.0,2.0,14.0,864336.0
IMV-12845,Cocalzinho de Goiás,Casa,178.0,4.0,4.0,2.0,21.0,368464.0
IMV-12846,Goianésia,Casa,252.0,4.0,5.0,3.0,8.0,534181.0
IMV-12847,Padre Bernardo,Casa,512.0,3.0,3.0,2.0,2.0,1005925.0
IMV-12848,Mimoso de Goiás,Casa,423.0,3.0,4.0,4.0,13.0,589759.0
IMV-12849,Água Fria de Goiás,Casa,,3.0,4.0,3.0,35.0,439006.0
IMV-12850,Ceilândia,Casa,126.0,5.0,5.0,4.0,,373641.0
IMV-12851,Brazlândia,Casa,539.0,3.0,3.0,,30.0,1009244.0
IMV-12852,Sol Nascente / Pôr do Sol,Casa,371.0,3.0,3.0,4.0,,858269.0
IMV-12853,Asa Sul,Apartamento,74.0,3.0,2.0,1.0,37.0,612530.0
IMV-12854,Brazlândia,Casa,566.0,4.0,5.0,4.0,33.0,1255506.0
IMV-12855,Samambaia,Apartamento,41.0,2.0,2.0,1.0,33.0,127730.0
IMV-12856,Niquelândia,Casa,520.0,4.0,6.0,4.0,36.0,610508.0
IMV-12857,Água Fria de Goiás,Casa,287.0,,6.0,2.0,25.0,367486.0
IMV-12858,Cristalina,Casa,226.0,4.0,6.0,2.0,31.0,550343.0
IMV-12859,Alexânia,Casa,344.0,3.0,5.0,4.0,0.0,1077795.0
IMV-12860,Alto Paraíso de Goiás,Casa,193.0,4.0,,2.0,20.0,579117.0
IMV-12861,Água Fria de Goiás,Casa,333.0,3.0,4.0,3.0,17.0,442004.0
IMV-12862,Luziânia,Casa,560.0,5.0,,3.0,36.0,1052529.0
IMV-12863,Alto Paraíso de Goiás,Casa,493.0,3.0,4.0,4.0,23.0,1356540.0
IMV-12864,Santa Maria,Apartamento,78.0,3.0,2.0,1.0,8.0,259242.0
IMV-12865,Valparaíso de Goiás,Apartamento,153.0,4.0,4.0,2.0,35.0,
IMV-12866,Cabeceiras,Casa,349.0,3.0,3.0,3.0,27.0,435936.0
IMV-12867,Água Fria de Goiás,Casa,,4.0,6.0,,29.0,184788.0
IMV-12868,,Casa,515.0,3.0,3.0,4.0,35.0,
IMV-12869,Pirenópolis,Casa,518.0,5.0,6.0,2.0,7.0,1976877.0
IMV-12870,Planaltina (GO),Casa,370.0,4.0,6.0,2.0,23.0,682463.0
IMV-12871,Águas Claras,Apartamento,149.0,1.0,1.0,1.0,21.0,1148077.0
IMV-12872,,Casa,253.0,3.0,4.0,3.0,0.0,459752.0
IMV-12873,Vicente Pires,Casa,293.0,5.0,7.0,3.0,39.0,887808.0
IMV-12874,Formosa,Casa,299.0,5.0,5.0,2.0,22.0,736457.0
IMV-12875,Sobradinho II,Casa,451.0,5.0,5.0,4.0,28.0,1349853.0
IMV-12876,Cidade Ocidental,Casa,537.0,5.0,6.0,2.0,26.0,
IMV-12877,Jardim Botânico,Casa,357.0,3.0,3.0,2.0,13.0,2316403.0
IMV-12878,Cristalina,Casa,120.0,5.0,,,23.0,296775.0
IMV-12879,Recanto das Emas,Casa,125.0,3.0,4.0,2.0,25.0,269051.0
IMV-12880,Núcleo Bandeirante,Apartamento,167.0,3.0,3.0,1.0,30.0,518430.0
IMV-12881,Mimoso de Goiás,Casa,567.0,4.0,5.0,3.0,27.0,711735.0
IMV-12882,Cabeceira Grande,Casa,598.0,4.0,4.0,,2.0,1131652.0
IMV-12883,,Apartamento,112.0,4.0,3.0,1.0,29.0,1106379.0
IMV-12884,Planaltina (GO),Casa,282.0,5.0,7.0,2.0,2.0,631170.0
IMV-12885,Riacho Fundo II,Apartamento,124.0,4.0,,1.0,16.0,389445.0
IMV-12886,Cabeceiras,Casa,133.0,4.0,5.0,3.0,7.0,227521.0
IMV-12887,Asa Norte,Apartamento,,1.0,1.0,0.0,16.0,447960.0
IMV-12888,,Casa,425.0,3.0,3.0,2.0,16.0,586891.0
IMV-12889,Sobradinho II,Casa,261.0,4.0,6.0,2.0,0.0,872740.0
IMV-12890,Noroeste,Apartamento,88.0,1.0,1.0,2.0,24.0,823893.0
IMV-12891,Cristalina,Casa,443.0,3.0,5.0,3.0,25.0,1110510.0
IMV-12892,Alvorada do Norte,Casa,160.0,4.0,,4.0,,
IMV-12893,Água Fria de Goiás,Casa,188.0,5.0,6.0,3.0,25.0,281553.0
IMV-12894,Sudoeste / Octogonal,Apartamento,,2.0,2.0,1.0,39.0,1295695.0
IMV-12895,Riacho Fundo,Apartamento,156.0,1.0,1.0,1.0,18.0,450891.0
IMV-12896,Cocalzinho de Goiás,Casa,269.0,,6.0,3.0,37.0,475779.0
IMV-12897,Noroeste,Apartamento,149.0,2.0,1.0,1.0,5.0,1935973.0
IMV-12898,Luziânia,Casa,207.0,4.0,6.0,2.0,37.0,
IMV-12899,Candangolândia,Apartamento,162.0,4.0,3.0,2.0,37.0,
IMV-12900,Vila Boa,Casa,,5.0,6.0,3.0,35.0,487660.0
IMV-12901,Alto Paraíso de Goiás,Casa,375.0,3.0,4.0,4.0,12.0,1237385.0
IMV-12902,Planaltina,Apartamento,119.0,4.0,2.0,2.0,12.0,321238.0
IMV-12903,Cristalina,Casa,326.0,4.0,,4.0,8.0,1028463.0
IMV-12904,Arniqueira,Casa,193.0,3.0,3.0,2.0,34.0,654416.0
IMV-12905,Núcleo Bandeirante,Apartamento,41.0,4.0,1.0,1.0,19.0,153348.0
IMV-12906,Sobradinho,Casa,515.0,4.0,6.0,2.0,2.0,2463343.0
IMV-12907,Vila Propício,Casa,245.0,4.0,4.0,3.0,2.0,369868.0
IMV-12908,Cabeceira Grande,Casa,563.0,4.0,6.0,3.0,34.0,587296.0
IMV-12909,Águas Lindas de Goiás,,359.0,3.0,5.0,2.0,1.0,1062568.0
IMV-12910,Águas Claras,Apartamento,133.0,1.0,1.0,2.0,31.0,806081.0
IMV-12911,Cristalina,Casa,145.0,4.0,4.0,3.0,20.0,376093.0
IMV-12912,Jardim Botânico,Casa,302.0,3.0,5.0,2.0,29.0,1333746.0
IMV-12913,Park Way,Casa,359.0,3.0,3.0,2.0,11.0,2789884.0
IMV-12914,Alvorada do Norte,Casa,331.0,5.0,7.0,2.0,12.0,428263.0
IMV-12915,,Apartamento,64.0,1.0,1.0,1.0,15.0,146501.0
IMV-12916,Gama,Apartamento,51.0,3.0,1.0,0.0,3.0,220005.0
IMV-12917,Niquelândia,Casa,586.0,5.0,7.0,4.0,10.0,1074432.0
IMV-12918,Água Quente,Casa,438.0,5.0,7.0,4.0,1.0,915655.0
IMV-12919,Santa Maria,Apartamento,72.0,3.0,2.0,,9.0,
IMV-12920,Guará,Apartamento,131.0,1.0,1.0,1.0,31.0,706362.0
IMV-12921,Água Quente,Casa,408.0,3.0,5.0,4.0,,587686.0
IMV-12922,Núcleo Bandeirante,Casa,345.0,4.0,5.0,4.0,14.0,
IMV-12923,Cabeceiras,Casa,430.0,3.0,4.0,2.0,33.0,551616.0
IMV-12924,Simolândia,Casa,471.0,5.0,6.0,4.0,19.0,649442.0
IMV-12925,Paranoá,Casa,,5.0,7.0,2.0,25.0,552297.0
IMV-12926,Santa Maria,Casa,,5.0,5.0,4.0,14.0,350369.0
IMV-12927,Novo Gama,Casa,288.0,3.0,3.0,2.0,12.0,
IMV-12928,Asa Norte,Apartamento,99.0,2.0,,2.0,39.0,743261.0
IMV-12929,Cabeceira Grande,Casa,377.0,3.0,,4.0,,610825.0
IMV-12930,Ponte Alta,Casa,235.0,5.0,5.0,3.0,4.0,700859.0
IMV-12931,Niquelândia,Casa,489.0,4.0,6.0,4.0,30.0,718839.0
IMV-12932,Vila Propício,Casa,290.0,4.0,6.0,4.0,12.0,460236.0
IMV-12933,Taguatinga,Casa,307.0,4.0,5.0,3.0,15.0,1496546.0
IMV-12934,Santa Maria,Casa,167.0,5.0,7.0,3.0,34.0,423444.0
IMV-12935,Núcleo Bandeirante,Apartamento,52.0,3.0,1.0,1.0,36.0,160290.0
IMV-12936,SIA,Apartamento,103.0,4.0,4.0,1.0,9.0,532252.0
IMV-12937,Formosa,Casa,141.0,5.0,7.0,3.0,36.0,334913.0
IMV-12938,Asa Norte,Apartamento,50.0,1.0,1.0,0.0,32.0,429735.0
IMV-12939,Sobradinho,Casa,140.0,3.0,4.0,3.0,15.0,554722.0
IMV-12940,Padre Bernardo,Casa,352.0,,4.0,3.0,33.0,620456.0
IMV-12941,Valparaíso de Goiás,Apartamento,143.0,4.0,1.0,1.0,,299768.0
IMV-12942,Noroeste,Apartamento,92.0,4.0,4.0,2.0,15.0,959427.0
IMV-12943,Abadiânia,Casa,353.0,5.0,5.0,2.0,4.0,833804.0
IMV-12944,Sobradinho,Casa,487.0,3.0,3.0,3.0,34.0,1738391.0
IMV-12945,Candangolândia,Apartamento,134.0,2.0,1.0,1.0,1.0,548759.0
IMV-12946,Simolândia,Casa,265.0,5.0,7.0,2.0,14.0,348923.0
IMV-12947,Sudoeste / Octogonal,Apartamento,118.0,4.0,2.0,1.0,7.0,1242373.0
IMV-12948,Fercal,Casa,249.0,5.0,5.0,4.0,27.0,448580.0
IMV-12949,Luziânia,Casa,497.0,,5.0,3.0,7.0,
IMV-12950,Noroeste,Apartamento,126.0,3.0,2.0,2.0,20.0,1484923.0
IMV-12951,,Casa,395.0,5.0,6.0,3.0,3.0,1649962.0
IMV-12952,Cocalzinho de Goiás,Casa,434.0,4.0,5.0,2.0,3.0,1143987.0
IMV-12953,Cidade Ocidental,Casa,287.0,5.0,5.0,3.0,36.0,596498.0
IMV-12954,Arapoangas,Casa,217.0,5.0,5.0,2.0,,456001.0
IMV-12955,Jardim Botânico,Casa,217.0,5.0,7.0,4.0,14.0,1226527.0
IMV-12956,Arniqueira,Casa,395.0,3.0,5.0,3.0,12.0,1507626.0
IMV-12957,,Casa,394.0,5.0,6.0,2.0,40.0,915243.0
IMV-12958,Cristalina,Casa,,3.0,3.0,3.0,,886431.0
IMV-12959,,Casa,173.0,4.0,5.0,4.0,11.0,356088.0
IMV-12960,Recanto das Emas,Apartamento,118.0,3.0,3.0,1.0,8.0,305913.0
IMV-12961,Lago Norte,Casa,538.0,5.0,7.0,2.0,18.0,4329792.0
IMV-12962,Valparaíso de Goiás,Apartamento,154.0,3.0,3.0,1.0,35.0,339025.0
IMV-12963,Mimoso de Goiás,Casa,584.0,5.0,6.0,2.0,36.0,674692.0
IMV-12964,Santo Antônio do Descoberto,,,5.0,6.0,4.0,26.0,1040013.0
IMV-12965,Cruzeiro,Apartamento,70.0,4.0,1.0,0.0,18.0,469537.0
IMV-12966,Brazlândia,Casa,447.0,4.0,5.0,4.0,1.0,1369814.0
IMV-12967,Formosa,Casa,450.0,5.0,7.0,3.0,34.0,1135912.0
IMV-12968,São Sebastião,Casa,463.0,4.0,5.0,2.0,5.0,1548003.0
IMV-12969,Núcleo Bandeirante,Apartamento,145.0,2.0,1.0,2.0,28.0,
IMV-12970,,Casa,447.0,3.0,4.0,3.0,28.0,1233704.0
IMV-12971,Itapoã,Apartamento,123.0,2.0,2.0,2.0,8.0,334388.0
IMV-12972,Água Quente,Casa,,4.0,4.0,2.0,26.0,912766.0
IMV-12973,Ceilândia,Casa,,5.0,7.0,2.0,29.0,687901.0
IMV-12974,Cabeceira Grande,Casa,274.0,3.0,4.0,4.0,34.0,345391.0
IMV-12975,Lago Sul,Casa,341.0,5.0,5.0,2.0,15.0,3996104.0
IMV-12976,Ceilândia,Casa,221.0,3.0,4.0,4.0,19.0,682747.0
IMV-12977,Sobradinho,,549.0,3.0,,2.0,6.0,2054565.0
IMV-12978,Mimoso de Goiás,Casa,518.0,3.0,4.0,2.0,11.0,722911.0
IMV-12979,,Casa,309.0,5.0,7.0,2.0,11.0,486760.0
IMV-12980,Jardim Botânico,Casa,335.0,4.0,4.0,3.0,29.0,1639200.0
IMV-12981,Flores de Goiás,Casa,138.0,3.0,4.0,2.0,23.0,175063.0
IMV-12982,Noroeste,Apartamento,118.0,2.0,2.0,1.0,3.0,
IMV-12983,Cocalzinho de Goiás,Casa,588.0,4.0,5.0,3.0,0.0,1428362.0
IMV-12984,Paranoá,Apartamento,,1.0,1.0,1.0,23.0,356234.0
IMV-12985,Valparaíso de Goiás,Apartamento,77.0,4.0,3.0,2.0,18.0,218783.0
IMV-12986,Simolândia,Casa,,4.0,5.0,3.0,37.0,609207.0
IMV-12987,Sol Nascente / Pôr do Sol,Apartamento,130.0,4.0,4.0,1.0,15.0,295759.0
IMV-12988,Sudoeste / Octogonal,Apartamento,150.0,3.0,2.0,1.0,24.0,1383911.0
IMV-12989,Águas Lindas de Goiás,Casa,,4.0,4.0,,29.0,989813.0
IMV-12990,Formosa,Casa,232.0,4.0,4.0,3.0,5.0,785627.0
IMV-12991,Cavalcante,Casa,600.0,4.0,4.0,3.0,11.0,1198685.0
IMV-12992,Sobradinho II,Casa,414.0,3.0,3.0,4.0,20.0,1408347.0
IMV-12993,Goianésia,Casa,418.0,4.0,5.0,3.0,10.0,1056818.0
IMV-12994,,Casa,254.0,5.0,7.0,4.0,31.0,355724.0
IMV-12995,Simolândia,Casa,532.0,5.0,5.0,2.0,31.0,598283.0
IMV-12996,Sol Nascente / Pôr do Sol,Casa,578.0,4.0,4.0,3.0,34.0,932716.0
IMV-12997,Riacho Fundo,Casa,294.0,5.0,5.0,4.0,,954668.0
IMV-12998,Jardim Botânico,Casa,410.0,5.0,6.0,2.0,,1711206.0
IMV-12999,Alto Paraíso de Goiás,Casa,597.0,3.0,3.0,4.0,12.0,2342994.0
IMV-13000,Sol Nascente / Pôr do Sol,Casa,586.0,3.0,3.0,3.0,14.0,1246882.0
IMV-13001,Cruzeiro,Apartamento,177.0,2.0,1.0,2.0,32.0,818772.0
IMV-13002,Valparaíso de Goiás,Apartamento,76.0,4.0,4.0,1.0,1.0,242153.0
IMV-13003,Formosa,Casa,231.0,,,2.0,12.0,630882.0
IMV-13004,Vila Boa,Casa,476.0,5.0,7.0,2.0,14.0,614144.0
IMV-13005,Riacho Fundo II,Apartamento,157.0,4.0,1.0,2.0,15.0,520678.0
IMV-13006,Padre Bernardo,Casa,459.0,5.0,7.0,,29.0,738677.0
IMV-13007,Vila Propício,Casa,444.0,4.0,6.0,3.0,5.0,773500.0
IMV-13008,SCIA / Estrutural,Casa,480.0,5.0,6.0,3.0,7.0,1201430.0
IMV-13009,Cocalzinho de Goiás,Casa,334.0,4.0,5.0,4.0,30.0,614221.0
IMV-13010,Noroeste,Apartamento,172.0,4.0,,1.0,17.0,1822697.0
IMV-13011,Itapoã,Apartamento,69.0,1.0,1.0,0.0,0.0,182831.0
IMV-13012,Luziânia,Casa,185.0,5.0,7.0,,19.0,361890.0
IMV-13013,Mimoso de Goiás,Casa,259.0,3.0,4.0,2.0,36.0,238413.0
IMV-13014,,Casa,195.0,3.0,5.0,2.0,5.0,501558.0
IMV-13015,SIA,Apartamento,93.0,1.0,1.0,2.0,30.0,305491.0
IMV-13016,Lago Norte,Casa,422.0,4.0,4.0,3.0,35.0,2759183.0
IMV-13017,Jardim Botânico,,285.0,3.0,3.0,3.0,0.0,1726189.0
IMV-13018,Água Quente,Casa,323.0,4.0,6.0,2.0,5.0,619620.0
IMV-13019,Guará,Apartamento,,2.0,,2.0,39.0,688654.0
IMV-13020,Cristalina,Casa,153.0,5.0,7.0,3.0,2.0,489007.0
IMV-13021,Cavalcante,Casa,227.0,5.0,5.0,4.0,30.0,
IMV-13022,Cidade Ocidental,Casa,352.0,3.0,4.0,3.0,6.0,916086.0
IMV-13023,Planaltina,,513.0,5.0,7.0,3.0,19.0,1392614.0
IMV-13024,Gama,Apartamento,148.0,2.0,2.0,1.0,32.0,414608.0
IMV-13025,Park Way,Casa,324.0,3.0,4.0,,15.0,2151872.0
IMV-13026,Vila Boa,Casa,455.0,4.0,4.0,2.0,18.0,506922.0
IMV-13027,Noroeste,Apartamento,178.0,3.0,2.0,1.0,32.0,1649368.0
IMV-13028,Arapoangas,Casa,349.0,3.0,5.0,4.0,4.0,964691.0
IMV-13029,Noroeste,Apartamento,78.0,,2.0,1.0,7.0,
IMV-13030,SCIA / Estrutural,Casa,564.0,5.0,7.0,3.0,16.0,1209589.0
IMV-13031,Valparaíso de Goiás,Apartamento,88.0,3.0,1.0,2.0,3.0,264475.0
IMV-13032,Candangolândia,Casa,278.0,5.0,7.0,2.0,10.0,1038295.0
IMV-13033,Niquelândia,Casa,256.0,3.0,5.0,4.0,20.0,415313.0
IMV-13034,Niquelândia,Casa,213.0,3.0,5.0,4.0,28.0,284389.0
IMV-13035,,Casa,211.0,4.0,4.0,2.0,24.0,515401.0
IMV-13036,Arapoangas,Casa,,5.0,7.0,4.0,8.0,944225.0
IMV-13037,Planaltina (GO),Casa,566.0,5.0,6.0,4.0,21.0,1125953.0
IMV-13038,Taguatinga,Casa,158.0,5.0,6.0,4.0,10.0,802175.0
IMV-13039,Arniqueira,,122.0,3.0,4.0,3.0,5.0,477508.0
IMV-13040,Alto Paraíso de Goiás,Casa,206.0,3.0,5.0,2.0,22.0,749205.0
IMV-13041,Candangolândia,Casa,305.0,5.0,7.0,4.0,20.0,1191822.0
IMV-13042,Cabeceiras,Casa,505.0,3.0,5.0,4.0,7.0,838726.0
IMV-13043,Mimoso de Goiás,,526.0,4.0,4.0,2.0,25.0,592707.0
IMV-13044,Águas Claras,Apartamento,40.0,1.0,1.0,0.0,,247821.0
IMV-13045,Cocalzinho de Goiás,Casa,445.0,4.0,4.0,2.0,32.0,811495.0
IMV-13046,Alto Paraíso de Goiás,Casa,513.0,3.0,4.0,3.0,19.0,1830114.0
IMV-13047,SIA,Apartamento,162.0,2.0,2.0,1.0,32.0,
IMV-13048,Samambaia,Apartamento,175.0,4.0,2.0,2.0,26.0,567795.0
IMV-13049,Riacho Fundo,Apartamento,161.0,4.0,1.0,1.0,15.0,517278.0
IMV-13050,Planaltina,Casa,455.0,5.0,5.0,4.0,35.0,880201.0
IMV-13051,,,283.0,4.0,6.0,4.0,28.0,630024.0
IMV-13052,Paranoá,Apartamento,49.0,1.0,1.0,1.0,20.0,119349.0
IMV-13053,Padre Bernardo,Casa,364.0,5.0,5.0,4.0,40.0,559171.0
IMV-13054,Valparaíso de Goiás,Apartamento,57.0,4.0,2.0,0.0,30.0,127846.0
IMV-13055,Simolândia,Casa,199.0,4.0,6.0,,9.0,328773.0
IMV-13056,Alexânia,Casa,463.0,4.0,5.0,3.0,37.0,804001.0
IMV-13057,Paranoá,Casa,224.0,5.0,6.0,3.0,26.0,489375.0
IMV-13058,Barro Alto,Casa,435.0,3.0,4.0,4.0,27.0,520078.0
IMV-13059,Abadiânia,Casa,232.0,5.0,7.0,3.0,27.0,434947.0
IMV-13060,Park Way,Casa,559.0,5.0,5.0,3.0,24.0,
IMV-13061,Cruzeiro,Apartamento,165.0,2.0,2.0,1.0,36.0,839943.0
IMV-13062,Cocalzinho de Goiás,Casa,557.0,5.0,5.0,3.0,39.0,994495.0
IMV-13063,Recanto das Emas,Casa,395.0,3.0,3.0,3.0,12.0,1207545.0
IMV-13064,,Casa,171.0,,6.0,4.0,36.0,216563.0
IMV-13065,Cocalzinho de Goiás,Casa,483.0,3.0,3.0,2.0,0.0,1109046.0
IMV-13066,Recanto das Emas,Apartamento,129.0,2.0,2.0,1.0,13.0,313926.0
IMV-13067,Simolândia,Casa,239.0,3.0,3.0,2.0,17.0,
IMV-13068,Águas Lindas de Goiás,Apartamento,138.0,,3.0,1.0,33.0,258299.0
IMV-13069,Arniqueira,Casa,173.0,3.0,3.0,3.0,36.0,522952.0
IMV-13070,Santo Antônio do Descoberto,Casa,141.0,3.0,5.0,2.0,22.0,249052.0
IMV-13071,Santa Maria,Casa,502.0,5.0,6.0,4.0,8.0,1809824.0
IMV-13072,,Casa,227.0,3.0,4.0,3.0,13.0,
IMV-13073,Cristalina,Casa,400.0,3.0,3.0,2.0,29.0,
IMV-13074,Niquelândia,Casa,486.0,5.0,5.0,2.0,34.0,
IMV-13075,Itapoã,Casa,454.0,3.0,5.0,2.0,23.0,933518.0
IMV-13076,,Casa,455.0,5.0,6.0,3.0,0.0,1922768.0
IMV-13077,Pirenópolis,Casa,328.0,3.0,4.0,4.0,25.0,1094708.0
IMV-13078,26 de Setembro,Casa,508.0,5.0,6.0,4.0,24.0,951949.0
IMV-13079,Alexânia,Casa,272.0,3.0,3.0,4.0,20.0,569979.0
IMV-13080,Paranoá,Apartamento,165.0,3.0,3.0,2.0,23.0,445249.0
IMV-13081,Fercal,Casa,492.0,4.0,5.0,3.0,29.0,869373.0
IMV-13082,Pirenópolis,Casa,467.0,4.0,5.0,4.0,11.0,
IMV-13083,,Casa,587.0,3.0,3.0,3.0,35.0,751430.0
IMV-13084,Samambaia,Apartamento,46.0,1.0,1.0,0.0,12.0,180302.0
IMV-13085,Mimoso de Goiás,Casa,366.0,3.0,4.0,3.0,16.0,488325.0
IMV-13086,Lago Norte,Casa,405.0,3.0,3.0,2.0,11.0,3585809.0
IMV-13087,Samambaia,Apartamento,146.0,2.0,2.0,2.0,30.0,426453.0
IMV-13088,Candangolândia,Casa,352.0,5.0,5.0,2.0,,1651815.0
IMV-13089,Pirenópolis,Casa,238.0,5.0,6.0,4.0,21.0,934443.0
IMV-13090,Simolândia,Casa,565.0,4.0,5.0,3.0,28.0,571081.0
IMV-13091,Cabeceira Grande,Casa,313.0,3.0,5.0,2.0,25.0,
IMV-13092,Vila Boa,Casa,567.0,3.0,4.0,4.0,2.0,795270.0
IMV-13093,,Casa,578.0,5.0,6.0,,6.0,1165319.0
IMV-13094,Guará,Apartamento,40.0,2.0,2.0,1.0,40.0,229797.0
IMV-13095,Núcleo Bandeirante,Apartamento,74.0,4.0,2.0,1.0,40.0,233406.0
IMV-13096,São João d’Aliança,Casa,331.0,4.0,,4.0,22.0,543857.0
IMV-13097,Samambaia,Apartamento,113.0,1.0,1.0,1.0,33.0,349222.0
IMV-13098,Varjão,Apartamento,146.0,2.0,1.0,1.0,3.0,532837.0
IMV-13099,Alvorada do Norte,Casa,481.0,5.0,6.0,,28.0,608343.0
IMV-13100,Samambaia,Apartamento,77.0,2.0,2.0,1.0,18.0,233735.0
IMV-13101,Santa Maria,Casa,481.0,5.0,7.0,2.0,38.0,1346991.0
IMV-13102,Asa Sul,Apartamento,167.0,2.0,2.0,1.0,38.0,1384724.0
IMV-13103,26 de Setembro,Casa,544.0,3.0,,4.0,37.0,889589.0
IMV-13104,Alexânia,Casa,389.0,4.0,6.0,2.0,35.0,768066.0
IMV-13105,Cabeceiras,,543.0,3.0,5.0,2.0,24.0,832122.0
IMV-13106,Planaltina (GO),Casa,488.0,,6.0,3.0,11.0,1128947.0
IMV-13107,Asa Norte,,,4.0,4.0,1.0,13.0,1602095.0
IMV-13108,Planaltina,,354.0,,5.0,2.0,3.0,936464.0
IMV-13109,Itapoã,Casa,287.0,5.0,6.0,2.0,34.0,638990.0
IMV-13110,Cidade Ocidental,Casa,290.0,5.0,5.0,4.0,11.0,681735.0
IMV-13111,Fercal,Casa,280.0,3.0,5.0,2.0,5.0,569758.0
IMV-13112,Goianésia,Casa,175.0,3.0,5.0,2.0,4.0,487585.0
IMV-13113,Vicente Pires,Casa,314.0,5.0,7.0,3.0,,1260601.0
IMV-13114,26 de Setembro,Casa,474.0,3.0,5.0,2.0,34.0,938830.0
IMV-13115,Noroeste,Apartamento,147.0,2.0,1.0,2.0,12.0,1536025.0
IMV-13116,Ponte Alta,Casa,315.0,3.0,5.0,3.0,10.0,791344.0
IMV-13117,Luziânia,Casa,234.0,5.0,5.0,2.0,,482251.0
IMV-13118,Padre Bernardo,Casa,147.0,5.0,7.0,4.0,2.0,363742.0
IMV-13119,Flores de Goiás,Casa,405.0,4.0,,4.0,35.0,428401.0
IMV-13120,Samambaia,Apartamento,145.0,4.0,4.0,2.0,26.0,414732.0
IMV-13121,Valparaíso de Goiás,Apartamento,127.0,4.0,4.0,2.0,27.0,300581.0
IMV-13122,Candangolândia,Casa,224.0,5.0,,,28.0,778643.0
IMV-13123,Sudoeste / Octogonal,Apartamento,142.0,2.0,1.0,2.0,,1227801.0
IMV-13124,Vicente Pires,Casa,465.0,4.0,6.0,4.0,26.0,1505300.0
IMV-13125,Vicente Pires,Casa,185.0,3.0,3.0,2.0,34.0,573381.0
IMV-13126,Sudoeste / Octogonal,Apartamento,112.0,4.0,3.0,1.0,29.0,1010368.0
IMV-13127,Asa Sul,Apartamento,175.0,1.0,1.0,,21.0,1631776.0
IMV-13128,Cabeceira Grande,Casa,552.0,5.0,5.0,2.0,24.0,645692.0
IMV-13129,Cabeceira Grande,Casa,130.0,5.0,7.0,4.0,30.0,174135.0
IMV-13130,Taguatinga,Apartamento,48.0,1.0,1.0,1.0,21.0,204133.0
IMV-13131,Cavalcante,Casa,352.0,3.0,4.0,2.0,40.0,574772.0
IMV-13132,Flores de Goiás,Casa,501.0,4.0,4.0,2.0,,597361.0
IMV-13133,Vila Propício,Casa,471.0,4.0,,4.0,4.0,708891.0
IMV-13134,Pirenópolis,Casa,349.0,3.0,3.0,2.0,2.0,1336929.0
IMV-13135,Sobradinho II,Casa,321.0,3.0,5.0,3.0,10.0,948212.0
IMV-13136,,Casa,337.0,,4.0,4.0,26.0,640993.0
IMV-13137,Niquelândia,Casa,504.0,,5.0,2.0,27.0,648099.0
IMV-13138,Alto Paraíso de Goiás,Casa,154.0,5.0,7.0,,6.0,621760.0
IMV-13139,Cavalcante,Casa,369.0,3.0,5.0,4.0,19.0,768248.0
IMV-13140,Barro Alto,Casa,135.0,5.0,5.0,3.0,36.0,153535.0
IMV-13141,,Casa,459.0,4.0,6.0,4.0,,2609313.0
IMV-13142,Itapoã,,,1.0,1.0,2.0,14.0,378447.0
IMV-13143,São João d’Aliança,Casa,288.0,4.0,5.0,4.0,2.0,529058.0
IMV-13144,Ponte Alta,Casa,218.0,5.0,7.0,3.0,4.0,553281.0
IMV-13145,Novo Gama,Casa,524.0,3.0,5.0,2.0,29.0,871195.0
IMV-13146,Recanto das Emas,Casa,127.0,5.0,5.0,4.0,10.0,349899.0
IMV-13147,Guará,,111.0,4.0,4.0,1.0,35.0,635085.0
IMV-13148,Paranoá,Casa,365.0,5.0,7.0,4.0,27.0,872323.0
IMV-13149,Varjão,Apartamento,106.0,2.0,2.0,2.0,39.0,247213.0
IMV-13150,Alvorada do Norte,Casa,484.0,3.0,5.0,2.0,7.0,769645.0
IMV-13151,Planaltina,Apartamento,135.0,,2.0,2.0,10.0,386023.0
IMV-13152,,Casa,418.0,5.0,5.0,2.0,35.0,769970.0
IMV-13153,Formosa,Casa,430.0,5.0,6.0,4.0,15.0,1373976.0
IMV-13154,Sol Nascente / Pôr do Sol,Casa,259.0,4.0,6.0,4.0,34.0,477915.0
IMV-13155,Núcleo Bandeirante,Apartamento,84.0,2.0,1.0,2.0,12.0,354283.0
IMV-13156,Asa Norte,Apartamento,102.0,1.0,1.0,2.0,8.0,959525.0
IMV-13157,Lago Norte,Casa,497.0,5.0,6.0,3.0,0.0,5120781.0
IMV-13158,Abadiânia,Casa,586.0,4.0,4.0,3.0,15.0,1172104.0
IMV-13159,Flores de Goiás,Casa,547.0,,4.0,3.0,34.0,574001.0
IMV-13160,Flores de Goiás,Casa,506.0,3.0,4.0,2.0,20.0,601154.0
IMV-13161,São João d’Aliança,Casa,430.0,3.0,4.0,4.0,26.0,686512.0
IMV-13162,Vila Boa,,312.0,3.0,4.0,2.0,3.0,486508.0
IMV-13163,Vila Propício,Casa,276.0,5.0,7.0,3.0,39.0,335683.0
IMV-13164,Cidade Ocidental,Casa,343.0,4.0,5.0,3.0,9.0,766156.0
IMV-13165,Niquelândia,Casa,529.0,3.0,4.0,4.0,29.0,609520.0
IMV-13166,Santo Antônio do Descoberto,Casa,378.0,5.0,6.0,2.0,11.0,860419.0
IMV-13167,Valparaíso de Goiás,Apartamento,121.0,3.0,2.0,2.0,37.0,287751.0
IMV-13168,Taguatinga,Casa,471.0,3.0,5.0,4.0,9.0,2313992.0
IMV-13169,Água Quente,Casa,461.0,3.0,5.0,3.0,16.0,792612.0
IMV-13170,Barro Alto,Casa,222.0,4.0,,3.0,11.0,341230.0
IMV-13171,Recanto das Emas,Apartamento,140.0,1.0,1.0,2.0,8.0,404244.0
IMV-13172,Guará,Apartamento,63.0,2.0,1.0,1.0,26.0,384813.0
IMV-13173,Alvorada do Norte,Casa,481.0,4.0,5.0,2.0,32.0,590178.0
IMV-13174,Água Fria de Goiás,Casa,196.0,4.0,5.0,3.0,7.0,330885.0
IMV-13175,Água Quente,,272.0,3.0,3.0,,3.0,529988.0
IMV-13176,Cocalzinho de Goiás,Casa,404.0,3.0,4.0,2.0,20.0,846337.0
IMV-13177,Ponte Alta,Casa,333.0,4.0,5.0,3.0,33.0,576819.0
IMV-13178,Cavalcante,Casa,330.0,4.0,6.0,3.0,15.0,561711.0
IMV-13179,,Casa,542.0,3.0,,4.0,9.0,1290408.0
IMV-13180,Taguatinga,Apartamento,41.0,1.0,1.0,1.0,19.0,159189.0
IMV-13181,Cavalcante,Casa,573.0,,4.0,2.0,18.0,
IMV-13182,Cabeceiras,Casa,590.0,3.0,3.0,3.0,33.0,805102.0
IMV-13183,Alvorada do Norte,Casa,502.0,5.0,5.0,3.0,7.0,687889.0
IMV-13184,Núcleo Bandeirante,Casa,,3.0,3.0,3.0,5.0,1286996.0
IMV-13185,Cristalina,Casa,377.0,3.0,5.0,4.0,2.0,1023986.0
IMV-13186,Sobradinho II,Casa,197.0,4.0,4.0,3.0,1.0,697771.0
IMV-13187,Águas Lindas de Goiás,Casa,120.0,4.0,6.0,4.0,21.0,269669.0
IMV-13188,Cocalzinho de Goiás,Casa,430.0,5.0,7.0,4.0,,790944.0
IMV-13189,Sobradinho,,560.0,5.0,,3.0,31.0,1816850.0
IMV-13190,Novo Gama,Casa,354.0,4.0,4.0,3.0,36.0,633277.0
IMV-13191,Planaltina,Apartamento,159.0,3.0,2.0,2.0,19.0,453571.0
IMV-13192,Cavalcante,Casa,514.0,5.0,6.0,3.0,33.0,769880.0
IMV-13193,Guará,Apartamento,121.0,2.0,1.0,1.0,7.0,781099.0
IMV-13194,São Sebastião,Casa,544.0,3.0,5.0,3.0,33.0,1371430.0
IMV-13195,Cruzeiro,Apartamento,166.0,2.0,1.0,1.0,10.0,1198926.0
IMV-13196,Águas Claras,,97.0,3.0,2.0,1.0,36.0,552263.0
IMV-13197,Simolândia,Casa,540.0,5.0,7.0,3.0,11.0,763907.0
IMV-13198,Luziânia,Casa,159.0,3.0,3.0,4.0,2.0,427386.0
IMV-13199,Barro Alto,Casa,580.0,5.0,6.0,2.0,21.0,901379.0
IMV-13200,,Casa,419.0,3.0,3.0,4.0,12.0,1030842.0
IMV-13201,Riacho Fundo,Casa,368.0,3.0,5.0,3.0,39.0,939199.0
IMV-13202,Cocalzinho de Goiás,Casa,439.0,4.0,5.0,3.0,18.0,801648.0
IMV-13203,Varjão,Casa,526.0,5.0,7.0,4.0,31.0,1391023.0
IMV-13204,,Casa,348.0,4.0,4.0,4.0,35.0,665305.0
IMV-13205,Ponte Alta,Casa,389.0,4.0,,4.0,26.0,846316.0
IMV-13206,Brazlândia,Casa,439.0,3.0,3.0,3.0,16.0,1186930.0
IMV-13207,Gama,Apartamento,140.0,1.0,1.0,1.0,33.0,351079.0
IMV-13208,Cabeceiras,Casa,471.0,3.0,3.0,4.0,0.0,820234.0
IMV-13209,Luziânia,Casa,391.0,3.0,4.0,2.0,18.0,788886.0
IMV-13210,Lago Norte,Casa,129.0,3.0,3.0,3.0,30.0,856543.0
IMV-13211,Candangolândia,Casa,299.0,5.0,6.0,3.0,25.0,1099461.0
IMV-13212,Cabeceiras,Casa,294.0,5.0,5.0,4.0,,340336.0
IMV-13213,Jardim Botânico,Casa,200.0,4.0,4.0,4.0,,1436264.0
IMV-13214,Águas Lindas de Goiás,Casa,282.0,5.0,6.0,4.0,9.0,647005.0
IMV-13215,Pirenópolis,Casa,596.0,4.0,6.0,4.0,21.0,1949749.0
IMV-13216,Cidade Ocidental,Casa,295.0,5.0,7.0,2.0,34.0,537051.0
IMV-13217,Santa Maria,Apartamento,138.0,4.0,4.0,1.0,3.0,537645.0
IMV-13218,Gama,Casa,560.0,,4.0,2.0,30.0,1748959.0
IMV-13219,,Casa,295.0,4.0,5.0,3.0,,553872.0
IMV-13220,Santa Maria,Casa,361.0,5.0,7.0,4.0,19.0,1141592.0
IMV-13221,Água Fria de Goiás,Casa,,5.0,6.0,2.0,34.0,453840.0
IMV-13222,Niquelândia,Casa,576.0,3.0,5.0,2.0,3.0,1192107.0
IMV-13223,Goianésia,,582.0,4.0,4.0,4.0,16.0,1101891.0
IMV-13224,Padre Bernardo,Casa,573.0,4.0,4.0,4.0,40.0,820118.0
IMV-13225,Vila Boa,Casa,,4.0,4.0,3.0,35.0,189435.0
IMV-13226,Sudoeste / Octogonal,Apartamento,72.0,3.0,,1.0,3.0,883056.0
IMV-13227,Niquelândia,Casa,453.0,5.0,7.0,4.0,30.0,579315.0
IMV-13228,Riacho Fundo II,Apartamento,77.0,,3.0,2.0,,204292.0
IMV-13229,Planaltina (GO),Casa,498.0,3.0,4.0,3.0,36.0,
IMV-13230,Formosa,Casa,413.0,4.0,5.0,4.0,40.0,953617.0
IMV-13231,Valparaíso de Goiás,Apartamento,165.0,4.0,3.0,1.0,12.0,480973.0
IMV-13232,Valparaíso de Goiás,Apartamento,125.0,3.0,2.0,1.0,26.0,284398.0
IMV-13233,Cavalcante,Casa,531.0,4.0,4.0,2.0,9.0,1255207.0
IMV-13234,Candangolândia,Apartamento,69.0,2.0,1.0,1.0,32.0,222727.0
IMV-13235,Cruzeiro,Apartamento,172.0,1.0,1.0,1.0,20.0,1017449.0
IMV-13236,Lago Sul,Casa,543.0,5.0,6.0,2.0,8.0,6329296.0
IMV-13237,Alvorada do Norte,Casa,385.0,3.0,4.0,2.0,14.0,637828.0
IMV-13238,Recanto das Emas,Apartamento,88.0,1.0,1.0,1.0,15.0,
IMV-13239,Riacho Fundo II,Apartamento,105.0,3.0,2.0,2.0,15.0,298532.0
IMV-13240,Cruzeiro,Apartamento,106.0,4.0,4.0,1.0,23.0,530783.0
IMV-13241,Cavalcante,Casa,584.0,3.0,5.0,4.0,40.0,1009589.0
IMV-13242,Taguatinga,Apartamento,128.0,,1.0,2.0,25.0,525114.0
IMV-13243,Riacho Fundo,Casa,352.0,5.0,7.0,2.0,16.0,1317954.0
IMV-13244,Gama,Casa,152.0,3.0,4.0,2.0,29.0,444910.0
IMV-13245,Varjão,Casa,504.0,3.0,3.0,3.0,29.0,
IMV-13246,,Casa,345.0,4.0,4.0,2.0,1.0,1993603.0
IMV-13247,Jardim Botânico,Casa,341.0,3.0,,4.0,29.0,1724652.0
IMV-13248,Itapoã,Casa,396.0,,5.0,4.0,37.0,895445.0
IMV-13249,Sudoeste / Octogonal,Apartamento,91.0,1.0,,2.0,10.0,999342.0
IMV-13250,Itapoã,Apartamento,116.0,3.0,1.0,1.0,17.0,268823.0
IMV-13251,Brazlândia,Casa,135.0,,4.0,3.0,17.0,375314.0
IMV-13252,Sobradinho II,,,5.0,5.0,2.0,28.0,1239214.0
IMV-13253,Santa Maria,Casa,265.0,5.0,6.0,3.0,11.0,927517.0
IMV-13254,Simolândia,Casa,322.0,5.0,5.0,3.0,5.0,475445.0
IMV-13255,São Sebastião,Casa,214.0,3.0,3.0,4.0,40.0,502933.0
IMV-13256,,Casa,453.0,3.0,3.0,4.0,,1557041.0
IMV-13257,Abadiânia,Casa,347.0,4.0,5.0,3.0,32.0,639982.0
IMV-13258,Sol Nascente / Pôr do Sol,Apartamento,135.0,3.0,1.0,2.0,21.0,225734.0
IMV-13259,Alvorada do Norte,Casa,209.0,5.0,5.0,4.0,27.0,293383.0
IMV-13260,Taguatinga,Apartamento,170.0,3.0,3.0,1.0,34.0,635123.0
IMV-13261,Ceilândia,Casa,531.0,4.0,5.0,3.0,11.0,1841736.0
IMV-13262,SCIA / Estrutural,Casa,388.0,5.0,7.0,3.0,0.0,968832.0
IMV-13263,Noroeste,Apartamento,98.0,4.0,2.0,1.0,8.0,1369684.0
IMV-13264,Barro Alto,Casa,588.0,3.0,5.0,3.0,,836934.0
IMV-13265,Goianésia,Casa,338.0,4.0,4.0,2.0,13.0,814615.0
IMV-13266,Cocalzinho de Goiás,Casa,147.0,5.0,6.0,4.0,13.0,341642.0
IMV-13267,Sudoeste / Octogonal,Apartamento,108.0,1.0,1.0,2.0,36.0,889651.0
IMV-13268,Alto Paraíso de Goiás,Casa,468.0,5.0,6.0,3.0,38.0,1442784.0
IMV-13269,Riacho Fundo II,Apartamento,98.0,4.0,2.0,2.0,37.0,204523.0
IMV-13270,Cruzeiro,Apartamento,61.0,2.0,2.0,,35.0,280527.0
IMV-13271,Alvorada do Norte,Casa,307.0,4.0,5.0,3.0,34.0,378321.0
IMV-13272,Pirenópolis,Casa,424.0,4.0,5.0,3.0,20.0,1551712.0
IMV-13273,Simolândia,Casa,138.0,4.0,4.0,3.0,24.0,154011.0
IMV-13274,Riacho Fundo,Apartamento,112.0,1.0,1.0,1.0,4.0,390664.0
IMV-13275,Park Way,Casa,155.0,5.0,7.0,4.0,8.0,1267234.0
IMV-13276,Cocalzinho de Goiás,Casa,372.0,5.0,5.0,3.0,9.0,798732.0
IMV-13277,26 de Setembro,Casa,358.0,4.0,4.0,2.0,25.0,641809.0
IMV-13278,São Sebastião,Casa,314.0,,3.0,3.0,2.0,1027793.0
IMV-13279,Niquelândia,Casa,336.0,3.0,4.0,2.0,19.0,443426.0
IMV-13280,Taguatinga,Apartamento,108.0,3.0,1.0,2.0,8.0,489189.0
IMV-13281,Sobradinho,Casa,311.0,4.0,5.0,4.0,21.0,1151625.0
IMV-13282,Candangolândia,Apartamento,136.0,4.0,2.0,2.0,,459697.0
IMV-13283,Noroeste,Apartamento,50.0,2.0,2.0,1.0,10.0,657884.0
IMV-13284,Taguatinga,Apartamento,87.0,1.0,1.0,2.0,37.0,330312.0
IMV-13285,Água Fria de Goiás,Casa,380.0,4.0,6.0,4.0,31.0,541703.0
IMV-13286,,Casa,551.0,3.0,5.0,,30.0,1284285.0
IMV-13287,Riacho Fundo II,Casa,337.0,4.0,5.0,2.0,,1080099.0
IMV-13288,Águas Claras,Apartamento,151.0,,1.0,1.0,37.0,
IMV-13289,Samambaia,Apartamento,128.0,1.0,1.0,2.0,35.0,380973.0
IMV-13290,Sobradinho II,Casa,287.0,5.0,,3.0,6.0,893889.0
IMV-13291,Goianésia,Casa,595.0,,5.0,3.0,31.0,1033880.0
IMV-13292,Sobradinho II,Casa,265.0,5.0,,3.0,39.0,638166.0
IMV-13293,Simolândia,Casa,416.0,4.0,,2.0,26.0,511589.0
IMV-13294,Recanto das Emas,Casa,544.0,5.0,5.0,4.0,37.0,1378469.0
IMV-13295,,Apartamento,43.0,2.0,1.0,1.0,36.0,84964.0
IMV-13296,Abadiânia,Casa,573.0,3.0,3.0,3.0,6.0,1165503.0
IMV-13297,,Apartamento,178.0,3.0,2.0,1.0,36.0,985542.0
IMV-13298,Ponte Alta,Casa,349.0,4.0,4.0,4.0,26.0,665189.0
IMV-13299,Água Fria de Goiás,Casa,,4.0,5.0,4.0,16.0,313117.0
IMV-13300,Alvorada do Norte,Casa,307.0,3.0,3.0,4.0,4.0,451956.0
IMV-13301,Luziânia,Casa,431.0,3.0,5.0,3.0,15.0,1134137.0
IMV-13302,Fercal,Casa,,3.0,5.0,2.0,14.0,380502.0
IMV-13303,Padre Bernardo,Casa,467.0,4.0,6.0,3.0,,650435.0
IMV-13304,Varjão,Casa,519.0,5.0,,2.0,21.0,1579572.0
IMV-13305,26 de Setembro,Casa,204.0,,6.0,3.0,18.0,466059.0
IMV-13306,Água Quente,Casa,247.0,3.0,,2.0,5.0,429138.0
IMV-13307,Mimoso de Goiás,Casa,255.0,3.0,5.0,,17.0,335367.0
IMV-13308,Cidade Ocidental,Casa,463.0,4.0,6.0,3.0,14.0,1148036.0
IMV-13309,Lago Sul,Casa,164.0,4.0,6.0,4.0,16.0,1576213.0
IMV-13310,Novo Gama,Casa,220.0,5.0,6.0,4.0,,443984.0
IMV-13311,Formosa,Casa,400.0,3.0,3.0,3.0,16.0,1124992.0
IMV-13312,Lago Norte,Casa,,5.0,7.0,3.0,23.0,4006465.0
IMV-13313,,Casa,169.0,3.0,5.0,2.0,32.0,173173.0
IMV-13314,Sol Nascente / Pôr do Sol,Apartamento,61.0,4.0,4.0,0.0,31.0,93582.0
IMV-13315,Taguatinga,,87.0,2.0,1.0,,29.0,335922.0
IMV-13316,Fercal,Casa,378.0,,6.0,3.0,22.0,723191.0
IMV-13317,Águas Claras,Apartamento,115.0,3.0,,1.0,11.0,817352.0
IMV-13318,Lago Norte,Casa,595.0,4.0,4.0,3.0,40.0,4614190.0
IMV-13319,SIA,Apartamento,48.0,4.0,1.0,0.0,6.0,
IMV-13320,Ceilândia,Apartamento,66.0,3.0,3.0,0.0,26.0,164243.0
IMV-13321,Gama,Apartamento,118.0,,1.0,,19.0,430290.0
IMV-13322,Gama,Apartamento,148.0,,1.0,1.0,,460134.0
IMV-13323,Cavalcante,Casa,459.0,4.0,5.0,3.0,38.0,
IMV-13324,Samambaia,,74.0,3.0,2.0,2.0,20.0,248250.0
IMV-13325,Simolândia,Casa,369.0,3.0,4.0,4.0,7.0,594626.0
IMV-13326,Asa Sul,,133.0,2.0,1.0,2.0,21.0,1342966.0
IMV-13327,Vicente Pires,Casa,125.0,4.0,4.0,3.0,19.0,451209.0
IMV-13328,Simolândia,Casa,168.0,5.0,6.0,3.0,23.0,227436.0
IMV-13329,Arapoangas,Casa,400.0,3.0,4.0,4.0,16.0,817985.0
IMV-13330,Riacho Fundo,Apartamento,43.0,4.0,3.0,0.0,30.0,127239.0
IMV-13331,Santo Antônio do Descoberto,Casa,191.0,4.0,,3.0,6.0,394577.0
IMV-13332,Águas Lindas de Goiás,Casa,499.0,4.0,6.0,2.0,25.0,857334.0
IMV-13333,Vicente Pires,Casa,208.0,4.0,6.0,3.0,,830074.0
IMV-13334,Cabeceira Grande,Casa,,4.0,4.0,2.0,19.0,438260.0
IMV-13335,Niquelândia,Casa,441.0,3.0,5.0,3.0,31.0,668810.0
IMV-13336,Cabeceira Grande,,350.0,3.0,4.0,,39.0,387316.0
IMV-13337,Lago Sul,Casa,516.0,4.0,,4.0,,6213494.0
IMV-13338,Asa Sul,,173.0,2.0,1.0,2.0,5.0,
IMV-13339,Riacho Fundo II,,170.0,1.0,1.0,,29.0,416822.0
IMV-13340,Candangolândia,Apartamento,109.0,3.0,3.0,2.0,9.0,
IMV-13341,Núcleo Bandeirante,Casa,148.0,4.0,6.0,4.0,2.0,
IMV-13342,Asa Sul,Apartamento,99.0,1.0,1.0,2.0,19.0,818750.0
IMV-13343,Gama,Apartamento,161.0,4.0,2.0,1.0,,491370.0
IMV-13344,Santa Maria,Casa,559.0,4.0,4.0,4.0,12.0,1848530.0
IMV-13345,Luziânia,Casa,341.0,4.0,,,5.0,997672.0
IMV-13346,Taguatinga,Apartamento,180.0,3.0,,1.0,27.0,667708.0
IMV-13347,Flores de Goiás,Casa,568.0,3.0,4.0,4.0,30.0,731247.0
IMV-13348,Niquelândia,Casa,228.0,4.0,5.0,4.0,3.0,418145.0
IMV-13349,Novo Gama,Casa,494.0,4.0,6.0,2.0,38.0,823730.0
IMV-13350,Alvorada do Norte,Casa,358.0,4.0,,4.0,20.0,443126.0
IMV-13351,26 de Setembro,Casa,470.0,4.0,5.0,4.0,18.0,946828.0
IMV-13352,Guará,Apartamento,151.0,4.0,1.0,1.0,10.0,1068387.0
IMV-13353,Mimoso de Goiás,Casa,447.0,5.0,5.0,2.0,28.0,425729.0
IMV-13354,Alto Paraíso de Goiás,Casa,433.0,5.0,7.0,3.0,10.0,1875422.0
IMV-13355,Niquelândia,Casa,,5.0,6.0,2.0,,507770.0
IMV-13356,Cabeceiras,Casa,184.0,3.0,5.0,2.0,23.0,239602.0
IMV-13357,Ceilândia,Casa,447.0,3.0,4.0,2.0,3.0,1522325.0
IMV-13358,Vila Propício,Casa,560.0,4.0,4.0,3.0,13.0,
IMV-13359,Abadiânia,Casa,507.0,5.0,7.0,4.0,22.0,1032600.0
IMV-13360,Planaltina (GO),Casa,227.0,5.0,5.0,2.0,25.0,
IMV-13361,São Sebastião,Casa,388.0,4.0,4.0,,6.0,1303986.0
IMV-13362,Guará,Casa,377.0,3.0,3.0,4.0,34.0,2155471.0
IMV-13363,Brazlândia,Casa,357.0,3.0,3.0,3.0,25.0,902223.0
IMV-13364,Sudoeste / Octogonal,Apartamento,94.0,3.0,2.0,2.0,32.0,794799.0
IMV-13365,Vila Boa,Casa,576.0,3.0,5.0,2.0,14.0,641075.0
IMV-13366,Planaltina,Casa,487.0,5.0,5.0,4.0,33.0,1010375.0
IMV-13367,Vila Propício,Casa,251.0,4.0,6.0,4.0,7.0,364329.0
IMV-13368,Arapoangas,Casa,441.0,3.0,3.0,2.0,36.0,747865.0
IMV-13369,Vila Propício,Casa,567.0,3.0,5.0,3.0,33.0,659756.0
IMV-13370,Asa Sul,Apartamento,44.0,4.0,,1.0,5.0,529154.0
IMV-13371,Águas Lindas de Goiás,Casa,,4.0,,3.0,5.0,1224585.0
IMV-13372,Taguatinga,Casa,316.0,5.0,7.0,2.0,22.0,1407819.0
IMV-13373,Alvorada do Norte,Casa,139.0,5.0,7.0,3.0,9.0,183141.0
IMV-13374,Ponte Alta,Casa,369.0,5.0,6.0,3.0,7.0,954695.0
IMV-13375,26 de Setembro,Casa,543.0,3.0,4.0,2.0,10.0,1186214.0
IMV-13376,Jardim Botânico,Casa,284.0,4.0,5.0,3.0,11.0,1861217.0
IMV-13377,SCIA / Estrutural,,,4.0,4.0,4.0,8.0,1377086.0
IMV-13378,Brazlândia,Casa,588.0,3.0,4.0,2.0,16.0,1521568.0
IMV-13379,Padre Bernardo,Casa,459.0,4.0,6.0,3.0,,663418.0
IMV-13380,Paranoá,Casa,570.0,3.0,,3.0,1.0,1695929.0
IMV-13381,Lago Norte,Casa,505.0,,6.0,4.0,19.0,4641202.0
IMV-13382,Alexânia,Casa,284.0,4.0,5.0,4.0,11.0,662405.0
IMV-13383,Barro Alto,Casa,152.0,4.0,4.0,2.0,8.0,270241.0
IMV-13384,,Casa,329.0,5.0,5.0,4.0,24.0,573044.0
IMV-13385,Vicente Pires,Casa,525.0,,4.0,3.0,40.0,1698844.0
IMV-13386,Sol Nascente / Pôr do Sol,Apartamento,128.0,1.0,1.0,1.0,34.0,205781.0
IMV-13387,Goianésia,Casa,147.0,3.0,4.0,4.0,37.0,299724.0
IMV-13388,Gama,Apartamento,44.0,3.0,,0.0,35.0,134368.0
IMV-13389,Flores de Goiás,Casa,263.0,3.0,,3.0,8.0,443110.0
IMV-13390,Ponte Alta,Casa,236.0,3.0,5.0,4.0,13.0,593855.0
IMV-13391,Noroeste,Apartamento,106.0,4.0,4.0,2.0,23.0,1196740.0
IMV-13392,Niquelândia,Casa,125.0,4.0,4.0,2.0,37.0,168146.0
IMV-13393,Vila Boa,Casa,408.0,4.0,6.0,3.0,27.0,393695.0
IMV-13394,São Sebastião,Casa,530.0,5.0,,3.0,40.0,1424261.0
IMV-13395,Gama,Casa,375.0,4.0,6.0,3.0,29.0,1069773.0
IMV-13396,Recanto das Emas,Casa,235.0,3.0,3.0,,,558148.0
IMV-13397,Samambaia,Apartamento,175.0,3.0,3.0,1.0,18.0,656940.0
IMV-13398,Itapoã,Apartamento,52.0,1.0,1.0,1.0,0.0,172257.0
IMV-13399,Guará,Casa,532.0,4.0,4.0,3.0,25.0,3149533.0
IMV-13400,Abadiânia,Casa,196.0,,3.0,3.0,2.0,382033.0
IMV-13401,Lago Sul,Casa,225.0,3.0,4.0,,2.0,2356143.0
IMV-13402,Sobradinho II,Casa,135.0,4.0,4.0,3.0,20.0,441645.0
IMV-13403,Guará,,58.0,2.0,,0.0,27.0,285911.0
IMV-13404,Padre Bernardo,Casa,,3.0,3.0,4.0,28.0,626458.0
IMV-13405,Cruzeiro,Apartamento,72.0,3.0,2.0,,12.0,498247.0
IMV-13406,Cabeceira Grande,Casa,163.0,5.0,7.0,,27.0,189764.0
IMV-13407,Cabeceira Grande,Casa,391.0,5.0,5.0,2.0,33.0,456478.0
IMV-13408,Vicente Pires,Casa,405.0,5.0,7.0,2.0,,1519541.0
IMV-13409,Fercal,Casa,496.0,3.0,,4.0,31.0,824460.0
IMV-13410,Simolândia,Casa,523.0,4.0,4.0,3.0,5.0,696945.0
IMV-13411,Guará,Casa,180.0,4.0,6.0,2.0,,1200509.0
IMV-13412,Ceilândia,Apartamento,55.0,1.0,1.0,0.0,10.0,188106.0
IMV-13413,Brazlândia,Casa,,3.0,4.0,4.0,15.0,1377068.0
IMV-13414,Fercal,Casa,315.0,5.0,7.0,2.0,34.0,553933.0
IMV-13415,26 de Setembro,Casa,495.0,4.0,6.0,4.0,28.0,958842.0
IMV-13416,Alexânia,Casa,322.0,3.0,5.0,3.0,19.0,775447.0
IMV-13417,Planaltina (GO),Casa,192.0,5.0,6.0,4.0,5.0,440584.0
IMV-13418,Varjão,Apartamento,176.0,1.0,1.0,2.0,6.0,638265.0
IMV-13419,Gama,Casa,165.0,3.0,3.0,2.0,23.0,474002.0
IMV-13420,Vila Propício,Casa,382.0,4.0,6.0,2.0,32.0,471783.0
IMV-13421,Sobradinho,Casa,378.0,3.0,5.0,3.0,30.0,1106471.0
IMV-13422,Sobradinho,Casa,216.0,3.0,,4.0,40.0,590029.0
IMV-13423,Água Fria de Goiás,Casa,325.0,5.0,6.0,3.0,40.0,360721.0
IMV-13424,Cristalina,Casa,342.0,5.0,7.0,2.0,21.0,947010.0
IMV-13425,Água Quente,,244.0,5.0,6.0,3.0,28.0,387606.0
IMV-13426,Jardim Botânico,Casa,162.0,3.0,5.0,2.0,29.0,737156.0
IMV-13427,SIA,Apartamento,66.0,,3.0,0.0,20.0,306985.0
IMV-13428,Ponte Alta,Casa,478.0,4.0,6.0,3.0,,1480988.0
IMV-13429,SCIA / Estrutural,Apartamento,65.0,2.0,2.0,1.0,16.0,
IMV-13430,Sudoeste / Octogonal,Apartamento,41.0,2.0,1.0,0.0,,361575.0
IMV-13431,Riacho Fundo,Casa,246.0,3.0,5.0,3.0,10.0,791108.0
IMV-13432,São Sebastião,Casa,371.0,5.0,5.0,4.0,33.0,951944.0
IMV-13433,Paranoá,Casa,525.0,4.0,5.0,,38.0,1364238.0
IMV-13434,Água Fria de Goiás,Casa,356.0,4.0,5.0,4.0,0.0,661751.0
IMV-13435,Água Fria de Goiás,Casa,377.0,3.0,5.0,3.0,25.0,495775.0
IMV-13436,Noroeste,Apartamento,111.0,3.0,1.0,2.0,23.0,1129139.0
IMV-13437,Recanto das Emas,Apartamento,81.0,3.0,2.0,1.0,2.0,282484.0
IMV-13438,Recanto das Emas,Apartamento,72.0,2.0,2.0,2.0,15.0,187956.0
IMV-13439,Padre Bernardo,Casa,421.0,4.0,4.0,,,698098.0
IMV-13440,São João d’Aliança,Casa,371.0,5.0,7.0,2.0,34.0,544741.0
IMV-13441,Park Way,Casa,363.0,3.0,5.0,2.0,1.0,2932547.0
IMV-13442,Planaltina,Apartamento,178.0,3.0,3.0,1.0,35.0,444592.0
IMV-13443,Águas Lindas de Goiás,Apartamento,123.0,3.0,3.0,1.0,2.0,354710.0
IMV-13444,Riacho Fundo,Casa,134.0,4.0,5.0,3.0,7.0,503111.0
IMV-13445,Flores de Goiás,Casa,349.0,4.0,4.0,3.0,22.0,476269.0
IMV-13446,Arapoangas,Casa,280.0,5.0,6.0,3.0,24.0,631277.0
IMV-13447,Águas Claras,Apartamento,90.0,4.0,2.0,1.0,31.0,548408.0
IMV-13448,Águas Claras,Apartamento,62.0,3.0,2.0,0.0,33.0,347647.0
IMV-13449,Águas Lindas de Goiás,Casa,277.0,4.0,6.0,,,572460.0
IMV-13450,Simolândia,Casa,,3.0,5.0,2.0,24.0,568956.0
IMV-13451,Núcleo Bandeirante,Apartamento,155.0,2.0,2.0,1.0,31.0,582593.0
IMV-13452,Cavalcante,Casa,524.0,5.0,5.0,2.0,23.0,1022432.0
IMV-13453,Luziânia,Casa,449.0,4.0,5.0,2.0,10.0,1236863.0
IMV-13454,Lago Sul,Casa,247.0,5.0,7.0,4.0,1.0,2937560.0
IMV-13455,Ceilândia,Casa,351.0,,4.0,4.0,,874516.0
IMV-13456,Flores de Goiás,Casa,525.0,5.0,7.0,3.0,22.0,750134.0
IMV-13457,Santa Maria,Casa,405.0,4.0,6.0,3.0,,1110812.0
IMV-13458,,Casa,415.0,3.0,4.0,3.0,35.0,757232.0
IMV-13459,Itapoã,Casa,271.0,4.0,4.0,4.0,32.0,528837.0
IMV-13460,Goianésia,Casa,543.0,5.0,6.0,2.0,9.0,1363437.0
IMV-13461,Formosa,Casa,138.0,4.0,5.0,3.0,35.0,282182.0
IMV-13462,Padre Bernardo,Casa,183.0,3.0,5.0,,23.0,289449.0
IMV-13463,Sobradinho,Casa,222.0,5.0,7.0,3.0,20.0,885514.0
IMV-13464,Alexânia,Casa,192.0,5.0,7.0,2.0,35.0,369426.0
IMV-13465,São Sebastião,Casa,,4.0,5.0,4.0,6.0,1790328.0
IMV-13466,Goianésia,Casa,507.0,5.0,5.0,3.0,9.0,1356783.0
IMV-13467,Santa Maria,Apartamento,57.0,3.0,3.0,0.0,6.0,166127.0
IMV-13468,Asa Sul,Apartamento,92.0,1.0,1.0,1.0,18.0,724949.0
IMV-13469,26 de Setembro,Casa,449.0,5.0,5.0,2.0,15.0,992335.0
IMV-13470,Itapoã,Apartamento,88.0,4.0,1.0,2.0,5.0,229242.0
IMV-13471,Santo Antônio do Descoberto,Casa,394.0,4.0,4.0,3.0,7.0,765814.0
IMV-13472,Taguatinga,Casa,,3.0,3.0,3.0,20.0,693186.0
IMV-13473,Lago Norte,Casa,437.0,5.0,6.0,3.0,9.0,3775998.0
IMV-13474,Jardim Botânico,Casa,487.0,4.0,5.0,3.0,21.0,2346064.0
IMV-13475,Cavalcante,Casa,486.0,3.0,4.0,3.0,5.0,1054680.0
IMV-13476,Planaltina,Apartamento,48.0,4.0,3.0,1.0,18.0,135391.0
IMV-13477,Vicente Pires,Casa,443.0,5.0,6.0,2.0,26.0,1380218.0
IMV-13478,Sol Nascente / Pôr do Sol,Casa,124.0,4.0,4.0,3.0,31.0,208994.0
IMV-13479,Cabeceira Grande,Casa,520.0,4.0,4.0,2.0,14.0,776121.0
IMV-13480,Simolândia,Casa,282.0,5.0,5.0,4.0,40.0,293482.0
IMV-13481,Cabeceira Grande,Casa,423.0,5.0,6.0,3.0,30.0,430567.0
IMV-13482,Mimoso de Goiás,Casa,295.0,4.0,5.0,3.0,13.0,333095.0
IMV-13483,Flores de Goiás,Casa,,4.0,5.0,3.0,38.0,428772.0
IMV-13484,Sol Nascente / Pôr do Sol,Casa,474.0,5.0,5.0,4.0,25.0,872923.0
IMV-13485,Ceilândia,Casa,303.0,4.0,5.0,4.0,9.0,994487.0
IMV-13486,Água Quente,Casa,163.0,4.0,4.0,4.0,19.0,244850.0
IMV-13487,,Apartamento,,1.0,,0.0,22.0,126957.0
IMV-13488,Luziânia,Casa,510.0,4.0,5.0,,28.0,980361.0
IMV-13489,Sobradinho,Casa,343.0,,6.0,4.0,22.0,1260878.0
IMV-13490,Planaltina (GO),Casa,486.0,4.0,6.0,,22.0,793525.0
IMV-13491,Taguatinga,Casa,452.0,4.0,,2.0,19.0,2182365.0
IMV-13492,Simolândia,Casa,436.0,4.0,6.0,2.0,24.0,595938.0
IMV-13493,26 de Setembro,Casa,202.0,4.0,6.0,2.0,39.0,327661.0
IMV-13494,Núcleo Bandeirante,Apartamento,157.0,4.0,2.0,1.0,3.0,659413.0
IMV-13495,Planaltina,Casa,467.0,5.0,5.0,4.0,35.0,1086134.0
IMV-13496,Vila Boa,Casa,,3.0,3.0,2.0,28.0,147029.0
IMV-13497,São João d’Aliança,Casa,278.0,5.0,5.0,3.0,39.0,466024.0
IMV-13498,Padre Bernardo,Casa,233.0,5.0,6.0,2.0,16.0,434897.0
IMV-13499,Taguatinga,Apartamento,65.0,3.0,3.0,1.0,6.0,336781.0
IMV-13500,Cabeceira Grande,Casa,185.0,3.0,4.0,2.0,24.0,250693.0
IMV-13501,Cidade Ocidental,Casa,356.0,5.0,5.0,3.0,18.0,706401.0
IMV-13502,Taguatinga,Casa,571.0,3.0,3.0,2.0,0.0,3031194.0
IMV-13503,Cabeceira Grande,Casa,272.0,5.0,7.0,3.0,3.0,412086.0
IMV-13504,Águas Lindas de Goiás,Apartamento,93.0,4.0,2.0,1.0,6.0,202178.0
IMV-13505,SIA,Apartamento,46.0,3.0,1.0,0.0,32.0,197863.0
IMV-13506,Goianésia,Casa,554.0,3.0,3.0,2.0,37.0,873456.0
IMV-13507,Núcleo Bandeirante,Casa,432.0,4.0,5.0,3.0,2.0,2193444.0
IMV-13508,Simolândia,Casa,560.0,4.0,5.0,3.0,30.0,606123.0
IMV-13509,São João d’Aliança,Casa,471.0,3.0,4.0,3.0,25.0,774868.0
IMV-13510,Sudoeste / Octogonal,Apartamento,176.0,2.0,2.0,1.0,33.0,1388704.0
IMV-13511,Cabeceiras,Casa,440.0,4.0,5.0,,,473995.0
IMV-13512,Varjão,Apartamento,84.0,3.0,2.0,2.0,25.0,225915.0
IMV-13513,Barro Alto,Casa,430.0,5.0,6.0,3.0,20.0,
IMV-13514,Vila Propício,Casa,273.0,3.0,5.0,3.0,10.0,420961.0
IMV-13515,Vicente Pires,Casa,516.0,4.0,6.0,4.0,17.0,1948934.0
IMV-13516,Núcleo Bandeirante,Apartamento,75.0,,1.0,,34.0,225527.0
IMV-13517,Sol Nascente / Pôr do Sol,Casa,577.0,3.0,4.0,2.0,28.0,1004098.0
IMV-13518,Arapoangas,Casa,228.0,4.0,5.0,3.0,37.0,395001.0
IMV-13519,,Casa,216.0,5.0,6.0,3.0,40.0,649965.0
IMV-13520,Jardim Botânico,Casa,514.0,5.0,5.0,2.0,15.0,3169455.0
IMV-13521,Planaltina (GO),Casa,191.0,5.0,6.0,2.0,33.0,362320.0
IMV-13522,Niquelândia,Casa,373.0,4.0,5.0,4.0,31.0,564005.0
IMV-13523,São Sebastião,Apartamento,83.0,2.0,2.0,,26.0,221056.0
IMV-13524,Padre Bernardo,Casa,437.0,3.0,4.0,3.0,23.0,849239.0
IMV-13525,Asa Sul,Apartamento,177.0,1.0,1.0,2.0,19.0,1740871.0
IMV-13526,Sobradinho,Casa,196.0,4.0,6.0,3.0,16.0,665690.0
IMV-13527,Sol Nascente / Pôr do Sol,Casa,439.0,3.0,5.0,3.0,2.0,1109002.0
IMV-13528,Novo Gama,Casa,372.0,5.0,6.0,2.0,25.0,637055.0
IMV-13529,Arapoangas,Casa,135.0,4.0,4.0,3.0,,319849.0
IMV-13530,Núcleo Bandeirante,Apartamento,139.0,3.0,1.0,2.0,38.0,476999.0
IMV-13531,Cabeceiras,,145.0,3.0,4.0,3.0,18.0,244110.0
IMV-13532,Barro Alto,Casa,501.0,3.0,5.0,,30.0,575938.0
IMV-13533,Cabeceira Grande,Casa,562.0,3.0,5.0,4.0,26.0,619191.0
IMV-13534,Noroeste,Apartamento,120.0,3.0,3.0,1.0,1.0,1602802.0
IMV-13535,Jardim Botânico,Casa,228.0,3.0,4.0,3.0,40.0,1067881.0
IMV-13536,São Sebastião,Casa,331.0,5.0,6.0,3.0,39.0,715429.0
IMV-13537,Simolândia,Casa,448.0,5.0,,4.0,18.0,609186.0
IMV-13538,São Sebastião,Casa,517.0,3.0,,3.0,28.0,
IMV-13539,Arapoangas,,312.0,,5.0,2.0,19.0,776374.0
IMV-13540,Lago Norte,,418.0,4.0,4.0,4.0,9.0,3562977.0
IMV-13541,Paranoá,Casa,153.0,4.0,4.0,2.0,6.0,455479.0
IMV-13542,Cavalcante,Casa,342.0,4.0,5.0,2.0,31.0,548869.0
IMV-13543,Santa Maria,Casa,,3.0,3.0,4.0,16.0,660219.0
IMV-13544,Arniqueira,Casa,247.0,5.0,7.0,4.0,,997804.0
IMV-13545,,Casa,402.0,5.0,5.0,3.0,37.0,494652.0
IMV-13546,Mimoso de Goiás,Casa,151.0,4.0,5.0,4.0,11.0,230324.0
IMV-13547,,Casa,405.0,4.0,4.0,2.0,14.0,
IMV-13548,,Casa,350.0,3.0,4.0,3.0,40.0,714006.0
IMV-13549,Cavalcante,,544.0,4.0,5.0,2.0,35.0,951854.0
IMV-13550,Ponte Alta,Casa,351.0,5.0,6.0,3.0,39.0,735207.0
IMV-13551,Cabeceira Grande,Casa,324.0,3.0,3.0,3.0,,367307.0
IMV-13552,Simolândia,Casa,199.0,4.0,6.0,4.0,4.0,300593.0
IMV-13553,Mimoso de Goiás,Casa,482.0,5.0,7.0,3.0,24.0,515655.0
IMV-13554,Candangolândia,Casa,265.0,5.0,,3.0,22.0,859363.0
IMV-13555,,Casa,171.0,5.0,6.0,4.0,31.0,269274.0
IMV-13556,Santa Maria,Apartamento,95.0,4.0,1.0,2.0,30.0,212592.0
IMV-13557,,Casa,396.0,3.0,5.0,,16.0,808895.0
IMV-13558,Água Quente,,250.0,3.0,5.0,2.0,8.0,541137.0
IMV-13559,Santa Maria,Apartamento,135.0,,,2.0,19.0,366351.0
IMV-13560,Cavalcante,Casa,541.0,4.0,6.0,,36.0,870980.0
IMV-13561,26 de Setembro,Casa,291.0,4.0,6.0,2.0,,709595.0
IMV-13562,Niquelândia,,533.0,4.0,4.0,2.0,9.0,990691.0
IMV-13563,Pirenópolis,Casa,379.0,3.0,4.0,2.0,15.0,1294837.0
IMV-13564,Gama,Apartamento,47.0,2.0,,1.0,15.0,179941.0
IMV-13565,Alvorada do Norte,,392.0,5.0,5.0,3.0,29.0,501543.0
IMV-13566,Gama,Apartamento,63.0,3.0,1.0,1.0,13.0,232331.0
IMV-13567,Mimoso de Goiás,Casa,261.0,3.0,3.0,4.0,4.0,424223.0
IMV-13568,Barro Alto,Casa,,3.0,4.0,4.0,26.0,668053.0
IMV-13569,Sol Nascente / Pôr do Sol,Casa,516.0,4.0,4.0,4.0,6.0,1196483.0
IMV-13570,Núcleo Bandeirante,Apartamento,113.0,1.0,1.0,1.0,22.0,431406.0
IMV-13571,Lago Sul,Casa,,3.0,3.0,2.0,4.0,2559587.0
IMV-13572,São João d’Aliança,Casa,436.0,4.0,6.0,,30.0,
IMV-13573,Fercal,Casa,467.0,5.0,7.0,4.0,34.0,682647.0
IMV-13574,Arapoangas,Casa,193.0,4.0,6.0,3.0,0.0,582149.0
IMV-13575,Asa Sul,Apartamento,44.0,1.0,1.0,1.0,38.0,330473.0
IMV-13576,Cruzeiro,Apartamento,137.0,2.0,1.0,1.0,19.0,720088.0
IMV-13577,Alexânia,Casa,169.0,4.0,4.0,2.0,32.0,312102.0
IMV-13578,Vila Propício,Casa,485.0,5.0,,,5.0,666656.0
IMV-13579,Candangolândia,Apartamento,115.0,4.0,4.0,1.0,6.0,459603.0
IMV-13580,Riacho Fundo II,,53.0,3.0,2.0,1.0,5.0,169553.0
IMV-13581,Varjão,Apartamento,143.0,2.0,2.0,2.0,,367370.0
IMV-13582,Sobradinho,Casa,557.0,5.0,6.0,2.0,10.0,2183372.0
IMV-13583,26 de Setembro,Casa,232.0,5.0,7.0,,24.0,474570.0
IMV-13584,Vila Propício,Casa,510.0,3.0,3.0,3.0,27.0,638725.0
IMV-13585,Pirenópolis,Casa,576.0,3.0,3.0,4.0,9.0,2144002.0
IMV-13586,Cabeceiras,Casa,578.0,4.0,6.0,3.0,16.0,783206.0
IMV-13587,Noroeste,Apartamento,124.0,1.0,1.0,2.0,20.0,1300541.0
IMV-13588,Valparaíso de Goiás,Apartamento,54.0,2.0,1.0,1.0,12.0,170197.0
IMV-13589,Arapoangas,Casa,424.0,5.0,6.0,4.0,33.0,840992.0
IMV-13590,Sobradinho,,261.0,3.0,4.0,3.0,20.0,918744.0
IMV-13591,Santo Antônio do Descoberto,Casa,220.0,3.0,4.0,2.0,21.0,417020.0
IMV-13592,Núcleo Bandeirante,Casa,325.0,4.0,6.0,3.0,6.0,1696123.0
IMV-13593,Guará,Apartamento,67.0,1.0,1.0,1.0,16.0,442949.0
IMV-13594,Planaltina,Apartamento,147.0,4.0,4.0,1.0,24.0,359257.0
IMV-13595,Noroeste,Apartamento,135.0,2.0,2.0,2.0,37.0,1103100.0
IMV-13596,Varjão,Casa,541.0,4.0,6.0,2.0,23.0,1411030.0
IMV-13597,Varjão,Casa,152.0,4.0,5.0,4.0,,448906.0
IMV-13598,Sol Nascente / Pôr do Sol,Apartamento,115.0,1.0,1.0,2.0,25.0,230454.0
IMV-13599,Niquelândia,Casa,310.0,4.0,6.0,4.0,22.0,405600.0
IMV-13600,Cocalzinho de Goiás,Casa,551.0,5.0,6.0,4.0,0.0,1310958.0
IMV-13601,Cavalcante,Casa,478.0,3.0,5.0,4.0,21.0,
IMV-13602,Taguatinga,Casa,485.0,5.0,5.0,3.0,,2280215.0
IMV-13603,26 de Setembro,Casa,232.0,5.0,5.0,3.0,23.0,505438.0
IMV-13604,Candangolândia,Apartamento,102.0,3.0,1.0,2.0,19.0,345803.0
IMV-13605,Planaltina (GO),Casa,249.0,3.0,3.0,2.0,20.0,414619.0
IMV-13606,,Casa,255.0,5.0,6.0,4.0,40.0,355502.0
IMV-13607,Cocalzinho de Goiás,Casa,523.0,4.0,6.0,4.0,4.0,1150943.0
IMV-13608,,Casa,332.0,4.0,4.0,2.0,34.0,768826.0
IMV-13609,Cavalcante,Casa,241.0,4.0,4.0,,15.0,495834.0
IMV-13610,Vicente Pires,Casa,570.0,3.0,3.0,4.0,5.0,2335620.0
IMV-13611,Cristalina,Casa,517.0,3.0,3.0,4.0,32.0,1010266.0
IMV-13612,,Casa,322.0,5.0,5.0,3.0,16.0,1363993.0
IMV-13613,,Casa,287.0,4.0,5.0,2.0,9.0,1165438.0
IMV-13614,Planaltina (GO),Casa,479.0,3.0,4.0,3.0,11.0,
IMV-13615,Abadiânia,Casa,214.0,3.0,4.0,3.0,27.0,378594.0
IMV-13616,Lago Norte,Casa,234.0,,5.0,4.0,22.0,2163083.0
IMV-13617,Riacho Fundo,Casa,166.0,,3.0,2.0,26.0,448615.0
IMV-13618,Água Quente,Casa,460.0,3.0,4.0,2.0,8.0,950860.0
IMV-13619,Cocalzinho de Goiás,Casa,329.0,4.0,5.0,2.0,21.0,689126.0
IMV-13620,Alexânia,,431.0,5.0,5.0,4.0,39.0,776882.0
IMV-13621,Flores de Goiás,Casa,261.0,,6.0,2.0,11.0,325311.0
IMV-13622,Vicente Pires,,425.0,,6.0,2.0,12.0,1463655.0
IMV-13623,Goianésia,Casa,303.0,5.0,7.0,3.0,13.0,697337.0
IMV-13624,Noroeste,Apartamento,99.0,2.0,2.0,,28.0,921656.0
IMV-13625,Sobradinho II,Casa,192.0,3.0,3.0,3.0,14.0,620688.0
IMV-13626,Asa Sul,Apartamento,118.0,3.0,1.0,1.0,,945036.0
IMV-13627,,Casa,265.0,3.0,3.0,4.0,37.0,893601.0
IMV-13628,Ceilândia,Casa,591.0,4.0,4.0,4.0,19.0,1972101.0
IMV-13629,Asa Sul,Apartamento,82.0,,2.0,1.0,25.0,775743.0
IMV-13630,Riacho Fundo II,Casa,294.0,5.0,7.0,,27.0,
IMV-13631,Goianésia,Casa,482.0,5.0,7.0,3.0,5.0,1077958.0
IMV-13632,SCIA / Estrutural,Apartamento,79.0,4.0,4.0,2.0,32.0,129539.0
IMV-13633,Goianésia,Casa,498.0,,7.0,2.0,39.0,858566.0
IMV-13634,Água Quente,Casa,248.0,3.0,5.0,2.0,17.0,422968.0
IMV-13635,Cavalcante,Casa,294.0,,5.0,2.0,22.0,455974.0
IMV-13636,Sobradinho II,Casa,406.0,3.0,4.0,3.0,6.0,1574927.0
IMV-13637,Gama,Apartamento,98.0,4.0,1.0,1.0,16.0,374667.0
IMV-13638,São Sebastião,Apartamento,113.0,,4.0,2.0,39.0,257316.0
IMV-13639,Lago Norte,Casa,412.0,3.0,4.0,4.0,24.0,3258428.0
IMV-13640,Luziânia,Casa,,5.0,7.0,,8.0,991976.0
IMV-13641,Noroeste,Apartamento,44.0,3.0,2.0,0.0,28.0,436458.0
IMV-13642,Luziânia,Casa,237.0,4.0,5.0,4.0,14.0,543826.0
IMV-13643,Cristalina,,160.0,5.0,7.0,4.0,36.0,368047.0
IMV-13644,Sobradinho II,Casa,256.0,4.0,5.0,2.0,29.0,785830.0
IMV-13645,Taguatinga,Casa,366.0,3.0,5.0,,27.0,1356788.0
IMV-13646,Vila Boa,Casa,423.0,5.0,5.0,2.0,,494019.0
IMV-13647,Recanto das Emas,Casa,193.0,4.0,4.0,2.0,27.0,446376.0
IMV-13648,Água Fria de Goiás,Casa,574.0,4.0,6.0,2.0,27.0,800590.0
IMV-13649,Ceilândia,Casa,467.0,4.0,5.0,2.0,32.0,1344946.0
IMV-13650,,Casa,505.0,5.0,5.0,2.0,21.0,1629638.0
IMV-13651,Jardim Botânico,Casa,584.0,5.0,5.0,4.0,17.0,3313701.0
IMV-13652,Riacho Fundo II,Casa,543.0,4.0,6.0,2.0,21.0,1358912.0
IMV-13653,São João d’Aliança,Casa,460.0,5.0,7.0,4.0,3.0,1075221.0
IMV-13654,Brazlândia,Casa,309.0,5.0,5.0,4.0,18.0,772612.0
IMV-13655,Padre Bernardo,Casa,155.0,3.0,4.0,3.0,4.0,361565.0
IMV-13656,SCIA / Estrutural,Apartamento,111.0,2.0,2.0,2.0,,222336.0
IMV-13657,Cruzeiro,Apartamento,46.0,3.0,1.0,0.0,35.0,270989.0
IMV-13658,Asa Sul,Apartamento,175.0,3.0,2.0,2.0,24.0,1684710.0
IMV-13659,Fercal,Casa,137.0,4.0,5.0,3.0,30.0,210252.0
IMV-13660,Abadiânia,Casa,167.0,4.0,6.0,2.0,,312278.0
IMV-13661,Santo Antônio do Descoberto,Casa,398.0,5.0,5.0,3.0,18.0,717244.0
IMV-13662,Alto Paraíso de Goiás,Casa,260.0,5.0,,2.0,22.0,975890.0
IMV-13663,Vicente Pires,Casa,374.0,4.0,4.0,2.0,38.0,1054584.0
IMV-13664,Águas Claras,,70.0,3.0,1.0,0.0,38.0,394196.0
IMV-13665,Pirenópolis,Casa,465.0,5.0,6.0,3.0,12.0,1938933.0
IMV-13666,Riacho Fundo,Apartamento,125.0,4.0,2.0,1.0,11.0,452207.0
IMV-13667,SIA,Apartamento,103.0,3.0,3.0,2.0,34.0,
IMV-13668,Varjão,Casa,312.0,5.0,5.0,3.0,20.0,754443.0
IMV-13669,Noroeste,Apartamento,98.0,3.0,1.0,2.0,27.0,1057315.0
IMV-13670,Alvorada do Norte,Casa,590.0,5.0,5.0,3.0,39.0,650371.0
IMV-13671,Sobradinho,Casa,471.0,5.0,7.0,4.0,37.0,1683509.0
IMV-13672,Santo Antônio do Descoberto,Casa,298.0,4.0,6.0,2.0,12.0,685336.0
IMV-13673,Abadiânia,Casa,566.0,5.0,6.0,3.0,1.0,1397773.0
IMV-13674,Pirenópolis,Casa,190.0,4.0,5.0,3.0,32.0,670495.0
IMV-13675,Park Way,Casa,138.0,3.0,3.0,3.0,9.0,1178070.0
IMV-13676,Cocalzinho de Goiás,Casa,,5.0,5.0,4.0,33.0,403664.0
IMV-13677,Arniqueira,Casa,527.0,3.0,3.0,4.0,11.0,2487625.0
IMV-13678,Ceilândia,Casa,540.0,5.0,7.0,2.0,11.0,1767991.0
IMV-13679,,Casa,346.0,5.0,5.0,3.0,13.0,779453.0
IMV-13680,Cabeceira Grande,Casa,,3.0,3.0,2.0,38.0,472226.0
IMV-13681,Goianésia,Casa,504.0,3.0,5.0,4.0,36.0,839315.0
IMV-13682,Paranoá,Casa,576.0,5.0,,4.0,11.0,1708228.0
IMV-13683,Ceilândia,Apartamento,78.0,4.0,4.0,2.0,5.0,298112.0
IMV-13684,Cristalina,Casa,345.0,3.0,3.0,2.0,12.0,848971.0
IMV-13685,Barro Alto,Casa,381.0,3.0,4.0,4.0,7.0,634391.0
IMV-13686,Paranoá,Apartamento,159.0,2.0,2.0,,38.0,326649.0
IMV-13687,Vicente Pires,Casa,263.0,5.0,5.0,2.0,2.0,1079691.0
IMV-13688,São João d’Aliança,Casa,,3.0,4.0,4.0,28.0,242930.0
IMV-13689,Sudoeste / Octogonal,Apartamento,117.0,2.0,1.0,1.0,25.0,969644.0
IMV-13690,Cocalzinho de Goiás,Casa,520.0,5.0,6.0,3.0,30.0,930249.0
IMV-13691,Fercal,Casa,565.0,5.0,,4.0,6.0,1086859.0
IMV-13692,Candangolândia,Casa,130.0,3.0,3.0,2.0,11.0,564638.0
IMV-13693,Planaltina,Casa,126.0,3.0,4.0,2.0,25.0,
IMV-13694,Guará,Casa,344.0,5.0,7.0,2.0,28.0,1619378.0
IMV-13695,Alexânia,Casa,,5.0,6.0,2.0,40.0,323248.0
IMV-13696,Cidade Ocidental,Casa,187.0,5.0,5.0,4.0,31.0,379714.0
IMV-13697,Núcleo Bandeirante,Casa,425.0,4.0,6.0,2.0,25.0,1728400.0
IMV-13698,Padre Bernardo,Casa,575.0,4.0,4.0,4.0,16.0,1216371.0
IMV-13699,Novo Gama,Casa,172.0,3.0,5.0,2.0,38.0,343217.0
IMV-13700,SIA,Apartamento,97.0,3.0,1.0,2.0,27.0,414951.0
IMV-13701,Abadiânia,Casa,210.0,5.0,7.0,3.0,2.0,476271.0
IMV-13702,Lago Sul,Casa,364.0,3.0,4.0,4.0,22.0,3462075.0
IMV-13703,Alto Paraíso de Goiás,Casa,492.0,5.0,6.0,4.0,16.0,1828419.0
IMV-13704,,,328.0,4.0,5.0,3.0,,538308.0
IMV-13705,Arapoangas,Casa,286.0,5.0,5.0,2.0,11.0,751326.0
IMV-13706,Cabeceira Grande,Casa,192.0,3.0,5.0,3.0,25.0,241613.0
IMV-13707,Sol Nascente / Pôr do Sol,Apartamento,136.0,,1.0,2.0,20.0,243323.0
IMV-13708,Valparaíso de Goiás,Apartamento,49.0,2.0,2.0,0.0,3.0,155356.0
IMV-13709,Paranoá,Apartamento,94.0,1.0,1.0,1.0,9.0,313156.0
IMV-13710,Itapoã,Apartamento,167.0,,2.0,2.0,36.0,388904.0
IMV-13711,Mimoso de Goiás,Casa,319.0,3.0,3.0,4.0,36.0,378432.0
IMV-13712,Riacho Fundo,Apartamento,159.0,2.0,2.0,1.0,5.0,586947.0
IMV-13713,Água Fria de Goiás,Casa,251.0,4.0,5.0,4.0,14.0,387280.0
IMV-13714,Planaltina (GO),Casa,211.0,4.0,5.0,4.0,3.0,484923.0
IMV-13715,,Casa,,3.0,4.0,2.0,5.0,1313309.0
IMV-13716,Brazlândia,,297.0,,5.0,3.0,13.0,691536.0
IMV-13717,Cavalcante,Casa,415.0,3.0,3.0,2.0,37.0,705383.0
IMV-13718,Planaltina,Apartamento,98.0,2.0,2.0,1.0,39.0,194408.0
IMV-13719,Arapoangas,Casa,446.0,3.0,4.0,4.0,27.0,951166.0
IMV-13720,Paranoá,Apartamento,175.0,2.0,2.0,2.0,34.0,413973.0
IMV-13721,Planaltina,Apartamento,136.0,2.0,1.0,2.0,,447428.0
IMV-13722,Planaltina,Apartamento,93.0,4.0,2.0,2.0,16.0,217026.0
IMV-13723,Lago Sul,Casa,289.0,5.0,6.0,4.0,30.0,2238060.0
IMV-13724,Brazlândia,Casa,395.0,,5.0,2.0,12.0,1051319.0
IMV-13725,Lago Norte,Casa,270.0,5.0,7.0,2.0,5.0,2629353.0
IMV-13726,Padre Bernardo,Casa,419.0,4.0,,3.0,10.0,876581.0
IMV-13727,Mimoso de Goiás,Casa,336.0,3.0,5.0,3.0,40.0,318445.0
IMV-13728,Sudoeste / Octogonal,Apartamento,64.0,3.0,3.0,0.0,17.0,599187.0
IMV-13729,Cocalzinho de Goiás,,319.0,5.0,7.0,4.0,15.0,718457.0
IMV-13730,26 de Setembro,Casa,549.0,5.0,5.0,4.0,6.0,1462900.0
IMV-13731,Goianésia,Casa,557.0,,6.0,3.0,,1075583.0
IMV-13732,Samambaia,Apartamento,93.0,3.0,2.0,2.0,12.0,341562.0
IMV-13733,Planaltina (GO),Casa,596.0,4.0,4.0,2.0,31.0,1027868.0
IMV-13734,Goianésia,Casa,394.0,5.0,6.0,4.0,19.0,871263.0
IMV-13735,Guará,Casa,576.0,,4.0,4.0,23.0,3639062.0
IMV-13736,Alvorada do Norte,Casa,197.0,5.0,5.0,3.0,24.0,286680.0
IMV-13737,Vila Boa,Casa,365.0,5.0,6.0,3.0,28.0,356721.0
IMV-13738,Pirenópolis,Casa,208.0,4.0,4.0,4.0,25.0,
IMV-13739,SCIA / Estrutural,,210.0,5.0,5.0,4.0,26.0,438756.0
IMV-13740,Lago Norte,Casa,146.0,3.0,4.0,2.0,25.0,1210352.0
IMV-13741,Lago Sul,Casa,304.0,5.0,6.0,4.0,28.0,2300151.0
IMV-13742,São Sebastião,Apartamento,173.0,3.0,3.0,2.0,31.0,388470.0
IMV-13743,Cavalcante,Casa,,4.0,4.0,2.0,24.0,505738.0
IMV-13744,Fercal,Casa,572.0,5.0,,4.0,16.0,1009866.0
IMV-13745,Cidade Ocidental,Casa,,3.0,5.0,4.0,7.0,753638.0
IMV-13746,São Sebastião,Apartamento,180.0,2.0,2.0,2.0,5.0,682394.0
IMV-13747,Riacho Fundo,Apartamento,70.0,2.0,1.0,0.0,23.0,246421.0
IMV-13748,Sol Nascente / Pôr do Sol,Apartamento,,3.0,3.0,2.0,15.0,326755.0
IMV-13749,Cidade Ocidental,Casa,454.0,3.0,4.0,2.0,40.0,936656.0
IMV-13750,,Casa,318.0,4.0,6.0,2.0,,633762.0
IMV-13751,Noroeste,Apartamento,44.0,2.0,2.0,1.0,28.0,392757.0
IMV-13752,Jardim Botânico,Casa,160.0,3.0,3.0,2.0,4.0,861628.0
IMV-13753,Brazlândia,Casa,377.0,3.0,5.0,2.0,32.0,699415.0
IMV-13754,Samambaia,Apartamento,49.0,1.0,1.0,1.0,38.0,136427.0
IMV-13755,Varjão,Casa,432.0,5.0,6.0,2.0,6.0,1570626.0
IMV-13756,Noroeste,Apartamento,149.0,2.0,2.0,1.0,18.0,1842282.0
IMV-13757,Niquelândia,Casa,388.0,5.0,5.0,2.0,0.0,725197.0
IMV-13758,Sudoeste / Octogonal,Apartamento,108.0,2.0,2.0,1.0,25.0,942324.0
IMV-13759,Itapoã,Apartamento,106.0,2.0,2.0,2.0,1.0,296219.0
IMV-13760,Cabeceiras,Casa,538.0,5.0,5.0,4.0,15.0,939140.0
IMV-13761,Recanto das Emas,Casa,397.0,4.0,5.0,3.0,,825364.0
IMV-13762,26 de Setembro,Casa,195.0,4.0,4.0,3.0,15.0,364282.0
IMV-13763,Planaltina,Apartamento,114.0,2.0,2.0,1.0,39.0,223226.0
IMV-13764,Riacho Fundo,Apartamento,121.0,2.0,1.0,2.0,18.0,444498.0
IMV-13765,Sobradinho II,Casa,499.0,4.0,5.0,,19.0,1505633.0
IMV-13766,Itapoã,Casa,600.0,4.0,5.0,4.0,8.0,1862194.0
IMV-13767,Gama,Apartamento,113.0,3.0,,2.0,11.0,404414.0
IMV-13768,Arapoangas,Casa,141.0,5.0,,3.0,35.0,248302.0
IMV-13769,Águas Claras,Apartamento,171.0,2.0,2.0,,9.0,1362911.0
IMV-13770,Cocalzinho de Goiás,Casa,385.0,,6.0,3.0,33.0,700396.0
IMV-13771,Novo Gama,Casa,489.0,4.0,4.0,3.0,28.0,905625.0
IMV-13772,Riacho Fundo,Casa,268.0,5.0,7.0,4.0,0.0,1064220.0
IMV-13773,Candangolândia,Casa,122.0,3.0,4.0,4.0,8.0,535447.0
IMV-13774,Samambaia,,67.0,,3.0,0.0,17.0,
IMV-13775,Alexânia,Casa,312.0,3.0,5.0,3.0,40.0,697607.0
IMV-13776,Ceilândia,Apartamento,133.0,3.0,3.0,2.0,12.0,416402.0
IMV-13777,Mimoso de Goiás,Casa,503.0,4.0,6.0,3.0,5.0,707563.0
IMV-13778,São Sebastião,Casa,284.0,5.0,5.0,4.0,23.0,797404.0
IMV-13779,Sobradinho II,Casa,504.0,4.0,6.0,4.0,0.0,2160663.0
IMV-13780,SCIA / Estrutural,Casa,278.0,4.0,4.0,2.0,34.0,479949.0
IMV-13781,Park Way,Casa,125.0,4.0,4.0,3.0,26.0,857596.0
IMV-13782,Barro Alto,Casa,151.0,3.0,3.0,3.0,10.0,250748.0
IMV-13783,Noroeste,Apartamento,117.0,3.0,2.0,1.0,22.0,1337037.0
IMV-13784,Formosa,Casa,153.0,4.0,5.0,4.0,38.0,352020.0
IMV-13785,Cabeceiras,Casa,583.0,5.0,7.0,3.0,7.0,980566.0
IMV-13786,Vicente Pires,Casa,,5.0,6.0,2.0,30.0,1230825.0
IMV-13787,Água Fria de Goiás,Casa,519.0,3.0,3.0,2.0,40.0,594624.0
IMV-13788,Planaltina,Casa,475.0,3.0,4.0,3.0,8.0,1281393.0
IMV-13789,Candangolândia,Casa,243.0,4.0,5.0,2.0,2.0,1042529.0
IMV-13790,Vila Propício,Casa,576.0,5.0,6.0,2.0,17.0,698012.0
IMV-13791,Sobradinho,Casa,141.0,5.0,,4.0,,509675.0
IMV-13792,Cavalcante,Casa,376.0,4.0,6.0,2.0,11.0,828391.0
IMV-13793,Varjão,Apartamento,111.0,1.0,1.0,2.0,30.0,255784.0
IMV-13794,Sobradinho,Casa,381.0,3.0,,2.0,17.0,1593404.0
IMV-13795,,Casa,467.0,5.0,,2.0,0.0,1994667.0
IMV-13796,Lago Sul,Casa,120.0,5.0,7.0,2.0,18.0,1032715.0
IMV-13797,,Casa,580.0,5.0,5.0,3.0,14.0,785563.0
IMV-13798,Valparaíso de Goiás,Apartamento,63.0,3.0,2.0,,11.0,
IMV-13799,Cocalzinho de Goiás,Casa,213.0,5.0,6.0,2.0,0.0,520452.0
IMV-13800,Asa Norte,Apartamento,125.0,1.0,1.0,1.0,13.0,1128249.0
IMV-13801,Vila Propício,Casa,486.0,4.0,5.0,4.0,1.0,871107.0
IMV-13802,26 de Setembro,Casa,307.0,4.0,4.0,3.0,23.0,558126.0
IMV-13803,Ponte Alta,Casa,599.0,4.0,6.0,3.0,25.0,1387564.0
IMV-13804,Planaltina (GO),Casa,513.0,3.0,4.0,3.0,10.0,1204624.0
IMV-13805,Sol Nascente / Pôr do Sol,Apartamento,78.0,3.0,1.0,1.0,11.0,171174.0
IMV-13806,Asa Sul,Apartamento,110.0,2.0,,2.0,5.0,1078687.0
IMV-13807,Paranoá,,81.0,2.0,2.0,2.0,13.0,210588.0
IMV-13808,Itapoã,Casa,252.0,4.0,4.0,3.0,8.0,723524.0
IMV-13809,Lago Norte,Casa,266.0,4.0,5.0,2.0,5.0,2369732.0
IMV-13810,Cavalcante,Casa,235.0,3.0,5.0,4.0,17.0,493999.0
IMV-13811,Cidade Ocidental,Casa,274.0,3.0,4.0,4.0,34.0,580848.0
IMV-13812,Paranoá,Apartamento,77.0,,2.0,2.0,,156400.0
IMV-13813,,Casa,517.0,4.0,5.0,3.0,23.0,751481.0
IMV-13814,Arniqueira,Casa,464.0,4.0,5.0,,39.0,1536178.0
IMV-13815,Lago Norte,Casa,135.0,5.0,6.0,3.0,14.0,1371729.0
IMV-13816,Recanto das Emas,Apartamento,141.0,1.0,,1.0,19.0,328917.0
IMV-13817,Mimoso de Goiás,Casa,438.0,5.0,5.0,2.0,14.0,575097.0
IMV-13818,Cruzeiro,Apartamento,107.0,3.0,1.0,2.0,33.0,551582.0
IMV-13819,São João d’Aliança,Casa,425.0,5.0,7.0,3.0,33.0,535878.0
IMV-13820,Santa Maria,Casa,420.0,4.0,4.0,3.0,11.0,
IMV-13821,Asa Sul,Apartamento,98.0,2.0,1.0,1.0,22.0,883014.0
IMV-13822,Noroeste,,86.0,1.0,1.0,2.0,25.0,754812.0
IMV-13823,Cavalcante,Casa,336.0,4.0,5.0,3.0,34.0,586123.0
IMV-13824,Niquelândia,Casa,129.0,4.0,4.0,4.0,21.0,194827.0
IMV-13825,Vicente Pires,Casa,133.0,,7.0,3.0,0.0,566060.0
IMV-13826,Barro Alto,Casa,450.0,5.0,7.0,2.0,8.0,821752.0
IMV-13827,São João d’Aliança,Casa,207.0,4.0,6.0,2.0,,352365.0
IMV-13828,Vicente Pires,Casa,330.0,4.0,5.0,2.0,3.0,1588532.0
IMV-13829,Cabeceiras,Casa,129.0,,7.0,3.0,35.0,172434.0
IMV-13830,Águas Claras,Apartamento,113.0,3.0,3.0,1.0,10.0,817379.0
IMV-13831,Fercal,Casa,571.0,4.0,5.0,3.0,14.0,1167576.0
IMV-13832,Goianésia,Casa,424.0,3.0,4.0,4.0,25.0,734729.0
IMV-13833,Alto Paraíso de Goiás,Casa,485.0,3.0,5.0,4.0,21.0,1480319.0
IMV-13834,Cidade Ocidental,,480.0,3.0,4.0,3.0,17.0,1056032.0
IMV-13835,Águas Lindas de Goiás,Apartamento,117.0,3.0,,1.0,6.0,243743.0
IMV-13836,Alexânia,Casa,,4.0,4.0,3.0,22.0,1438372.0
IMV-13837,Águas Lindas de Goiás,Apartamento,90.0,2.0,1.0,2.0,25.0,173998.0
IMV-13838,SIA,Apartamento,46.0,1.0,1.0,0.0,,168145.0
IMV-13839,Sol Nascente / Pôr do Sol,Apartamento,83.0,2.0,1.0,2.0,21.0,145852.0
IMV-13840,Niquelândia,Casa,583.0,3.0,5.0,3.0,38.0,848552.0
IMV-13841,Lago Sul,Casa,227.0,4.0,4.0,3.0,1.0,2336984.0
IMV-13842,Valparaíso de Goiás,Apartamento,70.0,3.0,3.0,0.0,38.0,136552.0
IMV-13843,Arniqueira,Casa,345.0,5.0,6.0,4.0,34.0,1176223.0
IMV-13844,Vicente Pires,Casa,335.0,5.0,5.0,3.0,19.0,1306582.0
IMV-13845,Guará,Casa,276.0,3.0,5.0,4.0,27.0,1541069.0
IMV-13846,Recanto das Emas,Casa,151.0,5.0,5.0,3.0,27.0,
IMV-13847,Padre Bernardo,Casa,558.0,5.0,7.0,4.0,9.0,1210207.0
IMV-13848,SIA,Apartamento,152.0,3.0,1.0,2.0,27.0,678478.0
IMV-13849,,Casa,407.0,5.0,7.0,3.0,36.0,480387.0
IMV-13850,,Casa,,3.0,4.0,,31.0,2128460.0
IMV-13851,Simolândia,Casa,484.0,4.0,5.0,3.0,18.0,603905.0
IMV-13852,Paranoá,Apartamento,145.0,1.0,1.0,2.0,29.0,350917.0
IMV-13853,Cavalcante,Casa,228.0,5.0,5.0,2.0,34.0,390119.0
IMV-13854,Fercal,Casa,253.0,4.0,6.0,2.0,11.0,445489.0
IMV-13855,Guará,Casa,452.0,4.0,4.0,4.0,12.0,3194160.0
IMV-13856,Niquelândia,Casa,334.0,4.0,4.0,2.0,27.0,499831.0
IMV-13857,Flores de Goiás,Casa,462.0,3.0,3.0,2.0,1.0,665359.0
IMV-13858,Jardim Botânico,Casa,331.0,5.0,7.0,2.0,30.0,1657679.0
IMV-13859,Sobradinho,Casa,143.0,3.0,4.0,2.0,4.0,536113.0
IMV-13860,São João d’Aliança,Casa,340.0,5.0,5.0,2.0,37.0,573295.0
IMV-13861,Alexânia,Casa,481.0,4.0,4.0,2.0,11.0,1330726.0
IMV-13862,Cidade Ocidental,Casa,217.0,4.0,6.0,4.0,15.0,552825.0
IMV-13863,Sol Nascente / Pôr do Sol,Apartamento,144.0,1.0,1.0,1.0,26.0,272054.0
IMV-13864,Brazlândia,Casa,473.0,3.0,4.0,2.0,33.0,852665.0
IMV-13865,Mimoso de Goiás,Casa,437.0,4.0,4.0,2.0,33.0,392821.0
IMV-13866,Padre Bernardo,Casa,239.0,4.0,4.0,3.0,11.0,455121.0
IMV-13867,Vicente Pires,Casa,129.0,5.0,5.0,2.0,13.0,535450.0
IMV-13868,Asa Norte,Apartamento,155.0,1.0,1.0,2.0,33.0,1092721.0
IMV-13869,Alto Paraíso de Goiás,Casa,386.0,4.0,5.0,2.0,,1054125.0
IMV-13870,São Sebastião,Apartamento,46.0,3.0,1.0,0.0,6.0,160142.0
IMV-13871,Jardim Botânico,Casa,,3.0,3.0,4.0,3.0,1160115.0
IMV-13872,Núcleo Bandeirante,Apartamento,108.0,1.0,1.0,1.0,31.0,338284.0
IMV-13873,São Sebastião,Apartamento,123.0,1.0,1.0,2.0,28.0,302882.0
IMV-13874,Cidade Ocidental,Casa,344.0,3.0,5.0,2.0,38.0,
IMV-13875,Asa Sul,Apartamento,146.0,2.0,1.0,1.0,22.0,1303542.0
IMV-13876,Brazlândia,Casa,562.0,5.0,6.0,4.0,25.0,1424767.0
IMV-13877,Recanto das Emas,Apartamento,114.0,1.0,1.0,1.0,9.0,310460.0
IMV-13878,Alvorada do Norte,Casa,515.0,5.0,5.0,3.0,15.0,659323.0
IMV-13879,Valparaíso de Goiás,Apartamento,75.0,2.0,1.0,2.0,4.0,207807.0
IMV-13880,Sobradinho II,Casa,176.0,3.0,5.0,4.0,10.0,582946.0
IMV-13881,Brazlândia,,510.0,4.0,6.0,3.0,28.0,988816.0
IMV-13882,Santa Maria,Casa,136.0,,7.0,4.0,,348467.0
IMV-13883,,Casa,357.0,3.0,4.0,2.0,12.0,853208.0
IMV-13884,SCIA / Estrutural,Casa,165.0,5.0,7.0,2.0,24.0,322190.0
IMV-13885,Arniqueira,Casa,379.0,4.0,4.0,2.0,19.0,1522837.0
IMV-13886,Vila Propício,Casa,,3.0,4.0,4.0,2.0,463790.0
IMV-13887,Alvorada do Norte,Casa,333.0,,5.0,4.0,18.0,440710.0
IMV-13888,Riacho Fundo,Apartamento,90.0,1.0,1.0,1.0,5.0,311628.0
IMV-13889,Niquelândia,Casa,344.0,3.0,3.0,4.0,24.0,497428.0
IMV-13890,Ceilândia,Apartamento,141.0,4.0,2.0,1.0,7.0,537706.0
IMV-13891,Sobradinho II,Casa,297.0,3.0,3.0,4.0,37.0,881862.0
IMV-13892,Planaltina (GO),Casa,512.0,4.0,4.0,4.0,,1020176.0
IMV-13893,São Sebastião,Casa,264.0,5.0,5.0,4.0,,645612.0
IMV-13894,SIA,Apartamento,130.0,2.0,1.0,1.0,18.0,596542.0
IMV-13895,Água Quente,,507.0,4.0,,2.0,12.0,1021087.0
IMV-13896,,Casa,589.0,4.0,,2.0,31.0,2877022.0
IMV-13897,Vicente Pires,Casa,295.0,4.0,4.0,2.0,16.0,1205702.0
IMV-13898,Goianésia,Casa,393.0,3.0,4.0,4.0,21.0,787709.0
IMV-13899,Cocalzinho de Goiás,Casa,442.0,5.0,6.0,3.0,10.0,1069833.0
IMV-13900,Gama,Casa,561.0,5.0,6.0,3.0,37.0,1811373.0
IMV-13901,Planaltina,Casa,286.0,5.0,5.0,2.0,23.0,733661.0
IMV-13902,Alvorada do Norte,Casa,462.0,4.0,4.0,2.0,22.0,666297.0
IMV-13903,Samambaia,Apartamento,56.0,,,0.0,9.0,204624.0
IMV-13904,Brazlândia,Casa,447.0,4.0,5.0,2.0,32.0,833076.0
IMV-13905,26 de Setembro,Casa,312.0,4.0,5.0,3.0,8.0,702843.0
IMV-13906,Riacho Fundo II,Casa,284.0,4.0,5.0,,13.0,944568.0
IMV-13907,Riacho Fundo,Apartamento,44.0,4.0,3.0,1.0,21.0,149778.0
IMV-13908,Cidade Ocidental,Casa,461.0,5.0,6.0,4.0,36.0,933028.0
IMV-13909,,Casa,582.0,5.0,7.0,2.0,24.0,1072043.0
IMV-13910,Simolândia,Casa,556.0,5.0,6.0,2.0,15.0,691595.0
IMV-13911,Arapoangas,Casa,525.0,4.0,5.0,2.0,,846828.0
IMV-13912,Vila Boa,Casa,464.0,,5.0,,33.0,524844.0
IMV-13913,Cabeceira Grande,Casa,590.0,5.0,6.0,3.0,36.0,772924.0
IMV-13914,São Sebastião,Casa,483.0,3.0,4.0,2.0,24.0,1478595.0
IMV-13915,Cristalina,Casa,131.0,3.0,5.0,3.0,24.0,320488.0
IMV-13916,Taguatinga,Apartamento,48.0,3.0,2.0,0.0,,201921.0
IMV-13917,,Casa,530.0,3.0,4.0,4.0,15.0,762974.0
IMV-13918,Flores de Goiás,Casa,166.0,3.0,4.0,2.0,23.0,219694.0
IMV-13919,Abadiânia,Casa,296.0,,5.0,2.0,12.0,673810.0
IMV-13920,Sol Nascente / Pôr do Sol,Apartamento,51.0,2.0,,0.0,3.0,128534.0
IMV-13921,,Casa,596.0,,5.0,3.0,9.0,1004407.0
IMV-13922,Goianésia,Casa,230.0,5.0,6.0,,28.0,417296.0
IMV-13923,SCIA / Estrutural,Apartamento,41.0,4.0,3.0,1.0,0.0,105692.0
IMV-13924,Riacho Fundo,Casa,517.0,3.0,3.0,2.0,,1958097.0
IMV-13925,São João d’Aliança,Casa,574.0,5.0,6.0,2.0,14.0,1039336.0
IMV-13926,,Casa,457.0,4.0,4.0,,17.0,591965.0
IMV-13927,SCIA / Estrutural,Casa,409.0,4.0,6.0,4.0,11.0,968084.0
IMV-13928,Alvorada do Norte,Casa,277.0,5.0,5.0,2.0,7.0,455462.0
IMV-13929,Cabeceiras,Casa,147.0,4.0,5.0,3.0,34.0,179589.0
IMV-13930,Núcleo Bandeirante,Casa,361.0,4.0,5.0,2.0,32.0,1414982.0
IMV-13931,Cruzeiro,Apartamento,161.0,1.0,1.0,2.0,11.0,978586.0
IMV-13932,Itapoã,Apartamento,54.0,2.0,1.0,1.0,21.0,122176.0
IMV-13933,Flores de Goiás,Casa,452.0,5.0,5.0,2.0,3.0,638468.0
IMV-13934,Padre Bernardo,Casa,384.0,4.0,4.0,3.0,19.0,714007.0
IMV-13935,Águas Claras,,79.0,4.0,3.0,,26.0,568251.0
IMV-13936,,Casa,316.0,4.0,6.0,2.0,23.0,360069.0
IMV-13937,Alvorada do Norte,Casa,207.0,,5.0,4.0,10.0,284441.0
IMV-13938,Cabeceiras,Casa,209.0,5.0,7.0,2.0,15.0,366371.0
IMV-13939,Jardim Botânico,Casa,445.0,4.0,6.0,,16.0,2136000.0
IMV-13940,Samambaia,Apartamento,112.0,2.0,1.0,1.0,18.0,426460.0
IMV-13941,Barro Alto,Casa,300.0,3.0,5.0,,3.0,582126.0
IMV-13942,Arniqueira,Casa,481.0,4.0,6.0,4.0,0.0,2594138.0
IMV-13943,Planaltina,Casa,,,6.0,4.0,0.0,335076.0
IMV-13944,Barro Alto,Casa,275.0,4.0,4.0,4.0,1.0,573959.0
IMV-13945,Sobradinho,Casa,333.0,4.0,5.0,,14.0,1280320.0
IMV-13946,Águas Lindas de Goiás,Apartamento,78.0,3.0,1.0,2.0,35.0,147938.0
IMV-13947,Ceilândia,Casa,149.0,,4.0,4.0,30.0,368093.0
IMV-13948,,Apartamento,56.0,3.0,3.0,1.0,12.0,184056.0
IMV-13949,Cavalcante,Casa,184.0,3.0,5.0,4.0,25.0,355874.0
IMV-13950,Sobradinho II,Casa,163.0,4.0,5.0,2.0,38.0,407389.0
IMV-13951,SIA,Apartamento,78.0,3.0,1.0,1.0,1.0,
IMV-13952,Água Fria de Goiás,Casa,383.0,,7.0,3.0,19.0,475253.0
IMV-13953,Águas Claras,Apartamento,123.0,3.0,2.0,1.0,31.0,705187.0
IMV-13954,Cabeceira Grande,Casa,266.0,4.0,5.0,3.0,26.0,
IMV-13955,Arniqueira,Casa,460.0,3.0,3.0,2.0,37.0,1636241.0
IMV-13956,Cruzeiro,Apartamento,142.0,1.0,1.0,2.0,1.0,1115253.0
IMV-13957,Lago Norte,Casa,312.0,5.0,6.0,4.0,19.0,2858159.0
IMV-13958,Águas Claras,Apartamento,60.0,,1.0,0.0,13.0,402313.0
IMV-13959,Jardim Botânico,Casa,366.0,3.0,5.0,3.0,23.0,1798321.0
IMV-13960,Riacho Fundo,Casa,338.0,5.0,5.0,4.0,37.0,999091.0
IMV-13961,Gama,Apartamento,58.0,3.0,3.0,1.0,5.0,230985.0
IMV-13962,Paranoá,Casa,465.0,3.0,5.0,2.0,29.0,1037669.0
IMV-13963,,Casa,,3.0,,2.0,11.0,234401.0
IMV-13964,Águas Lindas de Goiás,Casa,360.0,3.0,3.0,2.0,25.0,620580.0
IMV-13965,Núcleo Bandeirante,Apartamento,104.0,4.0,3.0,1.0,27.0,404917.0
IMV-13966,Paranoá,Apartamento,135.0,3.0,2.0,1.0,35.0,334454.0
IMV-13967,Água Fria de Goiás,Casa,273.0,5.0,5.0,3.0,11.0,462397.0
IMV-13968,Abadiânia,Casa,154.0,3.0,3.0,4.0,10.0,344387.0
IMV-13969,Planaltina (GO),Casa,513.0,5.0,5.0,4.0,29.0,744565.0
IMV-13970,Cabeceiras,Casa,305.0,5.0,5.0,2.0,30.0,350592.0
IMV-13971,Brazlândia,Casa,447.0,4.0,4.0,3.0,21.0,977062.0
IMV-13972,Formosa,,336.0,5.0,5.0,2.0,6.0,1054286.0
IMV-13973,Asa Sul,Apartamento,75.0,3.0,,,8.0,660492.0
IMV-13974,Simolândia,Casa,128.0,5.0,6.0,4.0,19.0,168667.0
IMV-13975,Simolândia,Casa,590.0,3.0,3.0,4.0,31.0,724881.0
IMV-13976,Lago Norte,Casa,,5.0,5.0,4.0,11.0,3137931.0
IMV-13977,Guará,Apartamento,123.0,3.0,3.0,2.0,19.0,763710.0
IMV-13978,Lago Norte,Casa,181.0,5.0,5.0,2.0,27.0,1321524.0
IMV-13979,Vila Propício,Casa,184.0,4.0,5.0,3.0,18.0,227826.0
IMV-13980,Asa Sul,,66.0,2.0,1.0,,3.0,717122.0
IMV-13981,Cristalina,Casa,146.0,5.0,7.0,2.0,,392351.0
IMV-13982,Planaltina (GO),,326.0,4.0,,2.0,19.0,551628.0
IMV-13983,Arapoangas,Casa,242.0,3.0,5.0,4.0,17.0,579020.0
IMV-13984,Águas Claras,Apartamento,130.0,1.0,1.0,2.0,9.0,984083.0
IMV-13985,,Apartamento,130.0,2.0,,1.0,15.0,334888.0
IMV-13986,Cavalcante,Casa,294.0,5.0,6.0,4.0,20.0,
IMV-13987,Paranoá,Apartamento,54.0,2.0,2.0,0.0,33.0,116285.0
IMV-13988,Arapoangas,Casa,291.0,3.0,5.0,3.0,22.0,618856.0
IMV-13989,Paranoá,Apartamento,56.0,1.0,1.0,0.0,27.0,122930.0
IMV-13990,Cabeceiras,Casa,,5.0,5.0,2.0,1.0,796525.0
IMV-13991,Park Way,Casa,522.0,4.0,4.0,2.0,11.0,3811355.0
IMV-13992,Cabeceira Grande,Casa,582.0,5.0,7.0,2.0,6.0,
IMV-13993,Novo Gama,Casa,481.0,4.0,4.0,2.0,37.0,918488.0
IMV-13994,Noroeste,Apartamento,101.0,3.0,2.0,2.0,3.0,1180935.0
IMV-13995,,Apartamento,95.0,1.0,1.0,1.0,24.0,392294.0
IMV-13996,Água Fria de Goiás,Casa,,4.0,4.0,4.0,15.0,900885.0
IMV-13997,Lago Norte,Casa,317.0,3.0,4.0,2.0,40.0,2652187.0
IMV-13998,Águas Lindas de Goiás,Apartamento,125.0,3.0,1.0,2.0,35.0,
IMV-13999,Ponte Alta,Casa,274.0,4.0,5.0,4.0,9.0,670722.0
IMV-14000,Flores de Goiás,,380.0,5.0,5.0,4.0,25.0,506299.0
IMV-14001,Niquelândia,Casa,182.0,3.0,3.0,2.0,29.0,246005.0
IMV-14002,Núcleo Bandeirante,Casa,262.0,3.0,5.0,4.0,,1254697.0
IMV-14003,Sobradinho,Casa,372.0,4.0,5.0,4.0,23.0,1449511.0
IMV-14004,Lago Norte,Casa,146.0,3.0,5.0,4.0,10.0,1199322.0
IMV-14005,Paranoá,Casa,310.0,4.0,,3.0,27.0,736939.0
IMV-14006,Água Quente,Casa,462.0,3.0,4.0,3.0,15.0,727256.0
IMV-14007,Alvorada do Norte,,566.0,5.0,6.0,3.0,1.0,1022991.0
IMV-14008,Park Way,Casa,479.0,5.0,6.0,4.0,8.0,3607223.0
IMV-14009,Santo Antônio do Descoberto,Casa,185.0,4.0,4.0,4.0,22.0,299187.0
IMV-14010,26 de Setembro,Casa,597.0,4.0,5.0,3.0,20.0,1031982.0
IMV-14011,Ponte Alta,Casa,516.0,,5.0,3.0,31.0,1102361.0
IMV-14012,Arapoangas,Casa,,3.0,3.0,,21.0,1100051.0
IMV-14013,Santo Antônio do Descoberto,Casa,204.0,,6.0,,39.0,
IMV-14014,Sudoeste / Octogonal,Apartamento,,4.0,2.0,2.0,39.0,1243812.0
IMV-14015,Núcleo Bandeirante,Apartamento,180.0,4.0,1.0,2.0,2.0,808554.0
IMV-14016,Padre Bernardo,Casa,547.0,,6.0,2.0,16.0,1089091.0
IMV-14017,Sobradinho,Casa,527.0,5.0,6.0,4.0,14.0,2309376.0
IMV-14018,Águas Claras,Apartamento,80.0,2.0,2.0,2.0,38.0,543656.0
IMV-14019,Varjão,Apartamento,97.0,4.0,1.0,1.0,3.0,297935.0
IMV-14020,Guará,Apartamento,177.0,2.0,1.0,1.0,29.0,831591.0
IMV-14021,Cruzeiro,Apartamento,155.0,2.0,2.0,1.0,14.0,1007320.0
IMV-14022,Cidade Ocidental,Casa,597.0,3.0,4.0,2.0,18.0,1363903.0
IMV-14023,Asa Sul,Apartamento,142.0,4.0,1.0,2.0,36.0,948223.0
IMV-14024,Noroeste,Apartamento,45.0,3.0,3.0,1.0,40.0,371337.0
IMV-14025,Vicente Pires,Casa,432.0,4.0,5.0,3.0,29.0,1398245.0
IMV-14026,,,271.0,3.0,5.0,4.0,0.0,675393.0
IMV-14027,Planaltina,Apartamento,180.0,3.0,1.0,1.0,6.0,529576.0
IMV-14028,Brazlândia,Casa,596.0,3.0,4.0,2.0,39.0,1178820.0
IMV-14029,Sobradinho,Casa,515.0,3.0,3.0,3.0,1.0,2228516.0
IMV-14030,Varjão,Casa,360.0,5.0,5.0,2.0,24.0,1004529.0
IMV-14031,Recanto das Emas,Apartamento,86.0,1.0,1.0,1.0,1.0,288551.0
IMV-14032,Arapoangas,Casa,473.0,3.0,3.0,4.0,19.0,880254.0
IMV-14033,Água Fria de Goiás,Casa,356.0,5.0,6.0,3.0,15.0,531272.0
IMV-14034,Santa Maria,Apartamento,155.0,1.0,1.0,2.0,18.0,450118.0
IMV-14035,Sol Nascente / Pôr do Sol,Apartamento,49.0,4.0,2.0,1.0,5.0,103988.0
IMV-14036,Brazlândia,Casa,379.0,3.0,4.0,3.0,11.0,1109662.0
IMV-14037,Goianésia,Casa,586.0,,5.0,3.0,,1282429.0
IMV-14038,Varjão,Casa,315.0,3.0,3.0,2.0,32.0,863285.0
IMV-14039,Santo Antônio do Descoberto,Casa,261.0,3.0,3.0,2.0,8.0,538118.0
IMV-14040,Paranoá,Apartamento,,1.0,1.0,1.0,25.0,275362.0
IMV-14041,São João d’Aliança,Casa,280.0,3.0,5.0,4.0,37.0,369174.0
IMV-14042,26 de Setembro,Casa,208.0,3.0,4.0,3.0,40.0,360434.0
IMV-14043,Santo Antônio do Descoberto,Casa,461.0,5.0,5.0,2.0,34.0,
IMV-14044,Cristalina,Casa,153.0,4.0,6.0,3.0,23.0,377771.0
IMV-14045,,Casa,470.0,,7.0,3.0,32.0,1501751.0
IMV-14046,Santa Maria,Apartamento,97.0,3.0,2.0,2.0,39.0,213903.0
IMV-14047,Santa Maria,Apartamento,169.0,1.0,1.0,1.0,30.0,362650.0
IMV-14048,Água Fria de Goiás,Casa,430.0,5.0,,3.0,,505706.0
IMV-14049,Lago Sul,Casa,370.0,3.0,3.0,2.0,,3733659.0
IMV-14050,SCIA / Estrutural,Apartamento,152.0,3.0,1.0,1.0,16.0,369606.0
IMV-14051,Recanto das Emas,Casa,532.0,4.0,6.0,3.0,,1065379.0
IMV-14052,Cabeceiras,Casa,360.0,5.0,7.0,,8.0,608655.0
IMV-14053,Sobradinho II,Casa,466.0,4.0,6.0,4.0,21.0,1294902.0
IMV-14054,Planaltina,Casa,177.0,3.0,3.0,4.0,1.0,482501.0
IMV-14055,Candangolândia,Apartamento,179.0,4.0,2.0,2.0,10.0,800534.0
IMV-14056,Sobradinho II,Casa,122.0,3.0,4.0,4.0,18.0,353100.0
IMV-14057,,Apartamento,123.0,3.0,2.0,2.0,9.0,892643.0
IMV-14058,Sol Nascente / Pôr do Sol,Casa,147.0,3.0,4.0,4.0,5.0,301180.0
IMV-14059,Ponte Alta,Casa,415.0,5.0,,2.0,14.0,1104106.0
IMV-14060,Águas Claras,Apartamento,155.0,3.0,2.0,2.0,26.0,1043395.0
IMV-14061,Goianésia,Casa,460.0,4.0,5.0,2.0,0.0,1190789.0
IMV-14062,Planaltina,Apartamento,54.0,2.0,2.0,1.0,32.0,123292.0
IMV-14063,Sobradinho,Casa,,4.0,6.0,4.0,18.0,2113254.0
IMV-14064,Niquelândia,Casa,130.0,5.0,5.0,4.0,38.0,172812.0
IMV-14065,26 de Setembro,Casa,543.0,4.0,5.0,,7.0,
IMV-14066,Fercal,Casa,421.0,5.0,,3.0,,764884.0
IMV-14067,Sudoeste / Octogonal,Apartamento,126.0,3.0,1.0,2.0,21.0,1329243.0
IMV-14068,Água Quente,Casa,411.0,4.0,6.0,3.0,14.0,692785.0
IMV-14069,Park Way,Casa,587.0,5.0,7.0,3.0,16.0,4336663.0
IMV-14070,Fercal,Casa,194.0,3.0,3.0,4.0,6.0,414363.0
IMV-14071,Cruzeiro,Apartamento,106.0,2.0,1.0,1.0,5.0,
IMV-14072,Núcleo Bandeirante,Apartamento,128.0,2.0,1.0,1.0,8.0,530188.0
IMV-14073,Padre Bernardo,Casa,257.0,5.0,5.0,4.0,21.0,
IMV-14074,Fercal,Casa,356.0,5.0,6.0,4.0,,719860.0
IMV-14075,Guará,Apartamento,58.0,3.0,3.0,1.0,9.0,426997.0
IMV-14076,Fercal,Casa,295.0,5.0,7.0,3.0,17.0,551655.0
IMV-14077,Varjão,Apartamento,72.0,1.0,1.0,1.0,1.0,217637.0
IMV-14078,Formosa,Casa,309.0,4.0,4.0,4.0,,912739.0
IMV-14079,Águas Claras,Apartamento,74.0,3.0,1.0,2.0,28.0,504245.0
IMV-14080,Formosa,Casa,308.0,4.0,4.0,3.0,33.0,636191.0
IMV-14081,26 de Setembro,Casa,440.0,3.0,3.0,2.0,13.0,874896.0
IMV-14082,Simolândia,Casa,209.0,3.0,5.0,4.0,19.0,
IMV-14083,Samambaia,Apartamento,119.0,1.0,1.0,1.0,36.0,290599.0
IMV-14084,Padre Bernardo,Casa,436.0,4.0,4.0,2.0,9.0,843256.0
IMV-14085,Água Fria de Goiás,Casa,555.0,5.0,7.0,2.0,4.0,847947.0
IMV-14086,,Apartamento,130.0,2.0,2.0,2.0,3.0,931302.0
IMV-14087,26 de Setembro,Casa,191.0,5.0,6.0,2.0,17.0,405298.0
IMV-14088,Valparaíso de Goiás,Apartamento,180.0,3.0,,1.0,17.0,409170.0
IMV-14089,Cabeceira Grande,Casa,139.0,5.0,,3.0,37.0,184251.0
IMV-14090,Barro Alto,Casa,580.0,3.0,3.0,4.0,,1165593.0
IMV-14091,Água Fria de Goiás,Casa,380.0,4.0,6.0,2.0,25.0,444150.0
IMV-14092,Jardim Botânico,Casa,228.0,,5.0,,16.0,1387436.0
IMV-14093,Novo Gama,,139.0,3.0,5.0,2.0,34.0,227722.0
IMV-14094,,Apartamento,66.0,1.0,1.0,0.0,9.0,177165.0
IMV-14095,Varjão,Casa,568.0,4.0,5.0,2.0,17.0,1859748.0
IMV-14096,Cocalzinho de Goiás,Casa,210.0,5.0,5.0,4.0,,419645.0
IMV-14097,Recanto das Emas,Casa,291.0,4.0,4.0,,36.0,657485.0
IMV-14098,SIA,Apartamento,154.0,4.0,3.0,2.0,24.0,644579.0
IMV-14099,Cristalina,Casa,171.0,5.0,6.0,2.0,20.0,396236.0
IMV-14100,Planaltina (GO),Casa,460.0,3.0,3.0,3.0,,803392.0
IMV-14101,Flores de Goiás,Casa,329.0,5.0,5.0,4.0,22.0,466463.0
IMV-14102,Sol Nascente / Pôr do Sol,Apartamento,105.0,1.0,1.0,2.0,8.0,223766.0
IMV-14103,Cabeceira Grande,Casa,458.0,5.0,7.0,2.0,16.0,610890.0
IMV-14104,Luziânia,Casa,306.0,5.0,7.0,3.0,33.0,588276.0
IMV-14105,Brazlândia,Casa,133.0,4.0,5.0,2.0,32.0,250291.0
IMV-14106,Vila Boa,Casa,212.0,4.0,6.0,3.0,8.0,332143.0
IMV-14107,São Sebastião,Casa,561.0,5.0,6.0,2.0,17.0,1746046.0
IMV-14108,Água Fria de Goiás,Casa,546.0,,5.0,2.0,9.0,913336.0
IMV-14109,Alexânia,Casa,405.0,,5.0,3.0,12.0,1042186.0
IMV-14110,São Sebastião,Apartamento,134.0,3.0,2.0,2.0,0.0,542367.0
IMV-14111,São Sebastião,Apartamento,,3.0,3.0,1.0,27.0,246115.0
IMV-14112,Vicente Pires,Casa,444.0,4.0,6.0,4.0,39.0,1507013.0
IMV-14113,Cavalcante,Casa,244.0,4.0,,2.0,23.0,422317.0
IMV-14114,Água Quente,Casa,156.0,4.0,6.0,2.0,18.0,297604.0
IMV-14115,Abadiânia,Casa,439.0,4.0,5.0,2.0,29.0,804173.0
IMV-14116,Taguatinga,Casa,427.0,,4.0,2.0,40.0,1576208.0
IMV-14117,Água Fria de Goiás,Casa,341.0,5.0,,2.0,1.0,602321.0
IMV-14118,Gama,Apartamento,131.0,3.0,2.0,2.0,40.0,397250.0
IMV-14119,São João d’Aliança,Casa,124.0,3.0,4.0,2.0,16.0,186070.0
IMV-14120,Itapoã,Casa,364.0,3.0,4.0,2.0,12.0,852560.0
IMV-14121,Cabeceira Grande,,585.0,3.0,4.0,3.0,36.0,731675.0
IMV-14122,Planaltina,,351.0,5.0,6.0,4.0,20.0,911947.0
IMV-14123,Alexânia,Casa,349.0,4.0,6.0,2.0,27.0,692886.0
IMV-14124,Vila Boa,Casa,367.0,4.0,5.0,4.0,14.0,531833.0
IMV-14125,Itapoã,Apartamento,101.0,1.0,1.0,1.0,6.0,330580.0
IMV-14126,Paranoá,Apartamento,83.0,2.0,1.0,2.0,6.0,281901.0
IMV-14127,Gama,Casa,218.0,3.0,5.0,2.0,12.0,695446.0
IMV-14128,Park Way,Casa,539.0,4.0,6.0,2.0,38.0,2778060.0
IMV-14129,Sobradinho II,Casa,238.0,3.0,3.0,4.0,4.0,945638.0
IMV-14130,Noroeste,Apartamento,155.0,2.0,1.0,2.0,28.0,1329642.0
IMV-14131,Cidade Ocidental,Casa,237.0,5.0,5.0,,10.0,639330.0
IMV-14132,Arniqueira,Casa,263.0,3.0,3.0,,3.0,1097955.0
IMV-14133,Cruzeiro,Apartamento,130.0,1.0,1.0,1.0,2.0,866228.0
IMV-14134,Sobradinho II,Casa,152.0,3.0,4.0,4.0,40.0,442347.0
IMV-14135,Arniqueira,Casa,443.0,5.0,6.0,3.0,24.0,1851654.0
IMV-14136,Alvorada do Norte,Casa,539.0,3.0,5.0,3.0,29.0,746516.0
IMV-14137,Simolândia,Casa,124.0,3.0,5.0,4.0,36.0,138843.0
IMV-14138,Samambaia,Apartamento,85.0,4.0,1.0,2.0,,259978.0
IMV-14139,Luziânia,Casa,164.0,5.0,5.0,,12.0,
IMV-14140,Fercal,Casa,436.0,3.0,3.0,3.0,28.0,786240.0
IMV-14141,Flores de Goiás,Casa,416.0,5.0,6.0,4.0,13.0,660557.0
IMV-14142,Guará,Casa,120.0,5.0,5.0,2.0,35.0,559586.0
IMV-14143,Santa Maria,Apartamento,73.0,4.0,3.0,,18.0,236010.0
IMV-14144,Cabeceiras,Casa,393.0,4.0,5.0,3.0,4.0,756624.0
IMV-14145,Núcleo Bandeirante,Casa,240.0,4.0,4.0,4.0,35.0,721989.0
IMV-14146,Noroeste,Apartamento,141.0,1.0,1.0,2.0,,1514927.0
IMV-14147,Guará,Casa,486.0,4.0,6.0,,,3028395.0
IMV-14148,Águas Lindas de Goiás,Apartamento,92.0,,1.0,,5.0,202704.0
IMV-14149,São João d’Aliança,Casa,263.0,4.0,6.0,2.0,19.0,509766.0
IMV-14150,Fercal,Casa,263.0,4.0,6.0,4.0,11.0,585081.0
IMV-14151,Novo Gama,Casa,316.0,3.0,4.0,3.0,1.0,
IMV-14152,SCIA / Estrutural,,53.0,3.0,1.0,1.0,24.0,107221.0
IMV-14153,Candangolândia,Apartamento,81.0,3.0,2.0,2.0,39.0,232544.0
IMV-14154,Águas Claras,Apartamento,,1.0,,1.0,20.0,788713.0
IMV-14155,Cruzeiro,Apartamento,67.0,3.0,2.0,,11.0,428827.0
IMV-14156,São João d’Aliança,Casa,386.0,3.0,3.0,4.0,31.0,639729.0
IMV-14157,Cruzeiro,Apartamento,109.0,4.0,1.0,1.0,25.0,584627.0
IMV-14158,26 de Setembro,Casa,473.0,4.0,5.0,2.0,33.0,929351.0
IMV-14159,Cavalcante,Casa,255.0,4.0,6.0,3.0,5.0,
IMV-14160,Alto Paraíso de Goiás,Casa,252.0,5.0,6.0,3.0,32.0,678986.0
IMV-14161,Riacho Fundo,Apartamento,123.0,1.0,1.0,2.0,6.0,457094.0
IMV-14162,Padre Bernardo,Casa,136.0,4.0,4.0,4.0,26.0,
IMV-14163,Asa Norte,Apartamento,169.0,2.0,2.0,1.0,28.0,1277055.0
IMV-14164,Água Fria de Goiás,Casa,216.0,,6.0,3.0,32.0,309419.0
IMV-14165,Ponte Alta,Casa,264.0,3.0,3.0,4.0,3.0,659683.0
IMV-14166,Fercal,Casa,231.0,3.0,5.0,3.0,38.0,400131.0
IMV-14167,Taguatinga,Apartamento,125.0,3.0,1.0,2.0,14.0,561103.0
IMV-14168,Candangolândia,Apartamento,149.0,3.0,1.0,1.0,29.0,481915.0
IMV-14169,Valparaíso de Goiás,Apartamento,65.0,1.0,1.0,0.0,8.0,166967.0
IMV-14170,Água Fria de Goiás,Casa,290.0,5.0,7.0,2.0,14.0,387393.0
IMV-14171,,Apartamento,168.0,1.0,1.0,2.0,1.0,474432.0
IMV-14172,26 de Setembro,Casa,357.0,4.0,6.0,4.0,35.0,602123.0
IMV-14173,Park Way,Casa,447.0,5.0,6.0,2.0,26.0,2477853.0
IMV-14174,Sobradinho II,Casa,,,4.0,4.0,1.0,607378.0
IMV-14175,Simolândia,Casa,377.0,4.0,6.0,3.0,30.0,378641.0
IMV-14176,Niquelândia,Casa,121.0,5.0,7.0,3.0,3.0,243444.0
IMV-14177,Flores de Goiás,Casa,475.0,4.0,4.0,3.0,0.0,
IMV-14178,Lago Sul,Casa,490.0,4.0,5.0,2.0,40.0,4534539.0
IMV-14179,Sobradinho II,Casa,346.0,5.0,5.0,4.0,37.0,821470.0
IMV-14180,Simolândia,Casa,185.0,5.0,5.0,2.0,23.0,229818.0
IMV-14181,Cocalzinho de Goiás,Casa,382.0,3.0,3.0,3.0,18.0,
IMV-14182,Jardim Botânico,Casa,217.0,4.0,5.0,3.0,16.0,1246478.0
IMV-14183,Goianésia,Casa,260.0,3.0,3.0,2.0,30.0,498206.0
IMV-14184,Cavalcante,Casa,484.0,3.0,5.0,2.0,10.0,1013372.0
IMV-14185,Santo Antônio do Descoberto,Casa,248.0,4.0,5.0,3.0,31.0,421386.0
IMV-14186,Padre Bernardo,Casa,499.0,4.0,5.0,3.0,20.0,884410.0
IMV-14187,São João d’Aliança,Casa,402.0,5.0,7.0,4.0,35.0,636449.0
IMV-14188,Gama,Casa,,5.0,5.0,2.0,1.0,2141309.0
IMV-14189,,Apartamento,174.0,2.0,2.0,1.0,27.0,1004184.0
IMV-14190,Lago Sul,Casa,461.0,4.0,5.0,2.0,15.0,4242058.0
IMV-14191,Água Fria de Goiás,Casa,256.0,4.0,5.0,3.0,29.0,344558.0
IMV-14192,Cruzeiro,Apartamento,145.0,4.0,3.0,,35.0,724431.0
IMV-14193,Simolândia,Casa,398.0,3.0,4.0,2.0,27.0,466724.0
IMV-14194,Água Quente,Casa,175.0,5.0,6.0,2.0,21.0,275293.0
IMV-14195,Arapoangas,Casa,264.0,3.0,3.0,4.0,3.0,741749.0
IMV-14196,Vila Boa,,127.0,5.0,5.0,2.0,8.0,
IMV-14197,São João d’Aliança,Casa,280.0,3.0,3.0,4.0,33.0,369173.0
IMV-14198,Sudoeste / Octogonal,Apartamento,123.0,4.0,3.0,1.0,13.0,1318801.0
IMV-14199,Vila Propício,Casa,,5.0,7.0,4.0,6.0,647263.0
IMV-14200,SIA,Apartamento,55.0,3.0,1.0,0.0,1.0,297826.0
IMV-14201,Cabeceiras,Casa,485.0,5.0,6.0,2.0,,705471.0
IMV-14202,Goianésia,Casa,151.0,3.0,3.0,3.0,14.0,344289.0
IMV-14203,Sobradinho II,Casa,524.0,3.0,5.0,2.0,13.0,1837326.0
IMV-14204,São Sebastião,Apartamento,43.0,4.0,4.0,0.0,17.0,125579.0
IMV-14205,Sobradinho,Casa,379.0,4.0,4.0,,3.0,1765438.0
IMV-14206,Arniqueira,Casa,535.0,5.0,6.0,3.0,,2472026.0
IMV-14207,Valparaíso de Goiás,Apartamento,154.0,2.0,2.0,2.0,27.0,324319.0
IMV-14208,Itapoã,Casa,372.0,4.0,5.0,3.0,17.0,822819.0
IMV-14209,Riacho Fundo II,Casa,318.0,5.0,7.0,4.0,37.0,766303.0
IMV-14210,Vila Boa,,390.0,3.0,3.0,3.0,3.0,636685.0
IMV-14211,Lago Sul,Casa,554.0,3.0,3.0,2.0,7.0,6575587.0
IMV-14212,Planaltina (GO),Casa,240.0,3.0,3.0,3.0,17.0,428227.0
IMV-14213,Águas Lindas de Goiás,,494.0,4.0,4.0,2.0,4.0,1190048.0
IMV-14214,Núcleo Bandeirante,Apartamento,81.0,2.0,1.0,2.0,23.0,319060.0
IMV-14215,Vicente Pires,Casa,516.0,3.0,4.0,4.0,25.0,1692288.0
IMV-14216,SIA,Apartamento,64.0,2.0,2.0,1.0,1.0,396297.0
IMV-14217,Fercal,Casa,326.0,5.0,7.0,2.0,4.0,609040.0
IMV-14218,São Sebastião,Casa,543.0,5.0,6.0,2.0,24.0,1597770.0
IMV-14219,Asa Norte,Apartamento,71.0,1.0,1.0,,17.0,600744.0
IMV-14220,Fercal,Casa,581.0,4.0,5.0,3.0,34.0,935305.0
IMV-14221,Sobradinho II,Casa,177.0,3.0,4.0,4.0,22.0,448613.0
IMV-14222,Águas Claras,Apartamento,138.0,1.0,1.0,2.0,39.0,779337.0
IMV-14223,Alvorada do Norte,Casa,437.0,5.0,7.0,,22.0,504487.0
IMV-14224,Núcleo Bandeirante,Casa,403.0,5.0,7.0,3.0,4.0,1731519.0
IMV-14225,Vicente Pires,Casa,134.0,3.0,3.0,2.0,9.0,590047.0
IMV-14226,Cabeceiras,Casa,277.0,5.0,6.0,3.0,17.0,413485.0
IMV-14227,Fercal,Casa,164.0,5.0,6.0,3.0,29.0,268540.0
IMV-14228,Planaltina (GO),Casa,294.0,3.0,3.0,2.0,8.0,
IMV-14229,Luziânia,Casa,154.0,5.0,7.0,4.0,17.0,303367.0
IMV-14230,Planaltina (GO),Casa,506.0,,7.0,3.0,38.0,944487.0
IMV-14231,Planaltina,Apartamento,118.0,3.0,3.0,2.0,5.0,389291.0
IMV-14232,Santo Antônio do Descoberto,Casa,429.0,3.0,5.0,3.0,0.0,846642.0
IMV-14233,Cristalina,Casa,491.0,3.0,3.0,2.0,40.0,1111390.0
IMV-14234,Santo Antônio do Descoberto,Casa,234.0,3.0,4.0,3.0,2.0,483698.0
IMV-14235,Varjão,Casa,582.0,3.0,4.0,4.0,,1525842.0
IMV-14236,Niquelândia,Casa,572.0,5.0,5.0,3.0,34.0,873196.0
IMV-14237,Água Quente,Casa,,4.0,5.0,4.0,14.0,447484.0
IMV-14238,Candangolândia,Apartamento,,4.0,2.0,,38.0,183352.0
IMV-14239,Park Way,Casa,233.0,5.0,5.0,4.0,27.0,1632382.0
IMV-14240,Brazlândia,Casa,180.0,5.0,5.0,3.0,1.0,599953.0
IMV-14241,Riacho Fundo II,Casa,213.0,4.0,6.0,4.0,8.0,752716.0
IMV-14242,Riacho Fundo,Casa,527.0,3.0,4.0,,18.0,1523811.0
IMV-14243,Alexânia,Casa,304.0,3.0,5.0,4.0,3.0,771024.0
IMV-14244,Cruzeiro,Apartamento,117.0,4.0,,2.0,37.0,666229.0
IMV-14245,SCIA / Estrutural,Casa,391.0,5.0,7.0,2.0,26.0,839167.0
IMV-14246,26 de Setembro,Casa,308.0,4.0,6.0,3.0,29.0,599047.0
IMV-14247,Planaltina,Casa,234.0,4.0,6.0,4.0,10.0,711824.0
IMV-14248,Pirenópolis,Casa,168.0,5.0,6.0,3.0,17.0,
IMV-14249,Ponte Alta,Casa,336.0,3.0,5.0,3.0,17.0,763389.0
IMV-14250,Asa Norte,Apartamento,57.0,3.0,1.0,1.0,,468960.0
IMV-14251,Noroeste,Apartamento,114.0,1.0,1.0,1.0,33.0,939730.0
IMV-14252,Goianésia,Casa,467.0,4.0,6.0,3.0,,1161172.0
IMV-14253,Niquelândia,Casa,,4.0,6.0,4.0,28.0,172935.0
IMV-14254,Lago Sul,Casa,331.0,3.0,3.0,4.0,16.0,3580485.0
IMV-14255,Cidade Ocidental,Casa,196.0,5.0,5.0,3.0,2.0,497605.0
IMV-14256,Asa Norte,Apartamento,92.0,2.0,1.0,2.0,39.0,733125.0
IMV-14257,Alexânia,Casa,380.0,5.0,7.0,3.0,7.0,851968.0
IMV-14258,Ceilândia,Apartamento,45.0,3.0,3.0,0.0,16.0,143122.0
IMV-14259,Ceilândia,Casa,337.0,5.0,6.0,4.0,23.0,937961.0
IMV-14260,Águas Lindas de Goiás,Casa,406.0,5.0,,3.0,32.0,738524.0
IMV-14261,Cristalina,Casa,289.0,4.0,4.0,3.0,10.0,
IMV-14262,Planaltina (GO),Casa,565.0,3.0,4.0,2.0,,939661.0
IMV-14263,26 de Setembro,Casa,165.0,,3.0,3.0,19.0,328250.0
IMV-14264,Asa Norte,Apartamento,143.0,1.0,1.0,1.0,25.0,1158624.0
IMV-14265,Santo Antônio do Descoberto,Casa,544.0,4.0,5.0,4.0,29.0,847705.0
IMV-14266,Sobradinho II,Casa,525.0,5.0,5.0,3.0,16.0,1619934.0
IMV-14267,Gama,Casa,371.0,3.0,3.0,3.0,28.0,991713.0
IMV-14268,Cabeceira Grande,Casa,352.0,5.0,7.0,,13.0,513945.0
IMV-14269,Samambaia,,,4.0,1.0,2.0,35.0,448023.0
IMV-14270,Alvorada do Norte,Casa,299.0,3.0,3.0,4.0,16.0,369890.0
IMV-14271,,Apartamento,62.0,2.0,1.0,1.0,8.0,354573.0
IMV-14272,Santa Maria,Apartamento,145.0,2.0,2.0,1.0,26.0,
IMV-14273,Recanto das Emas,Apartamento,142.0,1.0,1.0,2.0,38.0,325662.0
IMV-14274,Água Fria de Goiás,Casa,339.0,4.0,5.0,4.0,16.0,559667.0
IMV-14275,Varjão,Apartamento,142.0,3.0,2.0,1.0,17.0,398652.0
IMV-14276,Cocalzinho de Goiás,Casa,213.0,4.0,4.0,3.0,37.0,357994.0
IMV-14277,Flores de Goiás,Casa,218.0,5.0,,4.0,1.0,317122.0
IMV-14278,Formosa,Casa,333.0,4.0,6.0,4.0,36.0,877881.0
IMV-14279,Varjão,Casa,333.0,5.0,7.0,2.0,4.0,1189465.0
IMV-14280,Formosa,Casa,213.0,,6.0,3.0,39.0,566868.0
IMV-14281,Alexânia,Casa,395.0,4.0,4.0,3.0,0.0,1211093.0
IMV-14282,Asa Norte,Apartamento,77.0,3.0,1.0,1.0,21.0,573704.0
IMV-14283,Cidade Ocidental,Casa,206.0,3.0,4.0,2.0,32.0,458936.0
IMV-14284,Asa Sul,Apartamento,176.0,2.0,2.0,2.0,33.0,1585294.0
IMV-14285,Valparaíso de Goiás,Apartamento,84.0,4.0,2.0,,40.0,164491.0
IMV-14286,Águas Lindas de Goiás,Apartamento,,4.0,1.0,2.0,7.0,424180.0
IMV-14287,Sudoeste / Octogonal,Apartamento,154.0,,1.0,2.0,15.0,
IMV-14288,Itapoã,Casa,396.0,3.0,5.0,2.0,,1057664.0
IMV-14289,Barro Alto,Casa,181.0,4.0,6.0,4.0,7.0,301415.0
IMV-14290,Ceilândia,Casa,244.0,4.0,4.0,4.0,7.0,754086.0
IMV-14291,Abadiânia,Casa,316.0,5.0,5.0,2.0,18.0,518780.0
IMV-14292,Riacho Fundo II,Apartamento,132.0,,2.0,1.0,8.0,459154.0
IMV-14293,Planaltina,Casa,442.0,5.0,5.0,2.0,9.0,1455351.0
IMV-14294,Noroeste,Apartamento,157.0,1.0,1.0,1.0,37.0,1267189.0
IMV-14295,Fercal,Casa,,4.0,6.0,4.0,25.0,208987.0
IMV-14296,Noroeste,Apartamento,105.0,2.0,2.0,2.0,30.0,1124955.0
IMV-14297,Santo Antônio do Descoberto,,595.0,4.0,6.0,3.0,,1213475.0
IMV-14298,Guará,Casa,,4.0,4.0,2.0,37.0,1842375.0
IMV-14299,Candangolândia,Apartamento,74.0,3.0,2.0,2.0,36.0,241673.0
IMV-14300,Águas Claras,Apartamento,134.0,4.0,2.0,1.0,18.0,840740.0
IMV-14301,Alexânia,,490.0,4.0,6.0,4.0,2.0,1459686.0
IMV-14302,,,405.0,3.0,5.0,2.0,23.0,448132.0
IMV-14303,Guará,Casa,314.0,5.0,7.0,4.0,23.0,1695777.0
IMV-14304,Alexânia,Casa,143.0,5.0,5.0,2.0,16.0,373677.0
IMV-14305,Ceilândia,Apartamento,,,1.0,0.0,12.0,208685.0
IMV-14306,,Casa,470.0,4.0,5.0,4.0,30.0,631666.0
IMV-14307,,Apartamento,94.0,,1.0,,6.0,1183725.0
IMV-14308,Simolândia,,427.0,4.0,4.0,3.0,26.0,501047.0
IMV-14309,Águas Claras,Apartamento,118.0,3.0,1.0,2.0,,758937.0
IMV-14310,Gama,Casa,488.0,5.0,,2.0,15.0,1910569.0
IMV-14311,São Sebastião,Apartamento,145.0,1.0,1.0,2.0,22.0,369828.0
IMV-14312,Pirenópolis,Casa,243.0,4.0,5.0,,25.0,762655.0
IMV-14313,Recanto das Emas,Casa,170.0,,6.0,2.0,38.0,366052.0
IMV-14314,Samambaia,Apartamento,45.0,4.0,2.0,1.0,21.0,158100.0
IMV-14315,Valparaíso de Goiás,Apartamento,72.0,3.0,1.0,2.0,7.0,233021.0
IMV-14316,Brazlândia,Casa,350.0,5.0,7.0,,30.0,801148.0
IMV-14317,Vicente Pires,Casa,185.0,5.0,6.0,,21.0,716760.0
IMV-14318,Planaltina,,137.0,4.0,,2.0,22.0,350663.0
IMV-14319,Itapoã,Casa,383.0,5.0,5.0,4.0,31.0,729513.0
IMV-14320,Brazlândia,Casa,533.0,4.0,5.0,4.0,17.0,1319818.0
IMV-14321,Cocalzinho de Goiás,Casa,176.0,5.0,7.0,4.0,4.0,417105.0
IMV-14322,Vicente Pires,Casa,411.0,4.0,5.0,4.0,26.0,1425386.0
IMV-14323,Sobradinho,Casa,,,7.0,3.0,37.0,1882840.0
IMV-14324,Candangolândia,Casa,592.0,5.0,7.0,2.0,3.0,2824166.0
IMV-14325,Arniqueira,Casa,515.0,5.0,7.0,3.0,2.0,2381776.0
IMV-14326,Vicente Pires,Casa,146.0,5.0,5.0,2.0,12.0,574537.0
IMV-14327,Cidade Ocidental,Casa,216.0,5.0,6.0,3.0,27.0,454255.0
IMV-14328,São João d’Aliança,Casa,,3.0,3.0,4.0,19.0,
IMV-14329,Arniqueira,Casa,257.0,5.0,6.0,4.0,32.0,868112.0
IMV-14330,,Casa,198.0,3.0,4.0,2.0,11.0,271610.0
IMV-14331,Riacho Fundo II,Apartamento,67.0,3.0,2.0,,25.0,162261.0
IMV-14332,Sobradinho II,Casa,,4.0,5.0,3.0,40.0,
IMV-14333,Água Fria de Goiás,Casa,573.0,3.0,3.0,2.0,13.0,840014.0
IMV-14334,Riacho Fundo,Apartamento,107.0,2.0,1.0,2.0,24.0,373668.0
IMV-14335,Brazlândia,Casa,436.0,5.0,,3.0,10.0,1268622.0
IMV-14336,Águas Claras,Apartamento,172.0,1.0,1.0,2.0,34.0,874407.0
IMV-14337,Cidade Ocidental,Casa,398.0,5.0,6.0,3.0,6.0,
IMV-14338,Asa Norte,,96.0,4.0,4.0,2.0,,
IMV-14339,Alexânia,Casa,146.0,4.0,4.0,2.0,31.0,268219.0
IMV-14340,Novo Gama,Casa,,4.0,5.0,2.0,34.0,740292.0
IMV-14341,Niquelândia,Casa,392.0,4.0,4.0,3.0,29.0,478792.0
IMV-14342,Cavalcante,Casa,456.0,3.0,3.0,4.0,36.0,758143.0
IMV-14343,Taguatinga,Apartamento,58.0,,1.0,1.0,9.0,267037.0
IMV-14344,Santa Maria,Apartamento,48.0,2.0,1.0,0.0,,163527.0
IMV-14345,Candangolândia,Casa,,5.0,7.0,,19.0,1025172.0
IMV-14346,,Casa,360.0,4.0,6.0,2.0,3.0,793548.0
IMV-14347,Fercal,Casa,381.0,5.0,6.0,3.0,0.0,911168.0
IMV-14348,Planaltina (GO),Casa,153.0,3.0,3.0,3.0,12.0,319120.0
IMV-14349,Formosa,Casa,280.0,,5.0,3.0,3.0,813492.0
IMV-14350,Valparaíso de Goiás,Apartamento,90.0,4.0,4.0,2.0,14.0,248436.0
IMV-14351,Cristalina,Casa,524.0,5.0,7.0,,23.0,1423575.0
IMV-14352,Cruzeiro,Apartamento,71.0,,1.0,2.0,27.0,423416.0
IMV-14353,Alto Paraíso de Goiás,Casa,138.0,3.0,3.0,4.0,4.0,611945.0
IMV-14354,Fercal,Casa,178.0,4.0,6.0,4.0,20.0,269197.0
IMV-14355,Recanto das Emas,Apartamento,,3.0,2.0,2.0,10.0,
IMV-14356,Brazlândia,Casa,225.0,4.0,5.0,3.0,12.0,634559.0
IMV-14357,Itapoã,Casa,394.0,3.0,4.0,3.0,14.0,902866.0
IMV-14358,Cocalzinho de Goiás,Casa,343.0,3.0,4.0,2.0,4.0,876060.0
IMV-14359,,Apartamento,82.0,2.0,1.0,,13.0,259687.0
IMV-14360,Sobradinho II,Casa,158.0,5.0,7.0,3.0,20.0,472971.0
IMV-14361,,Casa,158.0,3.0,4.0,3.0,14.0,359253.0
IMV-14362,Mimoso de Goiás,Casa,146.0,5.0,6.0,2.0,5.0,184544.0
IMV-14363,Núcleo Bandeirante,Casa,546.0,5.0,,4.0,39.0,1869802.0
IMV-14364,Sudoeste / Octogonal,Apartamento,93.0,2.0,2.0,1.0,22.0,867610.0
IMV-14365,Gama,Apartamento,80.0,1.0,,1.0,0.0,307700.0
IMV-14366,Santo Antônio do Descoberto,Casa,472.0,3.0,5.0,2.0,0.0,1081148.0
IMV-14367,Arniqueira,Casa,503.0,5.0,5.0,4.0,6.0,2182653.0
IMV-14368,,Apartamento,93.0,2.0,2.0,1.0,29.0,226667.0
IMV-14369,Jardim Botânico,Casa,424.0,4.0,4.0,4.0,39.0,1730576.0
IMV-14370,Planaltina,Apartamento,137.0,1.0,1.0,2.0,20.0,335777.0
IMV-14371,Cavalcante,Casa,316.0,5.0,5.0,2.0,15.0,576221.0
IMV-14372,São Sebastião,Casa,179.0,4.0,6.0,3.0,0.0,587555.0
IMV-14373,Planaltina (GO),Casa,179.0,4.0,4.0,3.0,39.0,296014.0
IMV-14374,Cocalzinho de Goiás,Casa,120.0,3.0,4.0,4.0,31.0,190688.0
IMV-14375,Varjão,,,3.0,3.0,2.0,28.0,340493.0
IMV-14376,Itapoã,Casa,503.0,4.0,5.0,2.0,12.0,1345402.0
IMV-14377,Sudoeste / Octogonal,Apartamento,71.0,,1.0,2.0,16.0,713839.0
IMV-14378,Alvorada do Norte,Casa,337.0,4.0,6.0,2.0,36.0,449521.0
IMV-14379,,Apartamento,161.0,1.0,1.0,2.0,,545652.0
IMV-14380,Santa Maria,Apartamento,121.0,2.0,2.0,2.0,26.0,333901.0
IMV-14381,Asa Sul,Apartamento,152.0,1.0,1.0,2.0,19.0,1224447.0
IMV-14382,Planaltina,Apartamento,144.0,2.0,2.0,2.0,14.0,410561.0
IMV-14383,Lago Norte,Casa,,4.0,5.0,,29.0,3528792.0
IMV-14384,Arapoangas,Casa,265.0,3.0,5.0,2.0,6.0,638209.0
IMV-14385,Água Quente,Casa,450.0,,4.0,3.0,8.0,933933.0
IMV-14386,Ceilândia,Casa,306.0,4.0,6.0,2.0,21.0,1035095.0
IMV-14387,Niquelândia,Casa,209.0,5.0,5.0,4.0,30.0,282348.0
IMV-14388,Núcleo Bandeirante,Casa,598.0,5.0,7.0,3.0,16.0,2363773.0
IMV-14389,Cristalina,Casa,379.0,4.0,,2.0,34.0,
IMV-14390,Arniqueira,Casa,152.0,4.0,5.0,2.0,18.0,548227.0
IMV-14391,São João d’Aliança,Casa,212.0,3.0,5.0,4.0,1.0,380130.0
IMV-14392,Cabeceira Grande,Casa,452.0,4.0,4.0,4.0,13.0,659667.0
IMV-14393,Park Way,Casa,424.0,4.0,4.0,2.0,29.0,2265423.0
IMV-14394,Asa Norte,Apartamento,152.0,4.0,1.0,2.0,9.0,1559691.0
IMV-14395,Sobradinho,Casa,294.0,4.0,5.0,4.0,,916314.0
IMV-14396,26 de Setembro,Casa,149.0,4.0,5.0,4.0,,402428.0
IMV-14397,Sobradinho II,Casa,210.0,3.0,4.0,3.0,28.0,634252.0
IMV-14398,Cavalcante,Casa,222.0,5.0,6.0,4.0,26.0,366321.0
IMV-14399,Sol Nascente / Pôr do Sol,Casa,375.0,5.0,7.0,2.0,1.0,846175.0
IMV-14400,Taguatinga,Casa,132.0,5.0,6.0,2.0,37.0,479497.0
IMV-14401,Fercal,Casa,356.0,,5.0,4.0,29.0,498254.0
IMV-14402,Vila Boa,Casa,589.0,3.0,,2.0,18.0,664573.0
IMV-14403,Taguatinga,Casa,444.0,5.0,,2.0,9.0,2116114.0
IMV-14404,Fercal,Casa,192.0,4.0,4.0,3.0,11.0,350325.0
IMV-14405,Águas Claras,Apartamento,159.0,1.0,,1.0,20.0,1033024.0
IMV-14406,Cidade Ocidental,Casa,,3.0,4.0,2.0,40.0,1260991.0
IMV-14407,Barro Alto,Casa,233.0,5.0,6.0,3.0,22.0,312568.0
IMV-14408,Luziânia,Casa,410.0,4.0,5.0,2.0,8.0,898614.0
IMV-14409,Riacho Fundo,Casa,509.0,5.0,6.0,3.0,11.0,
IMV-14410,São João d’Aliança,Casa,121.0,5.0,7.0,2.0,,190137.0
IMV-14411,Samambaia,Apartamento,90.0,2.0,1.0,2.0,18.0,330939.0
IMV-14412,Sobradinho II,Casa,344.0,4.0,6.0,3.0,27.0,975893.0
IMV-14413,Cabeceiras,,,3.0,4.0,4.0,0.0,917454.0
IMV-14414,,Casa,385.0,3.0,4.0,2.0,27.0,831766.0
IMV-14415,Asa Sul,Apartamento,110.0,4.0,1.0,2.0,32.0,780226.0
IMV-14416,Lago Norte,Casa,500.0,4.0,6.0,2.0,31.0,3914246.0
IMV-14417,Brazlândia,Casa,169.0,5.0,5.0,4.0,19.0,
IMV-14418,Simolândia,,550.0,3.0,3.0,4.0,24.0,627407.0
IMV-14419,,Casa,375.0,3.0,3.0,3.0,24.0,889596.0
IMV-14420,Novo Gama,Casa,517.0,5.0,6.0,2.0,15.0,1133469.0
IMV-14421,Águas Claras,Apartamento,111.0,3.0,2.0,1.0,34.0,672063.0
IMV-14422,Cabeceira Grande,Casa,428.0,4.0,5.0,4.0,33.0,528546.0
IMV-14423,Águas Claras,Apartamento,123.0,2.0,1.0,2.0,36.0,748510.0
IMV-14424,Formosa,Casa,553.0,4.0,6.0,3.0,15.0,1586168.0
IMV-14425,Arapoangas,Casa,442.0,4.0,6.0,4.0,37.0,
IMV-14426,Barro Alto,Casa,440.0,4.0,6.0,4.0,18.0,734025.0
IMV-14427,,Casa,535.0,3.0,5.0,2.0,13.0,673975.0
IMV-14428,Riacho Fundo II,Casa,487.0,,4.0,2.0,4.0,1408818.0
IMV-14429,Pirenópolis,Casa,235.0,,4.0,3.0,21.0,798650.0
IMV-14430,Mimoso de Goiás,Casa,191.0,4.0,5.0,2.0,31.0,
IMV-14431,26 de Setembro,Casa,226.0,4.0,6.0,4.0,14.0,512007.0
IMV-14432,Niquelândia,Casa,200.0,5.0,5.0,4.0,9.0,329022.0
IMV-14433,Alvorada do Norte,Casa,150.0,4.0,5.0,2.0,40.0,195527.0
IMV-14434,Candangolândia,Casa,339.0,5.0,7.0,3.0,22.0,1088904.0
IMV-14435,Formosa,Casa,594.0,3.0,4.0,4.0,19.0,1687072.0
IMV-14436,Água Quente,Casa,520.0,5.0,6.0,2.0,17.0,984596.0
IMV-14437,Gama,Apartamento,124.0,1.0,1.0,2.0,23.0,356264.0
IMV-14438,Paranoá,Apartamento,115.0,3.0,1.0,1.0,31.0,283082.0
IMV-14439,Riacho Fundo,Apartamento,51.0,2.0,1.0,0.0,4.0,209675.0
IMV-14440,Riacho Fundo,Apartamento,95.0,3.0,1.0,2.0,36.0,260488.0
IMV-14441,Arapoangas,Casa,,5.0,5.0,4.0,34.0,794794.0
IMV-14442,Samambaia,Apartamento,170.0,4.0,2.0,2.0,,457989.0
IMV-14443,Luziânia,Casa,288.0,3.0,4.0,2.0,18.0,562758.0
IMV-14444,Novo Gama,Casa,224.0,4.0,6.0,4.0,17.0,413623.0
IMV-14445,Pirenópolis,Casa,233.0,3.0,5.0,2.0,13.0,926595.0
IMV-14446,Núcleo Bandeirante,Casa,138.0,5.0,7.0,4.0,11.0,520020.0
IMV-14447,Lago Sul,Casa,573.0,3.0,3.0,2.0,25.0,5306707.0
IMV-14448,,Casa,141.0,5.0,5.0,4.0,30.0,759035.0
IMV-14449,Paranoá,Casa,151.0,,6.0,2.0,4.0,
IMV-14450,Sudoeste / Octogonal,Apartamento,101.0,2.0,1.0,1.0,17.0,1151342.0
IMV-14451,São João d’Aliança,Casa,177.0,3.0,4.0,4.0,17.0,333616.0
IMV-14452,Gama,Apartamento,132.0,3.0,3.0,1.0,5.0,465521.0
IMV-14453,São João d’Aliança,,543.0,,5.0,2.0,10.0,903439.0
IMV-14454,Candangolândia,Apartamento,129.0,4.0,3.0,1.0,31.0,348901.0
IMV-14455,Lago Sul,Casa,511.0,3.0,4.0,3.0,4.0,6494927.0
IMV-14456,Cabeceira Grande,Casa,124.0,5.0,6.0,3.0,27.0,155413.0
IMV-14457,Jardim Botânico,Casa,477.0,4.0,5.0,3.0,1.0,3441134.0
IMV-14458,Arniqueira,,314.0,5.0,7.0,2.0,23.0,
IMV-14459,Simolândia,Casa,563.0,5.0,7.0,2.0,40.0,704709.0
IMV-14460,Cristalina,Casa,157.0,3.0,3.0,2.0,4.0,525044.0
IMV-14461,,Casa,478.0,5.0,6.0,2.0,38.0,677698.0
IMV-14462,Jardim Botânico,Casa,511.0,4.0,6.0,4.0,19.0,3054301.0
IMV-14463,Arniqueira,Casa,332.0,5.0,7.0,2.0,10.0,1262329.0
IMV-14464,Ceilândia,Apartamento,70.0,,2.0,1.0,32.0,172067.0
IMV-14465,Planaltina,Casa,532.0,4.0,6.0,4.0,38.0,
IMV-14466,Asa Norte,Apartamento,125.0,4.0,3.0,2.0,32.0,866082.0
IMV-14467,Padre Bernardo,Casa,,3.0,5.0,2.0,3.0,741758.0
IMV-14468,Noroeste,Apartamento,52.0,1.0,1.0,0.0,26.0,
IMV-14469,,Apartamento,47.0,4.0,1.0,1.0,30.0,291296.0
IMV-14470,Vila Propício,Casa,418.0,4.0,5.0,2.0,19.0,564628.0
IMV-14471,Novo Gama,Casa,564.0,4.0,4.0,3.0,30.0,
IMV-14472,Sobradinho,Casa,538.0,3.0,3.0,4.0,,2317643.0
IMV-14473,Mimoso de Goiás,Casa,547.0,3.0,3.0,2.0,,777792.0
IMV-14474,Jardim Botânico,Casa,274.0,5.0,6.0,,6.0,1440857.0
IMV-14475,Recanto das Emas,Casa,271.0,5.0,7.0,4.0,11.0,
IMV-14476,Noroeste,Apartamento,87.0,4.0,1.0,2.0,,
IMV-14477,Lago Sul,Casa,411.0,3.0,5.0,4.0,9.0,4286064.0
IMV-14478,Noroeste,Apartamento,150.0,3.0,3.0,2.0,40.0,1374370.0
IMV-14479,Jardim Botânico,Casa,486.0,,6.0,4.0,9.0,3114662.0
IMV-14480,Planaltina,Apartamento,157.0,4.0,3.0,1.0,1.0,528231.0
IMV-14481,Lago Norte,Casa,365.0,4.0,5.0,4.0,,2517962.0
IMV-14482,Samambaia,Apartamento,137.0,,1.0,2.0,,502741.0
IMV-14483,Águas Lindas de Goiás,Casa,273.0,3.0,5.0,3.0,9.0,726702.0
IMV-14484,Cristalina,Casa,445.0,4.0,4.0,3.0,,1261430.0
IMV-14485,Cabeceira Grande,Casa,142.0,5.0,5.0,3.0,,170557.0
IMV-14486,Formosa,Casa,,5.0,6.0,2.0,13.0,1243268.0
IMV-14487,Água Quente,Casa,594.0,5.0,6.0,3.0,22.0,927174.0
IMV-14488,Itapoã,Apartamento,165.0,2.0,2.0,2.0,,410458.0
IMV-14489,Barro Alto,Casa,317.0,4.0,6.0,3.0,7.0,587507.0
IMV-14490,Sobradinho II,Casa,261.0,3.0,5.0,3.0,,647401.0
IMV-14491,Lago Sul,Casa,461.0,3.0,5.0,4.0,40.0,4361348.0
IMV-14492,Cocalzinho de Goiás,Casa,261.0,3.0,3.0,3.0,21.0,
IMV-14493,Alexânia,Casa,124.0,4.0,6.0,2.0,1.0,308783.0
IMV-14494,Samambaia,Apartamento,56.0,1.0,1.0,1.0,12.0,212960.0
IMV-14495,Itapoã,Apartamento,86.0,2.0,1.0,1.0,,185853.0
IMV-14496,Cabeceiras,Casa,228.0,4.0,5.0,4.0,7.0,429711.0
IMV-14497,Park Way,Casa,546.0,5.0,5.0,3.0,23.0,3977902.0
IMV-14498,Lago Norte,Casa,479.0,5.0,6.0,2.0,11.0,3983026.0
IMV-14499,Padre Bernardo,Casa,340.0,5.0,5.0,2.0,10.0,681346.0
IMV-14500,SCIA / Estrutural,Casa,,5.0,7.0,3.0,22.0,632313.0
IMV-14501,Alvorada do Norte,Casa,133.0,4.0,6.0,3.0,9.0,195260.0
IMV-14502,Cocalzinho de Goiás,Casa,326.0,3.0,4.0,3.0,9.0,642969.0
IMV-14503,Varjão,Apartamento,42.0,,2.0,1.0,0.0,148877.0
IMV-14504,Noroeste,Apartamento,40.0,,1.0,1.0,11.0,416919.0
IMV-14505,Cabeceiras,Casa,462.0,4.0,6.0,2.0,26.0,578464.0
IMV-14506,Mimoso de Goiás,Casa,362.0,4.0,6.0,4.0,10.0,505463.0
IMV-14507,Arniqueira,Casa,227.0,3.0,4.0,2.0,0.0,939184.0
IMV-14508,Samambaia,Apartamento,41.0,4.0,3.0,1.0,32.0,115871.0
IMV-14509,SCIA / Estrutural,Apartamento,92.0,1.0,1.0,2.0,37.0,180099.0
IMV-14510,,Casa,374.0,3.0,3.0,3.0,,648368.0
IMV-14511,Água Fria de Goiás,Casa,399.0,5.0,7.0,4.0,1.0,647041.0
IMV-14512,Samambaia,Apartamento,125.0,4.0,2.0,1.0,26.0,369181.0
IMV-14513,Cidade Ocidental,Casa,366.0,3.0,3.0,3.0,5.0,850961.0
IMV-14514,Núcleo Bandeirante,Apartamento,58.0,3.0,3.0,1.0,13.0,218336.0
IMV-14515,,Casa,534.0,3.0,3.0,2.0,13.0,1087407.0
IMV-14516,Fercal,Casa,386.0,5.0,7.0,2.0,30.0,638600.0
IMV-14517,Park Way,Casa,267.0,4.0,5.0,4.0,28.0,1806162.0
IMV-14518,,Casa,171.0,4.0,6.0,,,321863.0
IMV-14519,São Sebastião,Apartamento,59.0,1.0,1.0,0.0,32.0,146230.0
IMV-14520,Barro Alto,Casa,582.0,4.0,4.0,2.0,39.0,664806.0
IMV-14521,Guará,Casa,497.0,5.0,5.0,2.0,21.0,2622738.0
IMV-14522,Lago Sul,Casa,326.0,4.0,6.0,3.0,35.0,2498746.0
IMV-14523,Varjão,,121.0,4.0,4.0,3.0,16.0,324282.0
IMV-14524,Flores de Goiás,Casa,210.0,,4.0,3.0,30.0,264207.0
IMV-14525,Cristalina,Casa,246.0,5.0,7.0,4.0,23.0,670798.0
IMV-14526,,Casa,592.0,4.0,4.0,2.0,32.0,1306316.0
IMV-14527,Asa Sul,Apartamento,147.0,3.0,3.0,2.0,30.0,1076094.0
IMV-14528,26 de Setembro,Casa,263.0,5.0,7.0,4.0,36.0,409331.0
IMV-14529,Pirenópolis,Casa,,5.0,6.0,2.0,7.0,825820.0
IMV-14530,SIA,Apartamento,83.0,3.0,2.0,1.0,21.0,408527.0
IMV-14531,Cocalzinho de Goiás,Casa,352.0,5.0,7.0,2.0,10.0,810888.0
IMV-14532,Cristalina,Casa,498.0,4.0,5.0,4.0,32.0,1098266.0
IMV-14533,Riacho Fundo,Apartamento,125.0,3.0,3.0,1.0,18.0,463815.0
IMV-14534,São Sebastião,Casa,481.0,5.0,7.0,4.0,,1294072.0
IMV-14535,Candangolândia,Apartamento,71.0,,3.0,1.0,24.0,211659.0
IMV-14536,Asa Sul,Apartamento,70.0,2.0,2.0,0.0,8.0,826953.0
IMV-14537,Cruzeiro,Apartamento,123.0,3.0,2.0,2.0,8.0,969794.0
IMV-14538,Ceilândia,,,2.0,2.0,2.0,36.0,348823.0
IMV-14539,Candangolândia,Casa,449.0,4.0,4.0,2.0,22.0,1679743.0
IMV-14540,Cruzeiro,Apartamento,62.0,2.0,2.0,1.0,29.0,350712.0
IMV-14541,Arapoangas,Casa,498.0,5.0,,2.0,17.0,1120797.0
IMV-14542,Cavalcante,Casa,418.0,3.0,4.0,3.0,28.0,729920.0
IMV-14543,Valparaíso de Goiás,Apartamento,160.0,4.0,2.0,1.0,5.0,522720.0
IMV-14544,Varjão,Apartamento,,1.0,1.0,1.0,29.0,278951.0
IMV-14545,SIA,Apartamento,87.0,4.0,3.0,1.0,4.0,511003.0
IMV-14546,Luziânia,Casa,216.0,5.0,5.0,2.0,16.0,502523.0
IMV-14547,São João d’Aliança,Casa,138.0,5.0,7.0,4.0,17.0,224305.0
IMV-14548,Núcleo Bandeirante,Casa,402.0,4.0,6.0,4.0,2.0,1906077.0
IMV-14549,Taguatinga,Casa,463.0,5.0,5.0,3.0,4.0,2446714.0
IMV-14550,SCIA / Estrutural,Casa,244.0,,5.0,4.0,30.0,458154.0
IMV-14551,Cavalcante,Casa,170.0,3.0,4.0,2.0,6.0,363175.0
IMV-14552,Formosa,Casa,326.0,5.0,5.0,3.0,16.0,908678.0
IMV-14553,Vila Boa,Casa,431.0,3.0,5.0,2.0,19.0,527130.0
IMV-14554,Padre Bernardo,Casa,126.0,5.0,5.0,3.0,3.0,300346.0
IMV-14555,Formosa,Casa,276.0,3.0,3.0,3.0,40.0,604640.0
IMV-14556,Barro Alto,Casa,309.0,,7.0,3.0,19.0,449893.0
IMV-14557,Vila Boa,Casa,218.0,3.0,5.0,2.0,11.0,304300.0
IMV-14558,Sobradinho,Casa,451.0,5.0,6.0,2.0,37.0,1248007.0
IMV-14559,Noroeste,Apartamento,142.0,,3.0,1.0,30.0,1345138.0
IMV-14560,Asa Norte,Apartamento,135.0,1.0,1.0,1.0,31.0,1128482.0
IMV-14561,São João d’Aliança,Casa,566.0,5.0,7.0,4.0,22.0,898170.0
IMV-14562,Flores de Goiás,Casa,536.0,5.0,6.0,2.0,15.0,820167.0
IMV-14563,Jardim Botânico,Casa,363.0,4.0,5.0,4.0,29.0,1602721.0
IMV-14564,Recanto das Emas,Casa,463.0,,4.0,3.0,32.0,1113485.0
IMV-14565,Mimoso de Goiás,Casa,585.0,3.0,3.0,3.0,40.0,660527.0
IMV-14566,Arniqueira,Casa,176.0,5.0,5.0,2.0,29.0,568073.0
IMV-14567,Riacho Fundo II,Casa,430.0,3.0,3.0,4.0,22.0,1137762.0
IMV-14568,Alvorada do Norte,Casa,235.0,5.0,5.0,2.0,29.0,316611.0
IMV-14569,Vila Propício,Casa,138.0,4.0,5.0,3.0,0.0,196442.0
IMV-14570,Novo Gama,Casa,153.0,5.0,7.0,2.0,34.0,259043.0
IMV-14571,Lago Sul,Casa,249.0,4.0,6.0,2.0,2.0,3029838.0
IMV-14572,Samambaia,Apartamento,51.0,,1.0,1.0,5.0,225393.0
IMV-14573,Santo Antônio do Descoberto,Casa,404.0,3.0,5.0,3.0,0.0,1012545.0
IMV-14574,Ceilândia,Apartamento,97.0,4.0,3.0,2.0,16.0,345769.0
IMV-14575,Guará,Apartamento,112.0,1.0,1.0,1.0,33.0,
IMV-14576,Lago Sul,Casa,512.0,3.0,4.0,,0.0,5565572.0
IMV-14577,,Casa,140.0,,,3.0,31.0,274111.0
IMV-14578,Pirenópolis,Casa,433.0,5.0,5.0,3.0,21.0,1541900.0
IMV-14579,Alexânia,,253.0,4.0,,3.0,21.0,629804.0
IMV-14580,Água Fria de Goiás,Casa,155.0,5.0,7.0,2.0,35.0,195866.0
IMV-14581,Recanto das Emas,Casa,195.0,3.0,4.0,4.0,38.0,474517.0
IMV-14582,Park Way,Casa,,4.0,,2.0,21.0,2046890.0
IMV-14583,Vila Propício,,141.0,5.0,7.0,2.0,25.0,147424.0
IMV-14584,Guará,Apartamento,67.0,4.0,4.0,1.0,6.0,410668.0
IMV-14585,Taguatinga,Casa,373.0,4.0,6.0,2.0,35.0,1158902.0
IMV-14586,Riacho Fundo II,Apartamento,165.0,1.0,1.0,2.0,16.0,433050.0
IMV-14587,Vila Boa,Casa,520.0,3.0,4.0,3.0,11.0,708108.0
IMV-14588,Paranoá,Apartamento,96.0,3.0,3.0,1.0,14.0,247654.0
IMV-14589,Lago Norte,Casa,431.0,5.0,6.0,3.0,34.0,3168637.0
IMV-14590,Sobradinho II,Casa,144.0,5.0,6.0,4.0,4.0,464180.0
IMV-14591,Formosa,Casa,260.0,4.0,5.0,4.0,33.0,
IMV-14592,Recanto das Emas,Casa,288.0,,6.0,4.0,7.0,933952.0
IMV-14593,Recanto das Emas,Apartamento,134.0,1.0,1.0,,13.0,423131.0
IMV-14594,Alexânia,Casa,122.0,,5.0,3.0,21.0,288916.0
IMV-14595,Padre Bernardo,Casa,566.0,4.0,4.0,2.0,,1044986.0
IMV-14596,Pirenópolis,Casa,192.0,3.0,4.0,3.0,,813725.0
IMV-14597,Recanto das Emas,Casa,332.0,5.0,5.0,3.0,21.0,955603.0
IMV-14598,Pirenópolis,Casa,539.0,5.0,6.0,3.0,28.0,1613129.0
IMV-14599,Cavalcante,,440.0,4.0,4.0,4.0,32.0,695227.0
IMV-14600,Riacho Fundo II,Apartamento,136.0,4.0,3.0,,35.0,275549.0
IMV-14601,Padre Bernardo,Casa,,5.0,6.0,2.0,10.0,385951.0
IMV-14602,Gama,Apartamento,83.0,4.0,3.0,,,306277.0
IMV-14603,Guará,Apartamento,148.0,1.0,1.0,1.0,31.0,781271.0
IMV-14604,,Casa,,3.0,5.0,3.0,39.0,307935.0
IMV-14605,Flores de Goiás,Casa,250.0,4.0,4.0,3.0,22.0,317717.0
IMV-14606,Cabeceiras,Casa,240.0,5.0,7.0,2.0,3.0,418153.0
IMV-14607,,Apartamento,134.0,,1.0,1.0,18.0,498123.0
IMV-14608,Arniqueira,Casa,227.0,3.0,3.0,4.0,12.0,
IMV-14609,Cidade Ocidental,Casa,299.0,4.0,4.0,2.0,24.0,629253.0
IMV-14610,Abadiânia,Casa,323.0,3.0,4.0,3.0,29.0,517331.0
IMV-14611,Santa Maria,Apartamento,100.0,1.0,1.0,2.0,21.0,275159.0
IMV-14612,Abadiânia,Casa,579.0,3.0,3.0,4.0,14.0,1225005.0
IMV-14613,Noroeste,Apartamento,,4.0,4.0,2.0,12.0,1014781.0
IMV-14614,Santo Antônio do Descoberto,Casa,357.0,5.0,5.0,4.0,0.0,901889.0
IMV-14615,Mimoso de Goiás,,356.0,5.0,7.0,2.0,32.0,
IMV-14616,Cruzeiro,Apartamento,86.0,1.0,1.0,1.0,32.0,479911.0
IMV-14617,Alvorada do Norte,,494.0,5.0,6.0,3.0,8.0,659823.0
IMV-14618,Abadiânia,Casa,196.0,5.0,5.0,4.0,33.0,323573.0
IMV-14619,Flores de Goiás,Casa,275.0,3.0,3.0,3.0,39.0,309030.0
IMV-14620,Vila Boa,Casa,467.0,4.0,4.0,2.0,20.0,500365.0
IMV-14621,Goianésia,Casa,247.0,3.0,3.0,4.0,10.0,597471.0
IMV-14622,Cabeceira Grande,Casa,213.0,5.0,5.0,2.0,36.0,231533.0
IMV-14623,Brazlândia,Casa,549.0,4.0,4.0,4.0,3.0,1755982.0
IMV-14624,Alto Paraíso de Goiás,Casa,253.0,5.0,6.0,2.0,40.0,708071.0
IMV-14625,SIA,Apartamento,64.0,2.0,2.0,,,218103.0
IMV-14626,Asa Sul,Apartamento,177.0,3.0,3.0,1.0,,1676061.0
IMV-14627,SCIA / Estrutural,Apartamento,54.0,4.0,2.0,,32.0,96757.0
IMV-14628,Sobradinho II,Casa,357.0,5.0,6.0,2.0,22.0,1067415.0
IMV-14629,Águas Lindas de Goiás,Casa,378.0,3.0,4.0,3.0,38.0,704282.0
IMV-14630,Paranoá,Casa,537.0,5.0,6.0,2.0,27.0,1423644.0
IMV-14631,Jardim Botânico,Casa,596.0,3.0,3.0,3.0,16.0,3512172.0
IMV-14632,Paranoá,Casa,580.0,4.0,6.0,2.0,15.0,1532933.0
IMV-14633,Ponte Alta,Casa,518.0,4.0,4.0,2.0,31.0,1022527.0
IMV-14634,Alexânia,Casa,423.0,3.0,5.0,3.0,37.0,735910.0
IMV-14635,Park Way,Casa,497.0,4.0,4.0,2.0,34.0,2920034.0
IMV-14636,SIA,Apartamento,143.0,4.0,3.0,1.0,0.0,784762.0
IMV-14637,Cruzeiro,Apartamento,108.0,3.0,2.0,1.0,6.0,867276.0
IMV-14638,Samambaia,Apartamento,103.0,2.0,2.0,2.0,29.0,268294.0
IMV-14639,Sol Nascente / Pôr do Sol,Apartamento,130.0,2.0,2.0,,18.0,291849.0
IMV-14640,Vila Boa,Casa,199.0,5.0,5.0,2.0,5.0,261580.0
IMV-14641,Alexânia,Casa,592.0,5.0,5.0,4.0,34.0,1314026.0
IMV-14642,Park Way,Casa,423.0,5.0,7.0,3.0,4.0,3844274.0
IMV-14643,Água Fria de Goiás,Casa,581.0,4.0,4.0,,26.0,741061.0
IMV-14644,Niquelândia,Casa,240.0,3.0,3.0,3.0,8.0,470740.0
IMV-14645,Park Way,Casa,493.0,4.0,5.0,2.0,17.0,3015310.0
IMV-14646,Valparaíso de Goiás,Apartamento,98.0,4.0,,2.0,20.0,239598.0
IMV-14647,Sobradinho,Casa,531.0,3.0,,2.0,25.0,1952963.0
IMV-14648,Jardim Botânico,Casa,169.0,4.0,4.0,4.0,25.0,758965.0
IMV-14649,Planaltina,Casa,220.0,5.0,5.0,3.0,18.0,573319.0
IMV-14650,Vila Boa,Casa,351.0,3.0,4.0,2.0,34.0,367003.0
IMV-14651,Cristalina,Casa,315.0,5.0,7.0,4.0,15.0,840032.0
IMV-14652,Niquelândia,Casa,374.0,4.0,5.0,4.0,,615428.0
IMV-14653,Padre Bernardo,Casa,195.0,4.0,6.0,3.0,17.0,320818.0
IMV-14654,Gama,Apartamento,149.0,,1.0,1.0,5.0,
IMV-14655,Itapoã,Casa,146.0,5.0,6.0,3.0,33.0,352397.0
IMV-14656,,Casa,208.0,5.0,7.0,4.0,37.0,948873.0
IMV-14657,Santo Antônio do Descoberto,Casa,,5.0,7.0,4.0,15.0,899632.0
IMV-14658,,Casa,517.0,5.0,6.0,3.0,39.0,1358664.0
IMV-14659,Guará,Apartamento,166.0,4.0,1.0,2.0,22.0,958060.0
IMV-14660,Jardim Botânico,Casa,202.0,3.0,3.0,4.0,39.0,829318.0
IMV-14661,Samambaia,Apartamento,98.0,3.0,1.0,,19.0,284573.0
IMV-14662,Recanto das Emas,Casa,249.0,5.0,7.0,4.0,,499893.0
IMV-14663,Padre Bernardo,Casa,236.0,3.0,4.0,3.0,8.0,418710.0
IMV-14664,Água Quente,Casa,525.0,4.0,4.0,3.0,22.0,816897.0
IMV-14665,Lago Norte,Casa,512.0,3.0,4.0,2.0,37.0,4111548.0
IMV-14666,Água Quente,Casa,182.0,5.0,5.0,2.0,27.0,257626.0
IMV-14667,Sobradinho II,Casa,250.0,3.0,4.0,3.0,28.0,594467.0
IMV-14668,SIA,Apartamento,82.0,4.0,3.0,1.0,31.0,315842.0
IMV-14669,,Casa,412.0,3.0,3.0,3.0,31.0,785119.0
IMV-14670,Riacho Fundo,Apartamento,75.0,,1.0,1.0,22.0,223340.0
IMV-14671,Luziânia,Casa,,,5.0,2.0,32.0,211940.0
IMV-14672,Planaltina,Casa,231.0,4.0,5.0,4.0,6.0,602415.0
IMV-14673,Água Fria de Goiás,Casa,131.0,5.0,5.0,4.0,17.0,212380.0
IMV-14674,Barro Alto,Casa,,4.0,5.0,2.0,6.0,391015.0
IMV-14675,Alvorada do Norte,Casa,146.0,5.0,7.0,2.0,24.0,
IMV-14676,,,86.0,4.0,4.0,2.0,,219903.0
IMV-14677,Sobradinho,Casa,402.0,5.0,5.0,,27.0,1233775.0
IMV-14678,Cocalzinho de Goiás,Casa,289.0,5.0,6.0,3.0,13.0,647343.0
IMV-14679,Planaltina,Apartamento,100.0,3.0,1.0,2.0,12.0,293042.0
IMV-14680,Taguatinga,,139.0,4.0,1.0,1.0,32.0,491538.0
IMV-14681,Goianésia,Casa,,4.0,4.0,4.0,29.0,342613.0
IMV-14682,Ponte Alta,Casa,256.0,4.0,4.0,4.0,7.0,675996.0
IMV-14683,Cruzeiro,Apartamento,85.0,2.0,1.0,2.0,36.0,465926.0
IMV-14684,Varjão,Apartamento,62.0,2.0,2.0,,,138847.0
IMV-14685,Flores de Goiás,Casa,387.0,5.0,,2.0,25.0,521233.0
IMV-14686,Mimoso de Goiás,Casa,519.0,5.0,6.0,3.0,20.0,708381.0
IMV-14687,Águas Claras,Apartamento,68.0,1.0,1.0,1.0,23.0,399496.0
IMV-14688,Cristalina,Casa,,3.0,5.0,4.0,7.0,1247784.0
IMV-14689,,Casa,275.0,4.0,6.0,3.0,3.0,432176.0
IMV-14690,Vila Propício,Casa,550.0,,5.0,,15.0,831212.0
IMV-14691,Alexânia,Casa,583.0,4.0,6.0,4.0,34.0,1232771.0
IMV-14692,Núcleo Bandeirante,Casa,333.0,3.0,5.0,2.0,19.0,1133982.0
IMV-14693,SCIA / Estrutural,Apartamento,91.0,4.0,3.0,2.0,18.0,198119.0
IMV-14694,Santo Antônio do Descoberto,Casa,,5.0,5.0,3.0,30.0,939537.0
IMV-14695,Arapoangas,Casa,571.0,5.0,5.0,2.0,8.0,1466918.0
IMV-14696,Cocalzinho de Goiás,Casa,126.0,3.0,5.0,2.0,0.0,276239.0
IMV-14697,Padre Bernardo,Casa,344.0,4.0,6.0,3.0,3.0,
IMV-14698,Vicente Pires,Casa,316.0,3.0,5.0,4.0,39.0,878692.0
IMV-14699,Park Way,Casa,345.0,5.0,6.0,4.0,4.0,2860227.0
IMV-14700,Santa Maria,Apartamento,109.0,2.0,1.0,2.0,24.0,261570.0
IMV-14701,Santo Antônio do Descoberto,Casa,172.0,3.0,3.0,4.0,,338333.0
IMV-14702,Núcleo Bandeirante,Casa,576.0,4.0,6.0,4.0,14.0,2432770.0
IMV-14703,Fercal,Casa,133.0,,4.0,4.0,11.0,238539.0
IMV-14704,Alto Paraíso de Goiás,Casa,565.0,5.0,7.0,2.0,1.0,2406486.0
IMV-14705,Vicente Pires,Casa,320.0,,6.0,3.0,37.0,922955.0
IMV-14706,Água Fria de Goiás,Casa,227.0,5.0,6.0,4.0,26.0,301961.0
IMV-14707,Simolândia,Casa,406.0,5.0,6.0,4.0,22.0,478814.0
IMV-14708,Alexânia,Casa,283.0,5.0,7.0,,26.0,650295.0
IMV-14709,Paranoá,Apartamento,94.0,3.0,3.0,2.0,40.0,192747.0
IMV-14710,SIA,Apartamento,168.0,3.0,1.0,2.0,18.0,665484.0
IMV-14711,Valparaíso de Goiás,Apartamento,132.0,1.0,1.0,,17.0,335359.0
IMV-14712,São João d’Aliança,Casa,297.0,3.0,4.0,3.0,10.0,480280.0
IMV-14713,Lago Norte,Casa,491.0,4.0,4.0,4.0,5.0,5396180.0
IMV-14714,Sol Nascente / Pôr do Sol,Apartamento,158.0,4.0,2.0,1.0,3.0,381485.0
IMV-14715,SCIA / Estrutural,Apartamento,121.0,3.0,2.0,2.0,17.0,
IMV-14716,Asa Sul,Apartamento,,4.0,2.0,1.0,5.0,
IMV-14717,Ceilândia,Apartamento,106.0,3.0,3.0,2.0,5.0,329903.0
IMV-14718,Jardim Botânico,Casa,287.0,3.0,5.0,2.0,39.0,1397628.0
IMV-14719,,Casa,193.0,3.0,3.0,,9.0,627722.0
IMV-14720,,Casa,536.0,,5.0,,34.0,556669.0
IMV-14721,Água Fria de Goiás,Casa,295.0,3.0,4.0,4.0,37.0,323169.0
IMV-14722,Vila Propício,Casa,131.0,4.0,5.0,3.0,40.0,136691.0
IMV-14723,Guará,Casa,196.0,4.0,4.0,4.0,31.0,1021902.0
IMV-14724,SCIA / Estrutural,Apartamento,,4.0,3.0,1.0,7.0,438580.0
IMV-14725,Cidade Ocidental,Casa,373.0,5.0,5.0,2.0,13.0,886666.0
IMV-14726,Valparaíso de Goiás,Apartamento,168.0,4.0,4.0,1.0,13.0,521990.0
IMV-14727,Simolândia,,396.0,5.0,6.0,4.0,8.0,634055.0
IMV-14728,Núcleo Bandeirante,Casa,407.0,3.0,,,24.0,
IMV-14729,Simolândia,Casa,167.0,5.0,6.0,4.0,23.0,226324.0
IMV-14730,Cruzeiro,Apartamento,79.0,2.0,1.0,1.0,29.0,382863.0
IMV-14731,Simolândia,Casa,547.0,5.0,,3.0,9.0,719323.0
IMV-14732,Ceilândia,Apartamento,85.0,1.0,1.0,1.0,9.0,310317.0
IMV-14733,Cidade Ocidental,Casa,214.0,5.0,7.0,4.0,,450238.0
IMV-14734,Vicente Pires,Casa,419.0,3.0,3.0,3.0,14.0,1774642.0
IMV-14735,26 de Setembro,Casa,386.0,3.0,4.0,2.0,33.0,
IMV-14736,Cabeceiras,Casa,177.0,4.0,5.0,4.0,38.0,213921.0
IMV-14737,Noroeste,Apartamento,159.0,1.0,1.0,1.0,22.0,1760486.0
IMV-14738,Park Way,Casa,371.0,4.0,5.0,4.0,25.0,
IMV-14739,Riacho Fundo,Apartamento,72.0,3.0,2.0,2.0,15.0,265334.0
IMV-14740,Cruzeiro,Apartamento,139.0,1.0,1.0,2.0,11.0,843592.0
IMV-14741,Vicente Pires,Casa,538.0,4.0,4.0,2.0,2.0,2540949.0
IMV-14742,,Apartamento,82.0,1.0,1.0,2.0,39.0,161987.0
IMV-14743,Riacho Fundo II,Casa,434.0,3.0,4.0,3.0,,1294609.0
IMV-14744,Samambaia,Apartamento,165.0,3.0,1.0,1.0,,456969.0
IMV-14745,Arniqueira,,553.0,5.0,5.0,3.0,27.0,1663572.0
IMV-14746,Lago Sul,Casa,600.0,3.0,4.0,2.0,15.0,6275694.0
IMV-14747,Mimoso de Goiás,Casa,397.0,5.0,7.0,3.0,2.0,665310.0
IMV-14748,Água Quente,Casa,395.0,3.0,3.0,2.0,34.0,591929.0
IMV-14749,,Casa,,,4.0,4.0,2.0,524133.0
IMV-14750,Cocalzinho de Goiás,Casa,348.0,4.0,6.0,3.0,11.0,727120.0
IMV-14751,São Sebastião,Apartamento,105.0,4.0,1.0,1.0,30.0,
IMV-14752,,Casa,369.0,5.0,5.0,4.0,10.0,669695.0
IMV-14753,26 de Setembro,Casa,308.0,5.0,7.0,3.0,23.0,522296.0
IMV-14754,Guará,Casa,170.0,5.0,7.0,3.0,25.0,900303.0
IMV-14755,Taguatinga,Casa,458.0,5.0,7.0,2.0,27.0,1513983.0
IMV-14756,Formosa,Casa,202.0,5.0,7.0,4.0,26.0,474852.0
IMV-14757,Vila Boa,Casa,320.0,,3.0,4.0,33.0,329385.0
IMV-14758,Arapoangas,Casa,526.0,,4.0,3.0,20.0,1296895.0
IMV-14759,Alto Paraíso de Goiás,Casa,408.0,,4.0,3.0,19.0,1546915.0
IMV-14760,Alto Paraíso de Goiás,Casa,481.0,4.0,5.0,2.0,29.0,1221810.0
IMV-14761,Cabeceiras,Casa,,4.0,4.0,4.0,35.0,262863.0
IMV-14762,Planaltina,Casa,550.0,4.0,6.0,3.0,32.0,1264224.0
IMV-14763,Luziânia,Casa,158.0,5.0,6.0,3.0,1.0,393556.0
IMV-14764,Brazlândia,Casa,277.0,3.0,3.0,4.0,16.0,645102.0
IMV-14765,Água Quente,Casa,225.0,4.0,5.0,4.0,19.0,364286.0
IMV-14766,Cruzeiro,Apartamento,103.0,1.0,1.0,2.0,0.0,782019.0
IMV-14767,Samambaia,Apartamento,,1.0,1.0,2.0,13.0,367834.0
IMV-14768,Sobradinho II,Casa,,5.0,6.0,2.0,7.0,1536792.0
IMV-14769,,Apartamento,102.0,3.0,1.0,1.0,,417140.0
IMV-14770,Cabeceiras,Casa,587.0,5.0,6.0,2.0,26.0,837098.0
IMV-14771,Guará,Casa,466.0,5.0,6.0,,29.0,2260608.0
IMV-14772,Cabeceira Grande,Casa,306.0,4.0,4.0,4.0,1.0,524611.0
IMV-14773,Ceilândia,Apartamento,94.0,4.0,3.0,1.0,18.0,305749.0
IMV-14774,Noroeste,Apartamento,41.0,4.0,4.0,1.0,19.0,498279.0
IMV-14775,Abadiânia,Casa,408.0,4.0,5.0,4.0,19.0,816431.0
IMV-14776,Formosa,Casa,591.0,5.0,6.0,3.0,24.0,1465679.0
IMV-14777,Cristalina,Casa,477.0,4.0,4.0,2.0,32.0,1107177.0
IMV-14778,Vila Propício,Casa,401.0,3.0,3.0,3.0,8.0,541016.0
IMV-14779,Águas Claras,Apartamento,127.0,3.0,3.0,1.0,37.0,757239.0
IMV-14780,Água Fria de Goiás,Casa,366.0,5.0,6.0,2.0,16.0,576314.0
IMV-14781,,Casa,410.0,3.0,4.0,3.0,31.0,925450.0
IMV-14782,Núcleo Bandeirante,Apartamento,135.0,1.0,1.0,2.0,14.0,525428.0
IMV-14783,Planaltina (GO),Casa,198.0,4.0,6.0,,20.0,349399.0
IMV-14784,Itapoã,Apartamento,73.0,3.0,2.0,2.0,8.0,208692.0
IMV-14785,Planaltina (GO),Casa,240.0,4.0,5.0,4.0,17.0,424040.0
IMV-14786,,Casa,571.0,4.0,5.0,2.0,10.0,1451881.0
IMV-14787,Luziânia,Casa,,5.0,6.0,2.0,39.0,694933.0
IMV-14788,Lago Sul,Casa,528.0,4.0,5.0,4.0,1.0,6608842.0
IMV-14789,Valparaíso de Goiás,Apartamento,61.0,4.0,1.0,1.0,19.0,
IMV-14790,SIA,Apartamento,49.0,3.0,3.0,1.0,0.0,293836.0
IMV-14791,Itapoã,Casa,511.0,,7.0,4.0,39.0,1206799.0
IMV-14792,Lago Norte,Casa,530.0,3.0,,3.0,39.0,3561045.0
IMV-14793,Água Fria de Goiás,Casa,397.0,5.0,7.0,2.0,12.0,542450.0
IMV-14794,,,591.0,5.0,5.0,2.0,9.0,1243787.0
IMV-14795,Cabeceiras,Casa,374.0,4.0,5.0,2.0,35.0,470402.0
IMV-14796,Cavalcante,,444.0,5.0,5.0,2.0,34.0,790320.0
IMV-14797,São João d’Aliança,Casa,456.0,5.0,7.0,4.0,8.0,1007477.0
IMV-14798,Cabeceiras,Casa,184.0,3.0,4.0,2.0,23.0,280551.0
IMV-14799,SIA,Apartamento,110.0,1.0,1.0,1.0,22.0,524100.0
IMV-14800,Arapoangas,Casa,407.0,5.0,7.0,4.0,21.0,745033.0
IMV-14801,São João d’Aliança,Casa,212.0,,7.0,4.0,18.0,384325.0
IMV-14802,Simolândia,Casa,449.0,5.0,6.0,4.0,30.0,520496.0
IMV-14803,Formosa,Casa,516.0,4.0,6.0,2.0,,1602190.0
IMV-14804,Riacho Fundo II,Casa,,4.0,4.0,3.0,29.0,723367.0
IMV-14805,Cocalzinho de Goiás,Casa,314.0,3.0,4.0,2.0,12.0,659693.0
IMV-14806,Fercal,Casa,152.0,5.0,5.0,3.0,8.0,322185.0
IMV-14807,SCIA / Estrutural,Casa,236.0,3.0,3.0,3.0,23.0,429565.0
IMV-14808,Niquelândia,Casa,503.0,,5.0,2.0,32.0,662877.0
IMV-14809,Vila Boa,Casa,301.0,5.0,5.0,4.0,16.0,416656.0
IMV-14810,Vila Propício,Casa,554.0,3.0,,4.0,12.0,889276.0
IMV-14811,SCIA / Estrutural,Apartamento,110.0,2.0,2.0,2.0,23.0,227826.0
IMV-14812,Candangolândia,Casa,567.0,4.0,4.0,4.0,37.0,1794937.0
IMV-14813,Cidade Ocidental,Casa,455.0,4.0,,4.0,20.0,969354.0
IMV-14814,Cristalina,Casa,196.0,5.0,7.0,2.0,3.0,664802.0
IMV-14815,Barro Alto,Casa,319.0,3.0,3.0,2.0,39.0,411376.0
IMV-14816,Águas Claras,Apartamento,45.0,3.0,3.0,0.0,8.0,339832.0
IMV-14817,SCIA / Estrutural,Casa,387.0,4.0,5.0,4.0,2.0,979449.0
IMV-14818,Brazlândia,Casa,520.0,5.0,7.0,3.0,20.0,1151350.0
IMV-14819,Cabeceiras,Casa,374.0,3.0,5.0,3.0,34.0,432314.0
IMV-14820,Flores de Goiás,Casa,306.0,4.0,4.0,3.0,14.0,418176.0
IMV-14821,Mimoso de Goiás,Casa,511.0,,5.0,4.0,20.0,532074.0
IMV-14822,Cristalina,Casa,454.0,5.0,6.0,3.0,31.0,1081141.0
IMV-14823,Varjão,Casa,127.0,5.0,7.0,2.0,30.0,277695.0
IMV-14824,Planaltina (GO),,122.0,5.0,7.0,4.0,37.0,194264.0
IMV-14825,Planaltina (GO),Casa,145.0,5.0,6.0,,22.0,253882.0
IMV-14826,SIA,Apartamento,168.0,2.0,1.0,2.0,30.0,621792.0
IMV-14827,Cruzeiro,Apartamento,90.0,1.0,1.0,1.0,16.0,576309.0
IMV-14828,Ceilândia,Casa,478.0,4.0,5.0,2.0,16.0,1535075.0
IMV-14829,SIA,Apartamento,48.0,3.0,2.0,1.0,12.0,
IMV-14830,Varjão,Apartamento,110.0,1.0,1.0,2.0,26.0,309864.0
IMV-14831,Água Quente,Casa,371.0,3.0,3.0,3.0,8.0,789651.0
IMV-14832,Park Way,Casa,303.0,5.0,5.0,2.0,12.0,2068051.0
IMV-14833,Cabeceira Grande,Casa,312.0,3.0,3.0,2.0,36.0,407493.0
IMV-14834,Recanto das Emas,Casa,430.0,5.0,7.0,2.0,34.0,992478.0
IMV-14835,Arniqueira,Casa,331.0,5.0,5.0,4.0,38.0,1208194.0
IMV-14836,Arapoangas,Casa,555.0,5.0,5.0,4.0,6.0,
IMV-14837,,Casa,379.0,4.0,6.0,3.0,3.0,963771.0
IMV-14838,Padre Bernardo,Casa,450.0,4.0,5.0,3.0,37.0,710804.0
IMV-14839,Noroeste,Apartamento,145.0,1.0,1.0,1.0,31.0,1388189.0
IMV-14840,Abadiânia,Casa,190.0,4.0,6.0,3.0,22.0,390253.0
IMV-14841,SCIA / Estrutural,Casa,323.0,5.0,6.0,3.0,28.0,577375.0
IMV-14842,Cocalzinho de Goiás,Casa,287.0,4.0,4.0,4.0,5.0,569292.0
IMV-14843,Cabeceiras,Casa,588.0,3.0,4.0,3.0,32.0,775079.0
IMV-14844,SCIA / Estrutural,Casa,283.0,4.0,6.0,2.0,6.0,635243.0
IMV-14845,Cristalina,Casa,416.0,3.0,3.0,4.0,30.0,776503.0
IMV-14846,São Sebastião,Casa,402.0,5.0,7.0,3.0,28.0,920358.0
IMV-14847,Arapoangas,Casa,394.0,5.0,5.0,3.0,16.0,890051.0
IMV-14848,Planaltina (GO),Casa,330.0,5.0,7.0,3.0,20.0,573160.0
IMV-14849,Guará,Apartamento,136.0,1.0,1.0,2.0,28.0,732362.0
IMV-14850,Alvorada do Norte,Casa,250.0,3.0,5.0,3.0,14.0,380058.0
IMV-14851,SIA,Apartamento,143.0,3.0,1.0,1.0,,
IMV-14852,Sobradinho,Casa,251.0,,6.0,4.0,3.0,1026474.0
IMV-14853,Sobradinho,Casa,553.0,5.0,5.0,3.0,36.0,1589897.0
IMV-14854,Asa Sul,Apartamento,88.0,1.0,1.0,2.0,,958140.0
IMV-14855,Águas Claras,Apartamento,141.0,2.0,1.0,2.0,5.0,1090070.0
IMV-14856,Lago Sul,Casa,378.0,5.0,5.0,3.0,27.0,3169821.0
IMV-14857,Jardim Botânico,Casa,282.0,4.0,6.0,3.0,24.0,1315070.0
IMV-14858,Asa Sul,Apartamento,168.0,1.0,1.0,2.0,24.0,1584762.0
IMV-14859,Cabeceiras,,308.0,,5.0,3.0,33.0,429913.0
IMV-14860,Paranoá,Apartamento,111.0,1.0,1.0,1.0,38.0,249590.0
IMV-14861,,Casa,307.0,4.0,5.0,4.0,7.0,768414.0
IMV-14862,Água Fria de Goiás,Casa,521.0,5.0,5.0,2.0,15.0,716125.0
IMV-14863,Núcleo Bandeirante,Apartamento,159.0,4.0,3.0,2.0,31.0,472757.0
IMV-14864,Samambaia,Apartamento,162.0,4.0,4.0,1.0,40.0,399895.0
IMV-14865,Valparaíso de Goiás,Apartamento,126.0,1.0,1.0,2.0,5.0,427718.0
IMV-14866,Alvorada do Norte,Casa,526.0,3.0,5.0,3.0,8.0,715033.0
IMV-14867,Água Fria de Goiás,Casa,393.0,3.0,5.0,2.0,39.0,522406.0
IMV-14868,Guará,Apartamento,156.0,2.0,2.0,2.0,14.0,1085574.0
IMV-14869,Cocalzinho de Goiás,Casa,574.0,4.0,4.0,3.0,26.0,1032691.0
IMV-14870,,Apartamento,101.0,3.0,1.0,1.0,14.0,324972.0
IMV-14871,Arniqueira,Casa,342.0,5.0,5.0,3.0,11.0,1436091.0
IMV-14872,São Sebastião,Casa,171.0,4.0,4.0,2.0,16.0,528716.0
IMV-14873,Alto Paraíso de Goiás,Casa,189.0,3.0,3.0,4.0,28.0,498691.0
IMV-14874,Sobradinho II,Casa,337.0,5.0,6.0,3.0,31.0,763336.0
IMV-14875,26 de Setembro,Casa,159.0,3.0,,2.0,23.0,303353.0
IMV-14876,Cabeceiras,Casa,153.0,3.0,4.0,3.0,26.0,205392.0
IMV-14877,Recanto das Emas,Apartamento,,1.0,,1.0,7.0,299470.0
IMV-14878,Paranoá,,492.0,5.0,7.0,2.0,25.0,1197307.0
IMV-14879,Gama,Casa,252.0,4.0,6.0,4.0,26.0,861764.0
IMV-14880,Varjão,Apartamento,,4.0,1.0,2.0,28.0,215539.0
IMV-14881,Valparaíso de Goiás,Apartamento,72.0,3.0,1.0,2.0,25.0,147966.0
IMV-14882,Vicente Pires,Casa,411.0,3.0,3.0,2.0,16.0,1731848.0
IMV-14883,Taguatinga,Apartamento,67.0,2.0,1.0,0.0,38.0,249111.0
IMV-14884,Arniqueira,Casa,501.0,4.0,4.0,2.0,26.0,1592750.0
IMV-14885,Águas Claras,Apartamento,98.0,3.0,3.0,2.0,13.0,805592.0
IMV-14886,Brazlândia,Casa,560.0,,5.0,4.0,3.0,1774324.0
IMV-14887,Riacho Fundo,Apartamento,79.0,1.0,1.0,1.0,18.0,229449.0
IMV-14888,Planaltina (GO),Casa,214.0,5.0,7.0,2.0,15.0,423591.0
IMV-14889,Cristalina,Casa,597.0,4.0,5.0,2.0,14.0,1776916.0
IMV-14890,Arapoangas,Casa,232.0,4.0,4.0,4.0,37.0,421122.0
IMV-14891,SCIA / Estrutural,Casa,203.0,4.0,5.0,4.0,35.0,411265.0
IMV-14892,Sol Nascente / Pôr do Sol,Casa,193.0,3.0,4.0,2.0,32.0,305719.0
IMV-14893,Santa Maria,Apartamento,138.0,4.0,3.0,2.0,14.0,384785.0
IMV-14894,Cocalzinho de Goiás,Casa,436.0,4.0,4.0,4.0,30.0,704547.0
IMV-14895,Planaltina,Casa,458.0,5.0,5.0,4.0,37.0,1060836.0
IMV-14896,Planaltina (GO),Casa,394.0,5.0,5.0,3.0,40.0,599226.0
IMV-14897,Noroeste,Apartamento,165.0,3.0,,2.0,25.0,1744835.0
IMV-14898,Jardim Botânico,Casa,161.0,5.0,7.0,2.0,26.0,744302.0
IMV-14899,Sudoeste / Octogonal,Apartamento,50.0,3.0,3.0,0.0,9.0,526602.0
IMV-14900,Taguatinga,Apartamento,,4.0,4.0,1.0,27.0,188404.0
IMV-14901,Vila Boa,Casa,391.0,3.0,3.0,3.0,5.0,630013.0
IMV-14902,Novo Gama,Casa,,3.0,5.0,3.0,6.0,948752.0
IMV-14903,Recanto das Emas,Apartamento,91.0,2.0,1.0,2.0,32.0,
IMV-14904,Núcleo Bandeirante,Apartamento,44.0,4.0,1.0,0.0,31.0,145152.0
IMV-14905,Cocalzinho de Goiás,Casa,347.0,5.0,6.0,,12.0,641930.0
IMV-14906,Cristalina,Casa,127.0,5.0,6.0,4.0,28.0,
IMV-14907,Jardim Botânico,Casa,315.0,4.0,5.0,2.0,15.0,1496156.0
IMV-14908,Planaltina (GO),Casa,297.0,4.0,5.0,2.0,20.0,616412.0
IMV-14909,Cidade Ocidental,Casa,171.0,4.0,4.0,2.0,15.0,387011.0
IMV-14910,Águas Claras,Apartamento,163.0,2.0,1.0,2.0,34.0,
IMV-14911,,,261.0,5.0,5.0,4.0,38.0,
IMV-14912,Cristalina,Casa,541.0,,5.0,4.0,4.0,1807558.0
IMV-14913,Santo Antônio do Descoberto,,261.0,4.0,5.0,2.0,,577540.0
IMV-14914,Sol Nascente / Pôr do Sol,Casa,527.0,3.0,4.0,3.0,26.0,892768.0
IMV-14915,Barro Alto,Casa,157.0,5.0,6.0,,40.0,197980.0
IMV-14916,Alexânia,Casa,123.0,3.0,3.0,4.0,21.0,241961.0
IMV-14917,Águas Lindas de Goiás,Apartamento,140.0,1.0,1.0,2.0,33.0,224935.0
IMV-14918,Cabeceira Grande,Casa,276.0,3.0,3.0,3.0,34.0,293778.0
IMV-14919,Vila Propício,Casa,437.0,4.0,4.0,4.0,28.0,459794.0
IMV-14920,,Apartamento,130.0,4.0,,1.0,8.0,462161.0
IMV-14921,Luziânia,Casa,349.0,3.0,3.0,2.0,26.0,737985.0
IMV-14922,Alexânia,Casa,238.0,3.0,3.0,3.0,23.0,470309.0
IMV-14923,Águas Claras,Apartamento,151.0,2.0,1.0,1.0,25.0,891480.0
IMV-14924,Pirenópolis,Casa,543.0,3.0,3.0,2.0,6.0,2262918.0
IMV-14925,Mimoso de Goiás,Casa,381.0,3.0,3.0,4.0,26.0,465274.0
IMV-14926,Candangolândia,Casa,145.0,5.0,6.0,3.0,24.0,541182.0
IMV-14927,Fercal,Casa,312.0,4.0,4.0,4.0,29.0,418634.0
IMV-14928,Sudoeste / Octogonal,Apartamento,79.0,4.0,2.0,2.0,24.0,677021.0
IMV-14929,Guará,Apartamento,98.0,1.0,1.0,2.0,26.0,512599.0
IMV-14930,Cabeceira Grande,Casa,,5.0,7.0,2.0,34.0,559051.0
IMV-14931,Alexânia,Casa,,4.0,5.0,3.0,36.0,494819.0
IMV-14932,Água Quente,,163.0,5.0,7.0,4.0,39.0,209350.0
IMV-14933,São João d’Aliança,Casa,243.0,3.0,3.0,2.0,33.0,351368.0
IMV-14934,SIA,Apartamento,174.0,3.0,2.0,1.0,26.0,642965.0
IMV-14935,,Apartamento,,2.0,1.0,1.0,16.0,806419.0
IMV-14936,Valparaíso de Goiás,Apartamento,147.0,4.0,2.0,2.0,33.0,351682.0
IMV-14937,SIA,Apartamento,82.0,1.0,1.0,1.0,0.0,
IMV-14938,Samambaia,Apartamento,93.0,3.0,3.0,2.0,7.0,341413.0
IMV-14939,Park Way,Casa,256.0,3.0,3.0,3.0,6.0,2085174.0
IMV-14940,Valparaíso de Goiás,Apartamento,140.0,1.0,1.0,1.0,31.0,281301.0
IMV-14941,Abadiânia,Casa,525.0,3.0,3.0,4.0,,720177.0
IMV-14942,São João d’Aliança,Casa,399.0,4.0,6.0,4.0,4.0,703342.0
IMV-14943,Park Way,Casa,270.0,4.0,4.0,4.0,35.0,1690728.0
IMV-14944,Park Way,Casa,493.0,4.0,4.0,3.0,11.0,4093135.0
IMV-14945,Recanto das Emas,Apartamento,,3.0,1.0,2.0,34.0,268041.0
IMV-14946,Núcleo Bandeirante,Apartamento,111.0,1.0,1.0,2.0,3.0,555352.0
IMV-14947,Cabeceiras,Casa,341.0,3.0,4.0,4.0,15.0,581368.0
IMV-14948,Planaltina,Casa,213.0,3.0,,,22.0,598353.0
IMV-14949,Cavalcante,Casa,467.0,3.0,4.0,4.0,9.0,886938.0
IMV-14950,Lago Sul,,397.0,4.0,6.0,4.0,33.0,3505412.0
IMV-14951,26 de Setembro,Casa,123.0,5.0,7.0,4.0,,300981.0
IMV-14952,Cidade Ocidental,,136.0,5.0,7.0,4.0,13.0,365008.0
IMV-14953,Cruzeiro,Apartamento,152.0,3.0,2.0,1.0,36.0,841971.0
IMV-14954,Cabeceiras,,140.0,4.0,6.0,4.0,2.0,218029.0
IMV-14955,Ceilândia,Apartamento,111.0,2.0,2.0,,38.0,298836.0
IMV-14956,,Casa,156.0,4.0,5.0,4.0,2.0,235672.0
IMV-14957,Vicente Pires,Casa,334.0,,7.0,2.0,6.0,1373331.0
IMV-14958,Cruzeiro,Apartamento,162.0,2.0,1.0,1.0,8.0,1020809.0
IMV-14959,Gama,Apartamento,65.0,1.0,1.0,0.0,37.0,181784.0
IMV-14960,Água Fria de Goiás,Casa,584.0,3.0,4.0,2.0,31.0,693540.0
IMV-14961,Valparaíso de Goiás,Apartamento,75.0,2.0,1.0,1.0,4.0,260607.0
IMV-14962,Sobradinho II,Casa,557.0,4.0,5.0,3.0,10.0,1862102.0
IMV-14963,Lago Norte,Casa,527.0,5.0,5.0,3.0,6.0,5550160.0
IMV-14964,Ponte Alta,Casa,178.0,,4.0,3.0,28.0,306791.0
IMV-14965,Arapoangas,Casa,381.0,5.0,6.0,2.0,13.0,873394.0
IMV-14966,Jardim Botânico,Casa,281.0,5.0,6.0,3.0,,1332233.0
IMV-14967,Arniqueira,Casa,230.0,5.0,5.0,3.0,,860844.0
IMV-14968,Sudoeste / Octogonal,Apartamento,113.0,1.0,1.0,,0.0,1597569.0
IMV-14969,São João d’Aliança,Casa,154.0,3.0,3.0,3.0,37.0,259140.0
IMV-14970,Planaltina,Apartamento,50.0,2.0,1.0,,8.0,156710.0
IMV-14971,São Sebastião,Apartamento,92.0,4.0,2.0,2.0,37.0,220663.0
IMV-14972,Planaltina (GO),Casa,364.0,3.0,3.0,3.0,24.0,712690.0
IMV-14973,Riacho Fundo,Apartamento,138.0,4.0,1.0,1.0,36.0,424054.0
IMV-14974,Noroeste,Apartamento,122.0,4.0,2.0,1.0,5.0,1356713.0
IMV-14975,Vicente Pires,Casa,289.0,4.0,5.0,3.0,22.0,1110693.0
IMV-14976,Cabeceiras,Casa,415.0,5.0,5.0,2.0,24.0,559110.0
IMV-14977,Alexânia,Casa,594.0,4.0,6.0,3.0,,1565020.0
IMV-14978,Padre Bernardo,Casa,368.0,5.0,7.0,2.0,36.0,565291.0
IMV-14979,Luziânia,Casa,560.0,4.0,4.0,3.0,,1197710.0
IMV-14980,Recanto das Emas,Casa,600.0,5.0,6.0,3.0,24.0,1452114.0
IMV-14981,SCIA / Estrutural,Casa,194.0,4.0,6.0,4.0,31.0,345347.0
IMV-14982,Arniqueira,Casa,280.0,3.0,4.0,,12.0,1219733.0
IMV-14983,Riacho Fundo II,Casa,267.0,4.0,6.0,3.0,7.0,884838.0
IMV-14984,Padre Bernardo,Casa,368.0,4.0,5.0,2.0,7.0,681050.0
IMV-14985,Varjão,Casa,320.0,,5.0,4.0,37.0,798901.0
IMV-14986,Riacho Fundo,Casa,,5.0,5.0,4.0,2.0,1170857.0
IMV-14987,Sobradinho II,Casa,533.0,3.0,3.0,3.0,40.0,1431364.0
IMV-14988,Cabeceiras,Casa,367.0,3.0,4.0,3.0,17.0,624215.0
IMV-14989,,Casa,514.0,4.0,5.0,,18.0,2043426.0
IMV-14990,Niquelândia,Casa,,4.0,4.0,2.0,40.0,248044.0
IMV-14991,Arniqueira,Casa,580.0,4.0,5.0,2.0,21.0,2382306.0
IMV-14992,Varjão,Apartamento,94.0,3.0,1.0,1.0,40.0,205479.0
IMV-14993,Alexânia,,387.0,3.0,5.0,4.0,18.0,926398.0
IMV-14994,Noroeste,Apartamento,149.0,4.0,3.0,2.0,,
IMV-14995,Água Fria de Goiás,Casa,431.0,4.0,,3.0,20.0,580115.0
IMV-14996,Flores de Goiás,Casa,408.0,3.0,5.0,3.0,40.0,475714.0
IMV-14997,Itapoã,Apartamento,147.0,3.0,1.0,1.0,0.0,472966.0
IMV-14998,Sudoeste / Octogonal,Apartamento,127.0,4.0,1.0,2.0,27.0,1220108.0
IMV-14999,SIA,Apartamento,176.0,4.0,1.0,1.0,26.0,
IMV-15000,Sobradinho,,552.0,3.0,4.0,,18.0,1773997.0
IMV-15001,Cavalcante,Casa,458.0,5.0,5.0,3.0,13.0,1008639.0
IMV-15002,Samambaia,Apartamento,169.0,4.0,1.0,1.0,22.0,571127.0
IMV-15003,Fercal,Casa,201.0,3.0,3.0,2.0,16.0,338146.0
IMV-15004,Cavalcante,Casa,140.0,3.0,5.0,4.0,36.0,236960.0
IMV-15005,Riacho Fundo,,120.0,1.0,1.0,1.0,14.0,419802.0
IMV-15006,Simolândia,Casa,,3.0,4.0,2.0,10.0,321137.0
IMV-15007,Vicente Pires,Casa,237.0,,5.0,4.0,21.0,839003.0
IMV-15008,Gama,Apartamento,41.0,1.0,1.0,1.0,21.0,147236.0
IMV-15009,Candangolândia,Apartamento,179.0,4.0,4.0,2.0,21.0,715439.0
IMV-15010,Guará,Casa,267.0,5.0,7.0,4.0,,1673326.0
IMV-15011,Barro Alto,Casa,278.0,5.0,5.0,2.0,,451565.0
IMV-15012,Água Fria de Goiás,Casa,499.0,3.0,3.0,2.0,27.0,668197.0
IMV-15013,,Casa,527.0,3.0,3.0,3.0,22.0,1029169.0
IMV-15014,Água Fria de Goiás,Casa,590.0,3.0,4.0,3.0,27.0,789710.0
IMV-15015,Asa Sul,Apartamento,155.0,2.0,2.0,2.0,38.0,1218734.0
IMV-15016,Mimoso de Goiás,Casa,133.0,,7.0,4.0,19.0,138768.0
IMV-15017,Santa Maria,Apartamento,49.0,3.0,2.0,1.0,21.0,
IMV-15018,Paranoá,Apartamento,132.0,1.0,1.0,2.0,30.0,323602.0
IMV-15019,Cristalina,Casa,236.0,3.0,4.0,4.0,22.0,492823.0
IMV-15020,,,429.0,5.0,5.0,4.0,,761639.0
IMV-15021,Cristalina,Casa,235.0,4.0,5.0,3.0,,563866.0
IMV-15022,Recanto das Emas,Casa,352.0,3.0,3.0,4.0,6.0,1065717.0
IMV-15023,Cabeceira Grande,Casa,335.0,5.0,5.0,3.0,8.0,528770.0
IMV-15024,Planaltina (GO),Casa,548.0,3.0,3.0,2.0,14.0,1035672.0
IMV-15025,Ceilândia,,117.0,3.0,2.0,1.0,12.0,336346.0
IMV-15026,Santa Maria,Apartamento,112.0,2.0,1.0,1.0,29.0,263493.0
IMV-15027,Asa Norte,Apartamento,72.0,2.0,,1.0,28.0,549704.0
IMV-15028,Águas Claras,Apartamento,156.0,,1.0,2.0,32.0,942655.0
IMV-15029,Asa Norte,Apartamento,114.0,2.0,1.0,2.0,21.0,980955.0
IMV-15030,SCIA / Estrutural,Apartamento,80.0,1.0,,2.0,15.0,199409.0
IMV-15031,Vicente Pires,Casa,286.0,4.0,5.0,3.0,14.0,973038.0
IMV-15032,Sol Nascente / Pôr do Sol,Casa,342.0,3.0,4.0,3.0,3.0,812225.0
IMV-15033,Ponte Alta,Casa,585.0,3.0,3.0,,15.0,1565897.0
IMV-15034,Valparaíso de Goiás,Apartamento,161.0,3.0,3.0,1.0,31.0,380825.0
IMV-15035,Sol Nascente / Pôr do Sol,Apartamento,165.0,4.0,1.0,2.0,22.0,273053.0
IMV-15036,Cavalcante,Casa,318.0,5.0,5.0,3.0,39.0,527555.0
IMV-15037,Asa Sul,Apartamento,97.0,1.0,1.0,2.0,35.0,766518.0
IMV-15038,Cocalzinho de Goiás,Casa,235.0,,7.0,2.0,20.0,404860.0
IMV-15039,Santa Maria,Casa,218.0,5.0,6.0,2.0,16.0,634666.0
IMV-15040,SIA,Apartamento,65.0,3.0,,0.0,34.0,266652.0
IMV-15041,Sol Nascente / Pôr do Sol,Apartamento,64.0,4.0,3.0,,2.0,170017.0
IMV-15042,Fercal,Casa,311.0,4.0,5.0,2.0,36.0,505647.0
IMV-15043,Gama,Apartamento,,1.0,1.0,0.0,7.0,219599.0
IMV-15044,Alexânia,Casa,269.0,4.0,6.0,4.0,39.0,584642.0
IMV-15045,Águas Claras,Apartamento,115.0,4.0,4.0,2.0,31.0,
IMV-15046,Vila Boa,Casa,244.0,3.0,3.0,4.0,27.0,280406.0
IMV-15047,Jardim Botânico,Casa,312.0,3.0,3.0,4.0,28.0,1582688.0
IMV-15048,Sudoeste / Octogonal,Apartamento,44.0,,,1.0,29.0,335728.0
IMV-15049,Guará,Apartamento,119.0,1.0,1.0,2.0,,557741.0
IMV-15050,Planaltina,Casa,342.0,3.0,3.0,4.0,35.0,676765.0
IMV-15051,Taguatinga,Casa,163.0,5.0,6.0,2.0,7.0,708717.0
IMV-15052,Asa Sul,Apartamento,118.0,1.0,1.0,2.0,8.0,1272980.0
IMV-15053,Lago Norte,Casa,592.0,3.0,3.0,4.0,5.0,6356329.0
IMV-15054,Asa Norte,Apartamento,48.0,4.0,3.0,1.0,8.0,507085.0
IMV-15055,Lago Sul,Casa,586.0,3.0,5.0,2.0,26.0,4661060.0
IMV-15056,Riacho Fundo,Casa,186.0,4.0,5.0,2.0,10.0,587000.0
IMV-15057,SIA,,165.0,,1.0,1.0,6.0,977512.0
IMV-15058,Cristalina,Casa,445.0,4.0,4.0,3.0,23.0,1010033.0
IMV-15059,Park Way,Casa,,4.0,4.0,,30.0,1805975.0
IMV-15060,Cabeceiras,Casa,,4.0,4.0,3.0,38.0,
IMV-15061,Simolândia,Casa,288.0,4.0,4.0,4.0,14.0,430488.0
IMV-15062,Vila Boa,Casa,279.0,3.0,5.0,4.0,14.0,320518.0
IMV-15063,Recanto das Emas,Apartamento,119.0,2.0,2.0,2.0,14.0,310144.0
IMV-15064,Águas Lindas de Goiás,Apartamento,165.0,4.0,,1.0,20.0,361473.0
IMV-15065,Padre Bernardo,Casa,144.0,3.0,4.0,3.0,35.0,233044.0
IMV-15066,Sobradinho II,Casa,203.0,5.0,7.0,4.0,22.0,563361.0
IMV-15067,Gama,Casa,445.0,3.0,3.0,4.0,32.0,1373204.0
IMV-15068,Ceilândia,Apartamento,138.0,2.0,1.0,1.0,32.0,353096.0
IMV-15069,Cavalcante,Casa,245.0,3.0,3.0,4.0,15.0,525663.0
IMV-15070,Park Way,Casa,462.0,4.0,4.0,4.0,35.0,2685021.0
IMV-15071,Ponte Alta,Casa,597.0,,6.0,3.0,25.0,1280626.0
IMV-15072,Pirenópolis,,544.0,4.0,4.0,2.0,33.0,1477475.0
IMV-15073,Lago Norte,Casa,520.0,5.0,5.0,,13.0,4456828.0
IMV-15074,Recanto das Emas,Apartamento,91.0,1.0,1.0,1.0,36.0,233560.0
IMV-15075,Vila Propício,Casa,279.0,3.0,5.0,,6.0,391129.0
IMV-15076,SIA,Apartamento,157.0,4.0,3.0,1.0,39.0,603549.0
IMV-15077,Sol Nascente / Pôr do Sol,Apartamento,79.0,4.0,,2.0,14.0,145815.0
IMV-15078,SCIA / Estrutural,Casa,518.0,4.0,4.0,4.0,18.0,1237784.0
IMV-15079,Alvorada do Norte,Casa,343.0,3.0,3.0,4.0,20.0,519812.0
IMV-15080,Novo Gama,Casa,180.0,3.0,4.0,4.0,14.0,337560.0
IMV-15081,Santo Antônio do Descoberto,Casa,372.0,,4.0,4.0,,798687.0
IMV-15082,,Casa,167.0,,4.0,2.0,36.0,898197.0
IMV-15083,Águas Claras,Apartamento,137.0,4.0,2.0,2.0,8.0,1034526.0
IMV-15084,Riacho Fundo,Apartamento,97.0,3.0,1.0,1.0,29.0,292164.0
IMV-15085,Pirenópolis,Casa,493.0,3.0,5.0,2.0,25.0,1778876.0
IMV-15086,,Casa,377.0,4.0,4.0,4.0,29.0,687734.0
IMV-15087,Padre Bernardo,Casa,577.0,3.0,4.0,3.0,34.0,983945.0
IMV-15088,Alexânia,Casa,439.0,3.0,,3.0,23.0,823132.0
IMV-15089,Paranoá,Apartamento,84.0,3.0,1.0,1.0,17.0,
IMV-15090,Paranoá,Apartamento,76.0,4.0,1.0,2.0,24.0,187207.0
IMV-15091,SCIA / Estrutural,Apartamento,128.0,,1.0,2.0,10.0,324216.0
IMV-15092,Niquelândia,Casa,,5.0,6.0,3.0,33.0,
IMV-15093,Vila Propício,Casa,265.0,3.0,5.0,4.0,36.0,
IMV-15094,Recanto das Emas,Apartamento,107.0,3.0,1.0,1.0,30.0,244471.0
IMV-15095,Alvorada do Norte,Casa,391.0,4.0,4.0,4.0,33.0,446769.0
IMV-15096,Riacho Fundo,Apartamento,73.0,2.0,2.0,1.0,38.0,212903.0
IMV-15097,Guará,Apartamento,49.0,3.0,3.0,0.0,22.0,288821.0
IMV-15098,Itapoã,Casa,293.0,5.0,5.0,4.0,17.0,833546.0
IMV-15099,Fercal,Casa,234.0,3.0,4.0,2.0,7.0,467095.0
IMV-15100,Noroeste,Apartamento,122.0,4.0,1.0,1.0,6.0,1760604.0
IMV-15101,Itapoã,Casa,250.0,4.0,,4.0,1.0,857487.0
IMV-15102,Pirenópolis,Casa,355.0,5.0,5.0,3.0,10.0,1227617.0
IMV-15103,Park Way,Casa,526.0,5.0,5.0,4.0,1.0,3870515.0
IMV-15104,Paranoá,Apartamento,179.0,3.0,2.0,2.0,7.0,574643.0
IMV-15105,Goianésia,Casa,,4.0,5.0,2.0,0.0,713353.0
IMV-15106,Alvorada do Norte,Casa,536.0,5.0,5.0,3.0,5.0,945865.0
IMV-15107,Jardim Botânico,Casa,286.0,3.0,4.0,2.0,4.0,1715651.0
IMV-15108,Riacho Fundo,Apartamento,131.0,2.0,1.0,2.0,20.0,457735.0
IMV-15109,Simolândia,Casa,301.0,3.0,5.0,3.0,2.0,465811.0
IMV-15110,Niquelândia,Casa,169.0,4.0,5.0,4.0,16.0,285722.0
IMV-15111,Sol Nascente / Pôr do Sol,Apartamento,142.0,3.0,3.0,1.0,9.0,
IMV-15112,Vila Propício,Casa,293.0,3.0,4.0,3.0,13.0,396475.0
IMV-15113,Fercal,Casa,,4.0,,3.0,31.0,441796.0
IMV-15114,Pirenópolis,Casa,453.0,5.0,6.0,2.0,14.0,1744327.0
IMV-15115,Asa Sul,,,1.0,1.0,1.0,29.0,1196928.0
IMV-15116,Sobradinho II,Casa,302.0,4.0,5.0,4.0,32.0,829251.0
IMV-15117,Abadiânia,Casa,371.0,4.0,6.0,4.0,7.0,761222.0
IMV-15118,,Casa,261.0,5.0,,4.0,30.0,325087.0
IMV-15119,SIA,Apartamento,48.0,4.0,2.0,0.0,16.0,234860.0
IMV-15120,São João d’Aliança,Casa,286.0,3.0,5.0,4.0,20.0,408994.0
IMV-15121,Varjão,Casa,130.0,5.0,6.0,3.0,17.0,327006.0
IMV-15122,SCIA / Estrutural,Casa,194.0,3.0,3.0,2.0,7.0,
IMV-15123,Pirenópolis,Casa,186.0,5.0,7.0,3.0,37.0,601578.0
IMV-15124,Novo Gama,Casa,288.0,5.0,5.0,4.0,,616131.0
IMV-15125,Sobradinho II,Casa,559.0,4.0,6.0,4.0,13.0,1967997.0
IMV-15126,Riacho Fundo II,Apartamento,138.0,4.0,3.0,1.0,38.0,292186.0
IMV-15127,Planaltina (GO),Casa,214.0,,5.0,3.0,36.0,338849.0
IMV-15128,Núcleo Bandeirante,Casa,321.0,4.0,4.0,4.0,34.0,1134217.0
IMV-15129,Sobradinho,Casa,,5.0,6.0,3.0,37.0,871541.0
IMV-15130,São João d’Aliança,Casa,,3.0,5.0,4.0,33.0,458737.0
IMV-15131,Novo Gama,Casa,377.0,5.0,7.0,3.0,,720760.0
IMV-15132,São João d’Aliança,Casa,206.0,3.0,4.0,3.0,5.0,395268.0
IMV-15133,Alexânia,Casa,560.0,3.0,5.0,3.0,17.0,1449038.0
IMV-15134,26 de Setembro,Casa,,,7.0,3.0,23.0,239854.0
IMV-15135,Varjão,Apartamento,117.0,3.0,1.0,1.0,30.0,320605.0
IMV-15136,Goianésia,Casa,,4.0,4.0,4.0,40.0,862587.0
IMV-15137,Valparaíso de Goiás,Apartamento,,2.0,1.0,1.0,26.0,121535.0
IMV-15138,Ponte Alta,Casa,499.0,4.0,6.0,2.0,33.0,950163.0
IMV-15139,Candangolândia,Casa,204.0,3.0,5.0,2.0,40.0,675793.0
IMV-15140,Cruzeiro,Apartamento,151.0,3.0,3.0,,23.0,855401.0
IMV-15141,Barro Alto,Casa,184.0,5.0,6.0,2.0,27.0,252431.0
IMV-15142,Recanto das Emas,Apartamento,140.0,2.0,2.0,,8.0,409754.0
IMV-15143,Novo Gama,Casa,424.0,4.0,6.0,4.0,34.0,701961.0
IMV-15144,Gama,Apartamento,129.0,1.0,1.0,2.0,23.0,371949.0
IMV-15145,,Casa,355.0,3.0,5.0,3.0,37.0,563336.0
IMV-15146,Águas Lindas de Goiás,Casa,521.0,5.0,7.0,3.0,17.0,977825.0
IMV-15147,Alexânia,Casa,158.0,3.0,3.0,4.0,15.0,384094.0
IMV-15148,Niquelândia,Casa,243.0,4.0,5.0,,36.0,354410.0
IMV-15149,Cruzeiro,Apartamento,75.0,1.0,1.0,2.0,2.0,576002.0
IMV-15150,Park Way,Casa,546.0,3.0,3.0,2.0,33.0,3014734.0
IMV-15151,,Casa,120.0,5.0,6.0,2.0,2.0,289886.0
IMV-15152,Cristalina,Casa,236.0,4.0,4.0,3.0,20.0,562825.0
IMV-15153,Sudoeste / Octogonal,Apartamento,146.0,1.0,1.0,1.0,4.0,1657970.0
IMV-15154,Cabeceiras,Casa,214.0,,5.0,3.0,18.0,354491.0
IMV-15155,Paranoá,Casa,,4.0,4.0,3.0,39.0,894385.0
IMV-15156,Valparaíso de Goiás,Apartamento,52.0,4.0,1.0,,6.0,153966.0
IMV-15157,Candangolândia,Apartamento,149.0,2.0,1.0,2.0,23.0,471027.0
IMV-15158,Cidade Ocidental,Casa,129.0,5.0,6.0,,10.0,300892.0
IMV-15159,Cavalcante,Casa,379.0,5.0,6.0,4.0,29.0,537361.0
IMV-15160,Novo Gama,,164.0,4.0,4.0,2.0,23.0,331774.0
IMV-15161,Planaltina (GO),,350.0,,3.0,2.0,17.0,674755.0
IMV-15162,Recanto das Emas,,,5.0,5.0,3.0,39.0,406293.0
IMV-15163,Abadiânia,Casa,233.0,3.0,3.0,2.0,30.0,406252.0
IMV-15164,Cristalina,Casa,315.0,3.0,4.0,4.0,28.0,650434.0
IMV-15165,Luziânia,Casa,319.0,3.0,5.0,4.0,25.0,564656.0
IMV-15166,Riacho Fundo II,Casa,192.0,4.0,5.0,4.0,2.0,599510.0
IMV-15167,Luziânia,Casa,419.0,4.0,6.0,4.0,2.0,1131950.0
IMV-15168,Samambaia,Apartamento,136.0,2.0,2.0,,28.0,375308.0
IMV-15169,Park Way,Casa,266.0,5.0,5.0,2.0,,1965140.0
IMV-15170,Riacho Fundo II,Casa,136.0,4.0,4.0,4.0,16.0,389076.0
IMV-15171,Park Way,Casa,,4.0,4.0,4.0,33.0,640549.0
IMV-15172,Riacho Fundo II,Casa,393.0,3.0,4.0,2.0,24.0,1055752.0
IMV-15173,Paranoá,Apartamento,148.0,1.0,1.0,,22.0,436365.0
IMV-15174,Candangolândia,,45.0,3.0,3.0,0.0,25.0,144226.0
IMV-15175,Gama,Apartamento,153.0,3.0,3.0,1.0,34.0,495582.0
IMV-15176,Arniqueira,Casa,507.0,5.0,5.0,4.0,31.0,1450888.0
IMV-15177,Vila Propício,Casa,429.0,4.0,5.0,4.0,1.0,581240.0
IMV-15178,São João d’Aliança,Casa,420.0,3.0,3.0,3.0,15.0,
IMV-15179,Ceilândia,Apartamento,86.0,1.0,1.0,1.0,40.0,245785.0
IMV-15180,Sol Nascente / Pôr do Sol,Casa,551.0,5.0,7.0,2.0,34.0,1021328.0
IMV-15181,Varjão,Casa,392.0,3.0,4.0,4.0,18.0,1037484.0
IMV-15182,Cidade Ocidental,Casa,421.0,5.0,6.0,3.0,39.0,800389.0
IMV-15183,26 de Setembro,Casa,376.0,3.0,3.0,3.0,37.0,598071.0
IMV-15184,Flores de Goiás,Casa,530.0,5.0,6.0,4.0,2.0,931705.0
IMV-15185,São Sebastião,Casa,,5.0,6.0,,18.0,1232087.0
IMV-15186,Cruzeiro,Apartamento,79.0,4.0,,2.0,19.0,451320.0
IMV-15187,Sobradinho II,,250.0,3.0,4.0,4.0,3.0,941336.0
IMV-15188,SCIA / Estrutural,Casa,298.0,3.0,5.0,3.0,35.0,
IMV-15189,Arniqueira,Casa,570.0,4.0,5.0,3.0,22.0,2012787.0
IMV-15190,Niquelândia,Casa,517.0,,4.0,3.0,2.0,1010650.0
IMV-15191,Taguatinga,Casa,559.0,5.0,7.0,2.0,2.0,3062579.0
IMV-15192,Cabeceira Grande,Casa,291.0,3.0,3.0,2.0,36.0,340667.0
IMV-15193,SIA,Apartamento,134.0,,1.0,2.0,30.0,524569.0
IMV-15194,Cabeceira Grande,Casa,299.0,4.0,6.0,3.0,26.0,376972.0
IMV-15195,Riacho Fundo II,Casa,293.0,5.0,5.0,3.0,36.0,754909.0
IMV-15196,Flores de Goiás,Casa,306.0,4.0,5.0,3.0,23.0,417298.0
IMV-15197,Candangolândia,Apartamento,99.0,4.0,4.0,1.0,10.0,388235.0
IMV-15198,Cidade Ocidental,Casa,377.0,3.0,4.0,3.0,18.0,984619.0
IMV-15199,Gama,Casa,312.0,3.0,5.0,2.0,26.0,886588.0
IMV-15200,26 de Setembro,Casa,153.0,5.0,7.0,4.0,2.0,387883.0
IMV-15201,Lago Sul,Casa,250.0,5.0,7.0,4.0,33.0,1833625.0
IMV-15202,Sobradinho II,Casa,332.0,,4.0,4.0,22.0,1056253.0
IMV-15203,Águas Claras,Apartamento,151.0,2.0,2.0,1.0,39.0,989087.0
IMV-15204,Sobradinho,Casa,332.0,3.0,4.0,3.0,1.0,1494148.0
IMV-15205,Vila Boa,Casa,292.0,4.0,5.0,2.0,,416749.0
IMV-15206,Águas Claras,Apartamento,119.0,3.0,1.0,2.0,16.0,
IMV-15207,26 de Setembro,Casa,543.0,3.0,5.0,3.0,15.0,1002845.0
IMV-15208,Riacho Fundo II,Casa,587.0,3.0,4.0,3.0,8.0,1565827.0
IMV-15209,Núcleo Bandeirante,Casa,177.0,,5.0,4.0,22.0,690772.0
IMV-15210,Lago Sul,Casa,438.0,5.0,7.0,4.0,15.0,5090824.0
IMV-15211,Riacho Fundo,Casa,199.0,5.0,6.0,4.0,28.0,584240.0
IMV-15212,São Sebastião,Casa,269.0,3.0,4.0,3.0,16.0,821890.0
IMV-15213,Paranoá,Apartamento,101.0,1.0,1.0,2.0,29.0,
IMV-15214,Sol Nascente / Pôr do Sol,,88.0,1.0,1.0,1.0,5.0,207807.0
IMV-15215,Park Way,Casa,132.0,4.0,4.0,4.0,3.0,974255.0
IMV-15216,Mimoso de Goiás,Casa,565.0,5.0,5.0,,34.0,
IMV-15217,Abadiânia,Casa,413.0,3.0,5.0,2.0,6.0,811728.0
IMV-15218,Abadiânia,Casa,548.0,4.0,5.0,3.0,,1104739.0
IMV-15219,Cidade Ocidental,Casa,198.0,3.0,4.0,2.0,26.0,375835.0
IMV-15220,Cavalcante,Casa,,5.0,6.0,2.0,11.0,827490.0
IMV-15221,Lago Sul,Casa,155.0,5.0,6.0,3.0,25.0,1404162.0
IMV-15222,Barro Alto,Casa,577.0,4.0,4.0,3.0,18.0,935275.0
IMV-15223,Santo Antônio do Descoberto,Casa,480.0,5.0,7.0,2.0,,1129093.0
IMV-15224,Simolândia,Casa,259.0,4.0,6.0,2.0,39.0,292871.0
IMV-15225,Águas Lindas de Goiás,Casa,261.0,3.0,5.0,3.0,38.0,526511.0
IMV-15226,Cabeceiras,Casa,513.0,4.0,4.0,4.0,30.0,734418.0
IMV-15227,Planaltina (GO),Casa,599.0,4.0,5.0,4.0,39.0,983980.0
IMV-15228,Barro Alto,Casa,475.0,4.0,5.0,2.0,21.0,675944.0
IMV-15229,Cabeceira Grande,Casa,494.0,5.0,7.0,3.0,5.0,696274.0
IMV-15230,Ceilândia,Casa,546.0,4.0,4.0,2.0,30.0,1626891.0
IMV-15231,Simolândia,Casa,169.0,,4.0,4.0,23.0,196038.0
IMV-15232,Cocalzinho de Goiás,Casa,311.0,4.0,5.0,3.0,27.0,523960.0
IMV-15233,Núcleo Bandeirante,Apartamento,115.0,4.0,3.0,2.0,27.0,445212.0
IMV-15234,Recanto das Emas,Casa,294.0,4.0,4.0,4.0,28.0,778204.0
IMV-15235,Abadiânia,Casa,512.0,4.0,5.0,2.0,26.0,925227.0
IMV-15236,Pirenópolis,Casa,481.0,3.0,4.0,4.0,25.0,1695019.0
IMV-15237,Itapoã,Casa,173.0,3.0,3.0,4.0,10.0,503051.0
IMV-15238,Águas Lindas de Goiás,Apartamento,143.0,2.0,2.0,1.0,26.0,243137.0
IMV-15239,Flores de Goiás,Casa,532.0,3.0,3.0,3.0,7.0,787611.0
IMV-15240,Alexânia,Casa,580.0,5.0,7.0,3.0,33.0,1299176.0
IMV-15241,Sobradinho,Casa,590.0,3.0,3.0,3.0,3.0,2478872.0
IMV-15242,Santa Maria,Apartamento,105.0,3.0,3.0,2.0,20.0,310202.0
IMV-15243,Jardim Botânico,Casa,589.0,5.0,7.0,2.0,9.0,3762299.0
IMV-15244,Itapoã,Casa,140.0,4.0,6.0,3.0,14.0,376217.0
IMV-15245,Planaltina,Apartamento,145.0,4.0,3.0,2.0,19.0,348550.0
IMV-15246,Cocalzinho de Goiás,Casa,,4.0,4.0,2.0,38.0,721877.0
IMV-15247,Cristalina,Casa,574.0,5.0,5.0,3.0,35.0,1074989.0
IMV-15248,Águas Claras,Apartamento,45.0,2.0,1.0,0.0,16.0,295217.0
IMV-15249,Sol Nascente / Pôr do Sol,Apartamento,143.0,,1.0,1.0,25.0,258427.0
IMV-15250,Gama,Casa,196.0,4.0,4.0,2.0,,791107.0
IMV-15251,Noroeste,,85.0,1.0,1.0,2.0,12.0,946266.0
IMV-15252,Água Quente,Casa,523.0,5.0,7.0,,22.0,968567.0
IMV-15253,Sol Nascente / Pôr do Sol,Casa,299.0,4.0,4.0,4.0,13.0,607930.0
IMV-15254,Água Fria de Goiás,Casa,473.0,4.0,5.0,3.0,11.0,680788.0
IMV-15255,,Casa,565.0,4.0,4.0,2.0,1.0,1124894.0
IMV-15256,Asa Norte,Apartamento,57.0,1.0,1.0,1.0,19.0,516505.0
IMV-15257,Cidade Ocidental,Casa,560.0,3.0,3.0,3.0,4.0,1499857.0
IMV-15258,Luziânia,Casa,233.0,3.0,3.0,2.0,11.0,613573.0
IMV-15259,Cabeceiras,Casa,255.0,4.0,6.0,3.0,40.0,326853.0
IMV-15260,Guará,Apartamento,51.0,4.0,1.0,1.0,17.0,269863.0
IMV-15261,Cabeceira Grande,Casa,,5.0,5.0,3.0,37.0,270341.0
IMV-15262,Sudoeste / Octogonal,Apartamento,123.0,2.0,2.0,2.0,27.0,1172838.0
IMV-15263,Mimoso de Goiás,Casa,530.0,3.0,3.0,4.0,22.0,547950.0
IMV-15264,Sobradinho,Casa,250.0,4.0,5.0,3.0,11.0,1110170.0
IMV-15265,Alto Paraíso de Goiás,Casa,256.0,3.0,4.0,3.0,35.0,812146.0
IMV-15266,,Casa,337.0,4.0,4.0,3.0,8.0,1170309.0
IMV-15267,Sudoeste / Octogonal,Apartamento,111.0,2.0,,2.0,28.0,1072886.0
IMV-15268,Cabeceiras,Casa,420.0,4.0,6.0,3.0,24.0,582776.0
IMV-15269,Jardim Botânico,Casa,565.0,5.0,6.0,2.0,8.0,3748237.0
IMV-15270,Ponte Alta,Casa,312.0,3.0,5.0,2.0,7.0,790776.0
IMV-15271,Planaltina (GO),Casa,488.0,3.0,4.0,2.0,,853575.0
IMV-15272,Abadiânia,Casa,313.0,3.0,3.0,3.0,2.0,701570.0
IMV-15273,Fercal,Casa,,5.0,6.0,4.0,22.0,857342.0
IMV-15274,Sudoeste / Octogonal,,89.0,1.0,,2.0,7.0,1077964.0
IMV-15275,Mimoso de Goiás,Casa,295.0,4.0,5.0,2.0,37.0,352947.0
IMV-15276,Cocalzinho de Goiás,Casa,401.0,4.0,,,16.0,863940.0
IMV-15277,Cabeceira Grande,Casa,223.0,3.0,5.0,3.0,20.0,
IMV-15278,Brazlândia,Casa,587.0,4.0,4.0,2.0,12.0,1573729.0
IMV-15279,Riacho Fundo II,Casa,297.0,5.0,7.0,,17.0,
IMV-15280,Mimoso de Goiás,Casa,599.0,3.0,5.0,4.0,21.0,617044.0
IMV-15281,Ceilândia,Casa,,4.0,4.0,3.0,34.0,705244.0
IMV-15282,Cavalcante,Casa,336.0,4.0,5.0,3.0,30.0,
IMV-15283,Flores de Goiás,Casa,337.0,5.0,5.0,2.0,4.0,447727.0
IMV-15284,,Casa,,4.0,5.0,4.0,39.0,394556.0
IMV-15285,Alexânia,Casa,297.0,4.0,5.0,2.0,9.0,670836.0
IMV-15286,Vila Boa,Casa,199.0,4.0,,4.0,26.0,240499.0
IMV-15287,Planaltina (GO),Casa,560.0,,,4.0,37.0,827992.0
IMV-15288,Simolândia,Casa,,5.0,6.0,3.0,1.0,
IMV-15289,Riacho Fundo II,Casa,521.0,3.0,4.0,3.0,16.0,1278276.0
IMV-15290,Alvorada do Norte,Casa,197.0,3.0,5.0,3.0,24.0,278228.0
IMV-15291,Vila Propício,Casa,419.0,5.0,7.0,,6.0,562607.0
IMV-15292,Sobradinho,Casa,401.0,3.0,5.0,3.0,15.0,1582233.0
IMV-15293,Cidade Ocidental,Casa,274.0,5.0,6.0,4.0,23.0,526469.0
IMV-15294,Cabeceiras,Casa,386.0,4.0,6.0,2.0,35.0,530816.0
IMV-15295,São Sebastião,Casa,351.0,5.0,6.0,4.0,2.0,1325540.0
IMV-15296,Água Quente,Casa,496.0,3.0,4.0,,16.0,972887.0
IMV-15297,Taguatinga,Apartamento,150.0,4.0,3.0,2.0,30.0,468529.0
IMV-15298,Alvorada do Norte,Casa,492.0,5.0,6.0,2.0,9.0,750268.0
IMV-15299,Cidade Ocidental,Casa,189.0,5.0,7.0,,,415199.0
IMV-15300,Pirenópolis,Casa,178.0,3.0,3.0,3.0,10.0,762140.0
IMV-15301,Sobradinho,Casa,270.0,3.0,4.0,3.0,28.0,920952.0
IMV-15302,Flores de Goiás,Casa,171.0,4.0,4.0,3.0,21.0,203764.0
IMV-15303,Samambaia,Apartamento,134.0,4.0,4.0,2.0,13.0,543030.0
IMV-15304,Arapoangas,Casa,274.0,4.0,,4.0,37.0,479890.0
IMV-15305,Varjão,Apartamento,112.0,4.0,3.0,2.0,1.0,384376.0
IMV-15306,Samambaia,Apartamento,125.0,3.0,2.0,2.0,19.0,460496.0
IMV-15307,26 de Setembro,Casa,558.0,4.0,4.0,3.0,27.0,1125521.0
IMV-15308,,Casa,430.0,4.0,4.0,3.0,13.0,1982358.0
IMV-15309,Vila Boa,Casa,,4.0,4.0,4.0,27.0,603433.0
IMV-15310,Alvorada do Norte,Casa,178.0,4.0,5.0,4.0,12.0,278582.0
IMV-15311,Pirenópolis,Casa,349.0,4.0,6.0,3.0,30.0,981916.0
IMV-15312,Cavalcante,Casa,341.0,5.0,6.0,2.0,8.0,803518.0
IMV-15313,Novo Gama,Casa,595.0,5.0,7.0,4.0,11.0,1361777.0
IMV-15314,Riacho Fundo II,Casa,362.0,3.0,4.0,3.0,7.0,1078349.0
IMV-15315,Jardim Botânico,Casa,181.0,3.0,4.0,2.0,36.0,715307.0
IMV-15316,Goianésia,Casa,230.0,4.0,4.0,,0.0,512777.0
IMV-15317,Padre Bernardo,Casa,249.0,3.0,3.0,2.0,32.0,417136.0
IMV-15318,Simolândia,Casa,137.0,3.0,4.0,4.0,8.0,195697.0
IMV-15319,Santa Maria,Casa,227.0,4.0,4.0,4.0,25.0,655143.0
IMV-15320,Barro Alto,Casa,,4.0,4.0,3.0,37.0,575310.0
IMV-15321,Cabeceiras,Casa,234.0,4.0,5.0,2.0,22.0,312238.0
IMV-15322,Mimoso de Goiás,Casa,401.0,3.0,4.0,3.0,5.0,622676.0
IMV-15323,Águas Claras,Apartamento,53.0,2.0,2.0,1.0,6.0,469761.0
IMV-15324,Abadiânia,Casa,253.0,5.0,5.0,,16.0,465101.0
IMV-15325,Goianésia,Casa,294.0,,5.0,2.0,37.0,548726.0
IMV-15326,Cavalcante,Casa,516.0,4.0,4.0,4.0,21.0,814833.0
IMV-15327,Riacho Fundo II,Apartamento,92.0,4.0,4.0,1.0,36.0,230549.0
IMV-15328,Sobradinho,Casa,540.0,5.0,6.0,3.0,38.0,1580488.0
IMV-15329,Núcleo Bandeirante,Apartamento,155.0,3.0,2.0,2.0,19.0,528828.0
IMV-15330,Sobradinho,Casa,241.0,4.0,,4.0,17.0,995768.0
IMV-15331,Lago Norte,Casa,381.0,5.0,5.0,3.0,33.0,3044728.0
IMV-15332,Alto Paraíso de Goiás,Casa,324.0,3.0,3.0,3.0,4.0,1338828.0
IMV-15333,Goianésia,Casa,579.0,3.0,5.0,4.0,1.0,1487181.0
IMV-15334,Fercal,Casa,320.0,,7.0,4.0,33.0,461621.0
IMV-15335,Recanto das Emas,Casa,358.0,4.0,5.0,2.0,4.0,1129534.0
IMV-15336,Cruzeiro,Apartamento,67.0,4.0,1.0,0.0,0.0,460300.0
IMV-15337,Pirenópolis,Casa,219.0,5.0,5.0,2.0,26.0,639077.0
IMV-15338,Alto Paraíso de Goiás,Casa,203.0,,4.0,2.0,3.0,837097.0
IMV-15339,Valparaíso de Goiás,Apartamento,67.0,3.0,2.0,0.0,9.0,188057.0
IMV-15340,Santo Antônio do Descoberto,Casa,479.0,5.0,5.0,4.0,31.0,833173.0
IMV-15341,Águas Claras,Apartamento,69.0,1.0,1.0,1.0,16.0,561068.0
IMV-15342,Cocalzinho de Goiás,Casa,200.0,5.0,5.0,2.0,35.0,311207.0
IMV-15343,Simolândia,Casa,376.0,5.0,6.0,4.0,34.0,386185.0
IMV-15344,Asa Norte,Apartamento,108.0,1.0,1.0,2.0,21.0,800049.0
IMV-15345,26 de Setembro,Casa,560.0,4.0,5.0,4.0,6.0,1323845.0
IMV-15346,Luziânia,Casa,272.0,3.0,4.0,4.0,20.0,580230.0
IMV-15347,Itapoã,Casa,238.0,5.0,6.0,4.0,32.0,443912.0
IMV-15348,Fercal,Casa,327.0,5.0,5.0,2.0,26.0,543254.0
IMV-15349,Samambaia,Apartamento,90.0,3.0,2.0,2.0,12.0,369786.0
IMV-15350,Arapoangas,Casa,492.0,5.0,5.0,3.0,17.0,1048466.0
IMV-15351,SIA,,153.0,2.0,,2.0,26.0,587262.0
IMV-15352,Alexânia,Casa,296.0,3.0,3.0,3.0,25.0,610961.0
IMV-15353,26 de Setembro,Casa,417.0,4.0,6.0,4.0,39.0,665495.0
IMV-15354,Vicente Pires,Casa,122.0,3.0,5.0,2.0,,488374.0
IMV-15355,,Apartamento,179.0,3.0,3.0,1.0,15.0,458607.0
IMV-15356,Noroeste,,107.0,2.0,1.0,1.0,18.0,1227685.0
IMV-15357,Ponte Alta,Casa,139.0,5.0,7.0,3.0,10.0,
IMV-15358,Ceilândia,Casa,192.0,4.0,5.0,2.0,35.0,
IMV-15359,Cruzeiro,Apartamento,43.0,3.0,1.0,0.0,2.0,299914.0
IMV-15360,Sol Nascente / Pôr do Sol,,342.0,5.0,5.0,4.0,14.0,720267.0
IMV-15361,Noroeste,Apartamento,,2.0,1.0,1.0,27.0,
IMV-15362,Mimoso de Goiás,Casa,398.0,4.0,5.0,2.0,37.0,456899.0
IMV-15363,Simolândia,Casa,431.0,5.0,5.0,4.0,,603945.0
IMV-15364,Asa Sul,Apartamento,112.0,3.0,2.0,,,833491.0
IMV-15365,Água Fria de Goiás,Casa,566.0,5.0,6.0,2.0,36.0,762048.0
IMV-15366,Goianésia,,465.0,5.0,5.0,2.0,32.0,939028.0
IMV-15367,SIA,Apartamento,99.0,3.0,2.0,2.0,7.0,513838.0
IMV-15368,,Casa,138.0,5.0,,4.0,11.0,937915.0
IMV-15369,Lago Sul,Casa,470.0,5.0,6.0,3.0,20.0,4389266.0
IMV-15370,Vila Propício,Casa,458.0,3.0,,2.0,35.0,460271.0
IMV-15371,Cavalcante,Casa,407.0,3.0,,2.0,19.0,686144.0
IMV-15372,Barro Alto,Casa,530.0,4.0,5.0,3.0,3.0,1007982.0
IMV-15373,,Casa,261.0,4.0,6.0,2.0,35.0,742460.0
IMV-15374,Novo Gama,Casa,490.0,5.0,7.0,3.0,0.0,1086186.0
IMV-15375,Sobradinho,Casa,207.0,5.0,6.0,2.0,31.0,688375.0
IMV-15376,Sol Nascente / Pôr do Sol,Apartamento,,2.0,2.0,1.0,,119167.0
IMV-15377,Cocalzinho de Goiás,Casa,579.0,4.0,6.0,2.0,3.0,1167479.0
IMV-15378,Água Quente,Casa,330.0,3.0,,4.0,8.0,658142.0
IMV-15379,Varjão,Casa,292.0,3.0,5.0,2.0,36.0,613036.0
IMV-15380,Santo Antônio do Descoberto,Casa,575.0,5.0,6.0,2.0,31.0,1021324.0
IMV-15381,SIA,Apartamento,178.0,3.0,3.0,1.0,30.0,661656.0
IMV-15382,Água Quente,Casa,130.0,3.0,3.0,4.0,30.0,216202.0
IMV-15383,Ponte Alta,Casa,368.0,5.0,,4.0,29.0,703590.0
IMV-15384,Novo Gama,,577.0,5.0,7.0,4.0,1.0,1620182.0
IMV-15385,Candangolândia,Casa,497.0,3.0,5.0,4.0,17.0,2083820.0
IMV-15386,Água Fria de Goiás,Casa,567.0,3.0,3.0,,4.0,942729.0
IMV-15387,Cidade Ocidental,Casa,463.0,3.0,4.0,4.0,27.0,1021010.0
IMV-15388,Gama,Casa,549.0,3.0,,2.0,,1987450.0
IMV-15389,,Casa,517.0,4.0,5.0,4.0,22.0,
IMV-15390,Riacho Fundo,Apartamento,140.0,3.0,3.0,2.0,4.0,460607.0
IMV-15391,Cidade Ocidental,Casa,,4.0,5.0,4.0,36.0,981196.0
IMV-15392,Vicente Pires,Casa,527.0,5.0,,3.0,13.0,1971527.0
IMV-15393,Sudoeste / Octogonal,Apartamento,149.0,2.0,2.0,1.0,35.0,1275500.0
IMV-15394,Flores de Goiás,Casa,268.0,5.0,6.0,3.0,13.0,362005.0
IMV-15395,Águas Lindas de Goiás,Casa,459.0,3.0,4.0,3.0,3.0,1044614.0
IMV-15396,Vicente Pires,Casa,245.0,3.0,3.0,3.0,35.0,660147.0
IMV-15397,Fercal,Casa,435.0,5.0,,4.0,29.0,621674.0
IMV-15398,Cristalina,Casa,183.0,5.0,6.0,4.0,29.0,454183.0
IMV-15399,Padre Bernardo,Casa,548.0,5.0,5.0,,27.0,904949.0
IMV-15400,,Casa,452.0,4.0,6.0,2.0,18.0,843838.0
IMV-15401,Santo Antônio do Descoberto,Casa,227.0,3.0,3.0,4.0,2.0,487559.0
IMV-15402,Sol Nascente / Pôr do Sol,Apartamento,158.0,2.0,2.0,2.0,10.0,304551.0
IMV-15403,São João d’Aliança,Casa,520.0,3.0,3.0,4.0,17.0,820352.0
IMV-15404,Vila Propício,Casa,358.0,5.0,5.0,2.0,,576428.0
IMV-15405,Formosa,Casa,410.0,5.0,7.0,4.0,,995953.0
IMV-15406,Samambaia,Apartamento,145.0,2.0,1.0,2.0,13.0,487403.0
IMV-15407,Arniqueira,Casa,,3.0,3.0,2.0,9.0,2089292.0
IMV-15408,Cocalzinho de Goiás,Casa,332.0,5.0,6.0,3.0,16.0,725525.0
IMV-15409,Lago Sul,Casa,403.0,5.0,7.0,2.0,38.0,3193343.0
IMV-15410,São João d’Aliança,Casa,215.0,3.0,5.0,4.0,22.0,354651.0
IMV-15411,Água Quente,Casa,418.0,,5.0,2.0,27.0,552246.0
IMV-15412,Mimoso de Goiás,Casa,506.0,5.0,7.0,3.0,12.0,709006.0
IMV-15413,Taguatinga,Casa,128.0,3.0,5.0,2.0,28.0,467226.0
IMV-15414,26 de Setembro,Casa,217.0,4.0,,2.0,18.0,477070.0
IMV-15415,Lago Sul,Casa,494.0,,5.0,3.0,37.0,3737664.0
IMV-15416,Sobradinho,Casa,456.0,4.0,6.0,4.0,21.0,1511832.0
IMV-15417,SIA,Apartamento,118.0,3.0,3.0,2.0,1.0,558100.0
IMV-15418,Varjão,Apartamento,43.0,1.0,1.0,0.0,39.0,
IMV-15419,Vila Boa,Casa,432.0,3.0,3.0,4.0,29.0,418451.0
IMV-15420,Alto Paraíso de Goiás,Casa,248.0,3.0,4.0,2.0,32.0,717305.0
IMV-15421,Noroeste,Apartamento,91.0,3.0,3.0,2.0,36.0,811760.0
IMV-15422,Alto Paraíso de Goiás,Casa,510.0,3.0,3.0,4.0,35.0,1578240.0
IMV-15423,Lago Sul,Casa,262.0,5.0,5.0,2.0,25.0,2290571.0
IMV-15424,,Casa,156.0,3.0,3.0,4.0,34.0,366405.0
IMV-15425,Asa Norte,,116.0,2.0,1.0,2.0,10.0,1110344.0
IMV-15426,Riacho Fundo,Casa,289.0,5.0,6.0,4.0,,851432.0
IMV-15427,Lago Sul,Casa,595.0,5.0,6.0,,15.0,5275426.0
IMV-15428,Planaltina (GO),Casa,361.0,4.0,5.0,3.0,17.0,617978.0
IMV-15429,Jardim Botânico,Casa,505.0,4.0,6.0,4.0,0.0,
IMV-15430,,Casa,543.0,3.0,4.0,2.0,35.0,4853140.0
IMV-15431,Águas Claras,Apartamento,49.0,4.0,4.0,1.0,2.0,415645.0
IMV-15432,Guará,Casa,563.0,4.0,5.0,2.0,,2488503.0
IMV-15433,,Casa,,4.0,6.0,2.0,30.0,647504.0
IMV-15434,Fercal,Casa,576.0,3.0,3.0,3.0,2.0,1096033.0
IMV-15435,Cidade Ocidental,Casa,576.0,,3.0,3.0,,1453761.0
IMV-15436,Jardim Botânico,Casa,175.0,5.0,5.0,4.0,21.0,846954.0
IMV-15437,,Apartamento,83.0,2.0,,2.0,18.0,191410.0
IMV-15438,Recanto das Emas,Casa,,4.0,6.0,2.0,16.0,785545.0
IMV-15439,Sudoeste / Octogonal,Apartamento,178.0,4.0,2.0,2.0,38.0,1496828.0
IMV-15440,,Casa,272.0,5.0,6.0,3.0,13.0,647752.0
IMV-15441,Arniqueira,Casa,254.0,5.0,6.0,2.0,5.0,1022830.0
IMV-15442,Alvorada do Norte,Casa,399.0,4.0,6.0,4.0,1.0,691652.0
IMV-15443,Formosa,Casa,127.0,3.0,5.0,2.0,17.0,373535.0
IMV-15444,Núcleo Bandeirante,Casa,456.0,3.0,3.0,4.0,2.0,2511630.0
IMV-15445,Cruzeiro,Apartamento,77.0,4.0,4.0,2.0,30.0,405311.0
IMV-15446,Cocalzinho de Goiás,Casa,123.0,4.0,5.0,3.0,24.0,196875.0
IMV-15447,,Casa,361.0,3.0,3.0,3.0,32.0,638183.0
IMV-15448,Abadiânia,Casa,,5.0,5.0,2.0,17.0,
IMV-15449,Cabeceira Grande,Casa,163.0,4.0,5.0,4.0,11.0,253150.0
IMV-15450,Ponte Alta,Casa,352.0,5.0,6.0,2.0,30.0,763337.0
IMV-15451,Sobradinho,Casa,124.0,,4.0,2.0,6.0,587140.0
IMV-15452,Candangolândia,Casa,286.0,4.0,6.0,4.0,13.0,1209139.0
IMV-15453,Sobradinho,Casa,256.0,4.0,4.0,2.0,32.0,689731.0
IMV-15454,Goianésia,Casa,371.0,4.0,6.0,4.0,6.0,948674.0
IMV-15455,Santo Antônio do Descoberto,Casa,176.0,5.0,5.0,4.0,14.0,374091.0
IMV-15456,Alvorada do Norte,Casa,164.0,3.0,4.0,3.0,39.0,194613.0
IMV-15457,Luziânia,Casa,304.0,3.0,5.0,,,543611.0
IMV-15458,Sobradinho II,Casa,489.0,4.0,4.0,2.0,24.0,1578949.0
IMV-15459,Alexânia,Casa,590.0,,6.0,4.0,30.0,1093599.0
IMV-15460,Santa Maria,Apartamento,105.0,4.0,2.0,2.0,35.0,222961.0
IMV-15461,Noroeste,Apartamento,88.0,1.0,1.0,1.0,22.0,942438.0
IMV-15462,Gama,Apartamento,85.0,1.0,1.0,1.0,28.0,241884.0
IMV-15463,Cristalina,Casa,392.0,3.0,5.0,3.0,6.0,1118499.0
IMV-15464,Vila Propício,,294.0,,,2.0,40.0,338263.0
IMV-15465,Lago Sul,Casa,494.0,3.0,3.0,2.0,,4092279.0
IMV-15466,Vila Boa,Casa,408.0,,7.0,3.0,23.0,481332.0
IMV-15467,Águas Claras,Apartamento,91.0,3.0,2.0,2.0,2.0,854466.0
IMV-15468,Padre Bernardo,Casa,572.0,3.0,4.0,3.0,22.0,1111799.0
IMV-15469,Abadiânia,Casa,455.0,3.0,5.0,4.0,5.0,1040926.0
IMV-15470,Fercal,Casa,337.0,5.0,6.0,3.0,23.0,541148.0
IMV-15471,Sol Nascente / Pôr do Sol,Apartamento,132.0,,2.0,1.0,23.0,268097.0
IMV-15472,Park Way,Casa,307.0,3.0,5.0,2.0,27.0,2066266.0
IMV-15473,Gama,Casa,462.0,4.0,6.0,4.0,14.0,1916662.0
IMV-15474,Planaltina (GO),Casa,147.0,3.0,3.0,2.0,,302817.0
IMV-15475,Valparaíso de Goiás,Apartamento,119.0,1.0,1.0,2.0,4.0,400711.0
IMV-15476,Ponte Alta,Casa,265.0,4.0,4.0,,11.0,737328.0
IMV-15477,Ceilândia,Casa,474.0,5.0,5.0,3.0,2.0,1750619.0
IMV-15478,Goianésia,Casa,268.0,4.0,5.0,4.0,26.0,449194.0
IMV-15479,Cruzeiro,Apartamento,,4.0,,1.0,2.0,600722.0
IMV-15480,Taguatinga,Casa,126.0,4.0,5.0,4.0,23.0,504558.0
IMV-15481,Ceilândia,Casa,552.0,4.0,5.0,3.0,8.0,1654068.0
IMV-15482,São João d’Aliança,Casa,298.0,3.0,,4.0,26.0,517683.0
IMV-15483,Paranoá,Casa,170.0,4.0,6.0,3.0,,499167.0
IMV-15484,Vila Boa,Casa,460.0,3.0,4.0,4.0,9.0,609564.0
IMV-15485,Itapoã,Casa,473.0,5.0,6.0,3.0,25.0,1059874.0
IMV-15486,Alto Paraíso de Goiás,Casa,495.0,4.0,6.0,2.0,32.0,1654221.0
IMV-15487,Flores de Goiás,Casa,122.0,,7.0,2.0,31.0,150990.0
IMV-15488,SCIA / Estrutural,,366.0,3.0,4.0,2.0,35.0,
IMV-15489,,Casa,272.0,5.0,5.0,3.0,27.0,863185.0
IMV-15490,SCIA / Estrutural,,122.0,4.0,4.0,2.0,38.0,190568.0
IMV-15491,Sudoeste / Octogonal,Apartamento,85.0,1.0,1.0,2.0,1.0,1151652.0
IMV-15492,Guará,Casa,449.0,4.0,6.0,4.0,18.0,2269363.0
IMV-15493,,Casa,156.0,3.0,3.0,4.0,40.0,309165.0
IMV-15494,Sobradinho II,Casa,336.0,3.0,4.0,4.0,2.0,1274062.0
IMV-15495,Mimoso de Goiás,Casa,244.0,4.0,5.0,4.0,25.0,
IMV-15496,Ponte Alta,Casa,138.0,5.0,5.0,4.0,12.0,361266.0
IMV-15497,SCIA / Estrutural,Casa,344.0,4.0,4.0,2.0,13.0,869754.0
IMV-15498,Vila Propício,Casa,215.0,4.0,5.0,3.0,14.0,269744.0
IMV-15499,Santo Antônio do Descoberto,Casa,519.0,4.0,5.0,3.0,23.0,994973.0
